sku,loja_sync,last_update,id_bling,nome_bling,situacao_bling,ncm_bling,saldo_loja,saldo_full
MLB2715347850,Multimarcas,30/04/2026 16:11,16613795828,"Bomba D'agua Solar, Aquario, Alta Pressão 12v/24v Dc 19w Mo",A,,0.0,0.0
MLB2715330273,Multimarcas,30/04/2026 16:11,16613795809,"Bomba D'agua Solar, Aquario, Alta Pressão 12v Dc 19w Mo",A,,0.0,0.0
MLB1181512611,Multimarcas,30/04/2026 16:11,16613795773,"Bomba D'agua Solar, Aquario, Alta Pressão 12v/24v Dc 19w",A,,0.0,0.0
1617,Multimarcas,30/04/2026 16:11,16612342294,Kit Botão Câmbio Honda Accord 94 À 02 Com Mola 54132s84a81za,A,,0.0,0.0
309.1,Multimarcas,30/04/2026 16:11,16608652906,Válvula Reguladora 9109-930a Usada,A,,0.0,0.0
shopee-250-k,Multimarcas,30/04/2026 16:11,16604799239,Tampa Parachoque Esguicho Farol Azera ( Par ),A,,99.0,102.0
008-K,Multimarcas,30/04/2026 16:11,16597660232,Base + Antena para Carros 1087087,A,,0.0,0.0
484-2,Multimarcas,30/04/2026 16:11,16563460497,"Cadeira de escritório azul, Material: Metal e Plástico, Caixa de papelão",A,,15.0,0.0
484-1,Multimarcas,30/04/2026 16:11,16563459473,"Cadeira de escritório preta, Material: Metal e Plástico, caixa de papelão",A,,12.0,0.0
479-K5,Multimarcas,30/04/2026 16:11,16536850133,5 Mochila Flexível Anti-incêndio 20l,A,,0.0,0.0
479-K3,Multimarcas,30/04/2026 16:11,16536850052,3 Mochila Flexível Anti-incêndio 20l,A,,0.0,0.0
479-K,Multimarcas,30/04/2026 16:11,16536849894,2 Mochila Flexível Anti-incêndio 20l,A,,0.0,0.0
307-K,Multimarcas,30/04/2026 16:11,16508868111,Carcaça Válvula Termostática + Chicote + Sensor 308 3008 408 C4 Ds3 1.6 Thp,A,,20.0,0.0
307-2,Multimarcas,30/04/2026 16:11,16508866362,Chicote da Carcaça Válvula Termostática 308 3008 408 C4 Ds3 1.6 Thp,A,,43.0,0.0
008-1,Multimarcas,30/04/2026 16:11,16498592773,Antena para Carros 1087087,A,,130.0,0.0
008-Kitt,Multimarcas,30/04/2026 16:11,16498212232,Base + Antena para Carros 1087087,A,,0.0,0.0
94-4,Multimarcas,30/04/2026 16:11,16491683564,Emblema Lateral VW Logo: Fumê,A,,0.0,0.0
480,Multimarcas,30/04/2026 16:11,16444748802,"Motor Redutor Motoredutor 12v,  ZD2560R-12V, 40RPM",A,,3.0,1.0
482,Multimarcas,30/04/2026 16:11,16444746939,"Motor Redutor Motoredutor 12v ZD2560R-12V, 60RPM",A,,0.0,100.0
481,Multimarcas,30/04/2026 16:11,16444745851,"Motor Redutor Motoredutor 12v, ZD2560R-12V, 20RPM",A,,3.0,2.0
477,Multimarcas,30/04/2026 16:11,16444743051,Motor 12v Dc 90 Rpm Com Caixa De Redução 90rpm ZDS1510L,A,,0.0,0.0
475,Multimarcas,30/04/2026 16:11,16444741656,"Motor Redutor Motoredutor 24v Dc 160 Rpm 100501924, Sinomore motor: ZD2802, 24V 160RPM",A,,0.0,101.0
476,Multimarcas,30/04/2026 16:11,16444741172,Motor 12v Dc 45 Rpm Com Caixa De Redução 45rpm,A,,0.0,2.0
474,Multimarcas,30/04/2026 16:11,16444646439,"Motor Redutor Motoredutor 24v Dc 82 Rpm (100501924, Sinomore motor: ZD2802, 24V 82RPM)",A,,21.0,0.0
423-2,Multimarcas,30/04/2026 16:11,16375815438,Proteção Farol BMW1200 Fumê,A,,77.0,5.0
479,Multimarcas,30/04/2026 16:11,16371838569,Mochila Flexível Anti-incêndio 20l,A,,0.0,0.0
447,Multimarcas,30/04/2026 16:11,16371834403,Porta Luvas Polo Maçaneta Puxador Acionador 2003 A 2014 Vw,A,,0.0,0.0
471,Multimarcas,30/04/2026 16:11,16371830809,Painel Digital Completo Honda Cg 160 Fan 2018 2019 2020,A,,6.0,0.0
469,Multimarcas,30/04/2026 16:11,16371824986,Atuador Inteligente Wifi Válvula Registro Água E Gás Alexa,A,,0.0,0.0
420,Multimarcas,30/04/2026 16:11,16348599554,Brake Light Luz Freio Traseiro P/ Vw Polo Hatch 6QE945097,A,,5.0,15.0
468,Multimarcas,30/04/2026 16:11,16347056477,Comando Vidro Elétrico 935701s005,A,,0.0,0.0
467,Multimarcas,30/04/2026 16:11,16347049972,Valvula Diafragma Peugeot E Citroen Thp Flex 308 C4 3008,A,,0.0,2.0
462,Multimarcas,30/04/2026 16:11,16346991899,Sensor Terminal Polo Bateria Fiat Toro Freemont Jeep Compas,A,,4.0,4.0
435-K,Multimarcas,30/04/2026 16:11,16321508252,Par Pisca Retrovisor Hyundai Ix35,A,,0.0,2.0
308-1,Multimarcas,30/04/2026 16:11,16304832276,Capa Maçaneta cromada para Toyota Corolla 2015 Á 2019,A,,5.0,0.0
465,Multimarcas,30/04/2026 16:11,16294413441,Adaptador de Mergulho Primeiro Estágio,A,,0.0,0.0
442,Multimarcas,30/04/2026 16:11,16277340006,Macaco Pneumático Tipo Bolsa 3 Gomos - 3 Toneladas,A,,197.0,0.0
414,Multimarcas,30/04/2026 16:11,16259957684,Creme Clareador Natural Manchas Variadas E Melasma,A,,0.0,0.0
434,Multimarcas,30/04/2026 16:11,16257679220,Atuador Motor Trava Fechadura Porta Malas Ecosport 2013-2020,A,,3.0,3.0
407-2,Multimarcas,30/04/2026 16:11,16236632264,Relógio Temperatura Umidade Termo-higrômetro Digital,A,,0.0,0.0
407-1,Multimarcas,30/04/2026 16:11,16187352828,Sensor De Temperatura E Umidade Wi-fi - Alexa E Google Home de MESA,A,,0.0,0.0
322-34,Multimarcas,30/04/2026 16:11,16187348903,Coroa Unica 32 34 36 38 Dentes Narrow Wide Bcd 104mm,A,,1.0,0.0
435-2,Multimarcas,30/04/2026 16:11,16183949463,Pisca Retrovisor Hyundai Ix35 Lado Esquerdo,A,,9.0,4.0
435-1,Multimarcas,30/04/2026 16:11,16183947085,Pisca Retrovisor Hyundai Ix35 Lado Direito,A,,0.0,2.0
313-K,Multimarcas,30/04/2026 16:11,16130807392,Kit Esteira Trilho Alavanca da tração e câmbio Pajero Full,A,,1.0,0.0
313-1,Multimarcas,30/04/2026 16:11,16130806809,Esteira Trilho Alavanca da tração Pajero Full,A,,7.0,0.0
364,Multimarcas,30/04/2026 16:11,16118528004,Adaptador Sem Fio Wireless Qi Indução Receptor Universal,A,,0.0,0.0
ICMS ST,Multimarcas,30/04/2026 16:11,16118525648,Complemento de ICMS ST,A,,0.0,0.0
239,Multimarcas,30/04/2026 16:11,16118524889,Olho De Gato Refletor Para-choque Traseiro Bmw 320i,A,,0.0,0.0
4-2,Multimarcas,30/04/2026 16:11,16100343238,Manopla Marcha Cambio  2008 2013 Preta 6 machas,A,,0.0,0.0
423,Multimarcas,30/04/2026 16:11,16099067230,Protetor De Farol Bmw R1200gs R1250gs Lc Policarbonato,A,,42.0,2.0
257-1,Multimarcas,30/04/2026 16:11,16096779962,Botão Vidro Eletrico 9065451913,A,,93.0,3.0
320-1,Multimarcas,30/04/2026 16:11,16060435095,Par Lâmpada Xenon Hid D1s 8000k,A,,0.0,0.0
417,Multimarcas,30/04/2026 16:11,16025973833,Radiador De Arrefecimento 1301100U8160,A,,0.0,0.0
178-K,Multimarcas,30/04/2026 16:11,15994974936,Ponteira Escapamento Cromada Inox (Par),A,,0.0,0.0
415,Multimarcas,30/04/2026 16:11,15986843031,Tela Touch Screen Multimídia A211216702,A,,1.0,100.0
416,Multimarcas,30/04/2026 16:11,15982194125,Friso Cromado Moldura Grade Civic,A,,0.0,0.0
413,Multimarcas,30/04/2026 16:11,15964386765,Válvula Reguladora de Pressão - 3/4 Deckas 9666,A,,0.0,0.0
271,Multimarcas,30/04/2026 16:11,15960917214,Mangueira Ar Quente Superior Citroen 6466tz,A,,0.0,0.0
351,Multimarcas,30/04/2026 16:11,15959362361,Bóia Sensor Nivel Combustível Tanque Outlander,A,,0.0,0.0
412,Multimarcas,30/04/2026 16:11,15959152903,Enxada Rotativa Aradora Para Roçadeiras 360mm ST178,A,,0.0,0.0
411,Multimarcas,30/04/2026 16:11,15959152902,Carburador PZ19 CB0005G,A,,0.0,0.0
368,Multimarcas,30/04/2026 16:11,15950917866,Atuador Marcha Lenta Toyota Corolla 1.8 16v 2002 2008,A,,0.0,101.0
350-1,Multimarcas,30/04/2026 16:11,15950561314,Tapete De Água Inflável Atividades Almofada Infantil Bebê Sem borda,A,,0.0,0.0
302,Multimarcas,30/04/2026 16:11,15949899738,Scanner Automotivo Konnwei Kw903 Bluetooth Obd2 Can-bus Pe,A,,0.0,1.0
237,Multimarcas,30/04/2026 16:11,15949855616,Reator Farol Lampada Xenon D3s A2229003300 Q04,A,,0.0,0.0
280-K,Multimarcas,30/04/2026 16:11,15948913921,Retentor Do Comando De Valvulas 55563374 2un,A,,4.0,52.0
19-1,Multimarcas,30/04/2026 16:11,15948454163,Manopla De Câmbio Automático,A,,0.0,0.0
384,Multimarcas,30/04/2026 16:11,15948448582,Mangueira Intercooler Turbina 144635X02B 144635X00B 144635X04B,A,,0.0,0.0
399,Multimarcas,30/04/2026 16:11,15948448581,Radiador 20S-12461-01-00,A,,0.0,0.0
32-K,Multimarcas,30/04/2026 16:11,15948448580,Radiador Honda Cb 600 Hornet 2005 2006 2007 + Cebolinha,A,,0.0,0.0
160-K,Multimarcas,30/04/2026 16:11,15948448579,Acessórios Ponteira Escapamento PAR,A,,0.0,0.0
70-K,Multimarcas,30/04/2026 16:11,15948448578,70 Roda Livre Automatica Original Par,A,,38.0,67.0
124,Multimarcas,30/04/2026 16:11,15948448577,Espanta Cachorro Repelente Eletrônico Preto,A,,0.0,113.0
18,Multimarcas,30/04/2026 16:11,15948448575,Gasolina Bomba Gasolina 0986580951,A,,0.0,1.0
124-1,Multimarcas,30/04/2026 16:11,15948448574,Aparelho Anti Latido Ultrasonico Apito Adestramento Cães,A,,1.0,104.0
Mini Bomba,Multimarcas,30/04/2026 16:11,15948448572,Mini Bomba D'água,A,,0.0,0.0
160,Multimarcas,30/04/2026 16:11,15948448571,Acessórios Ponteira Escapamento S,A,,0.0,0.0
32,Multimarcas,30/04/2026 16:11,15948448570,Radiador Honda Cb 600 Hornet 2005 2006 2007,A,,0.0,0.0
53,Multimarcas,30/04/2026 16:11,15948448569,Mangueira Filtro Ar Tbi Sentra 2.0 2007 2008 DECKAS,A,,139.0,1.0
002,Multimarcas,30/04/2026 16:11,15948448568,Tampa Portinhola Tanque Combustivel Ford Focus 2009 a 2013,A,,0.0,0.0
001,Multimarcas,30/04/2026 16:11,15948448567,Cebolão Do Radiador Sensor Temperatura,A,,91.0,120.0
46,Multimarcas,30/04/2026 16:11,15948448566,Sensor Pressão Do Pneu Tpms Gm Captiva Camaro Malibu,A,,55.0,24.0
70,Multimarcas,30/04/2026 16:11,15948448565,Roda Livre Automatica Original Frontier - 2.8 40260-1s700,A,,77.0,135.0
410,Multimarcas,30/04/2026 16:11,15948288045,Mangueira Filtro De Ar Tbi 17225-r1a-a01,A,,38.0,108.0
305-K,Multimarcas,30/04/2026 16:11,15948288044,Led Parafuso Olho De Águia Carro Moto 18mm - 1 Par,A,,0.0,0.0
305,Multimarcas,30/04/2026 16:11,15948288043,Led Parafuso Olho De Águia Carro Moto 18mm,A,,0.0,0.0
408,Multimarcas,30/04/2026 16:11,15948288042,Kit 415 Presilhas Grampos Fixadores Automotivo Carro + Chave,A,,0.0,0.0
409,Multimarcas,30/04/2026 16:11,15948288040,Adaptador Receptor Wireless Usb Wi-fi 5ghz Dual Band,A,,0.0,0.0
407,Multimarcas,30/04/2026 16:11,15948288039,Sensor De Temperatura E Umidade Wi-fi - Alexa E Google Home,A,,0.0,1.0
396,Multimarcas,30/04/2026 16:11,15948288038,Kit 100 Presilhas Grampos Fixadores Carro Veiculo Parabarro GN1667,A,,39.0,106.0
406,Multimarcas,30/04/2026 16:11,15948288037,Tampa Combustível Z750 Z800 Z1000,A,,0.0,1.0
404,Multimarcas,30/04/2026 16:11,15948288036,Mangueira De Retorno Dos Bicos A6460700932 6460700932,A,,0.0,0.0
402,Multimarcas,30/04/2026 16:11,15948288035,Botão Comando 6554.WA,A,,0.0,100.0
401,Multimarcas,30/04/2026 16:11,15948288034,Botão Comando 98053439,A,,29.0,101.0
403,Multimarcas,30/04/2026 16:11,15948288033,Comando Botão Vidro Eletrico  20455317,A,,0.0,1.0
405,Multimarcas,30/04/2026 16:11,15948288032,Botão Vidro Eletrico 94728492,A,,0.0,4.0
397,Multimarcas,30/04/2026 16:11,15948288031,Kit 100 Presilhas Grampos Fixadores Carro Veiculo Parabarro Com Caixa GN1667,A,,28.0,101.0
398,Multimarcas,30/04/2026 16:11,15948288030,Botão Comando Vidro 254000015r,A,,0.0,100.0
395,Multimarcas,30/04/2026 16:11,15948288029,Filtro da Bomba de Combustível 3M519h307LP,A,,0.0,0.0
392-K,Multimarcas,30/04/2026 16:11,15948288028,Par Amortecedor Tampa Da Caçamba Traseira Gun125 2016 2022,A,,0.0,100.0
392,Multimarcas,30/04/2026 16:11,15948288027,Amortecedor Tampa Da Caçamba Traseira Gun125 2016 2022,A,,0.0,0.0
365,Multimarcas,30/04/2026 16:11,15948288026,Flange Da Bomba Combustivel Tampa Focus 2.0 16v,A,,0.0,100.0
391,Multimarcas,30/04/2026 16:11,15948288025,Ventosa Manual 200kg,A,,11.0,1.0
394,Multimarcas,30/04/2026 16:11,15948288024,Trava Presília Mangueira Intercooler,A,,0.0,0.0
393,Multimarcas,30/04/2026 16:11,15948288023,Anel Vedação Da Mangueira Intercooler,A,,0.0,0.0
306-K,Multimarcas,30/04/2026 16:11,15948288022,Led Parafuso Olho De Águia Carro Moto 23mm - 1 Par,A,,0.0,0.0
336,Multimarcas,30/04/2026 16:11,15948288021,Botão Start Stop Bmw Preto Red 120i 320 M135 M235 M240 M2 M3,A,,0.0,0.0
379-4,Multimarcas,30/04/2026 16:11,15948288020,Trava Mangueira Intercooler (Menor),A,,1.0,3.0
379-3,Multimarcas,30/04/2026 16:11,15948287973,Anéis + Travas Da Mangueira intercooler,A,,0.0,0.0
382,Multimarcas,30/04/2026 16:11,15948287972,Bomba Combustível Motor Popa 397839 395091,A,,7.0,125.0
385-4-K,Multimarcas,30/04/2026 16:11,15948287971,Par Luz Subaquática Submarina 42 Leds 12v Barcos Lanchas Iates Azul,A,,61.0,51.0
385,Multimarcas,30/04/2026 16:11,15948287970,Luz Subaquática Submarina 42 Leds 12v Barcos Lanchas Iates,A,,0.0,0.0
381,Multimarcas,30/04/2026 16:11,15948287969,Painel Elétrico 6 Chaves Usb Tomada Voltímetro Lancha Barco,A,,0.0,0.0
380,Multimarcas,30/04/2026 16:11,15948287968,"Painel Elétrico 5 Chaves 2 Usb Com Voltímetro Para Carro, Barco, Iate, Trailer, Caminhão",A,,0.0,54.0
377-2-K4,Multimarcas,30/04/2026 16:11,15948287966,4 Luz Lâmpada Subaquática 27 Leds Super Potência Barco Lancha,A,,3.0,23.0
377-K,Multimarcas,30/04/2026 16:11,15948287965,2 Luz Lâmpada Subaquática 27 Leds Super Potência Barco Lancha,A,,0.0,0.0
377,Multimarcas,30/04/2026 16:11,15948287964,Luz Lâmpada Subaquática 27 Leds Super Potência Barco Lancha,A,,0.0,0.0
375,Multimarcas,30/04/2026 16:11,15948287963,Seta Pisca Retrovisor 87613-2P000-FC 87623-2P000-FC,A,,0.0,0.0
376,Multimarcas,30/04/2026 16:11,15948287962,Bobina Ignição Motor Popa Mercury Optimax Efi 300-879984t01 339-879984t00,A,,10.0,0.0
371,Multimarcas,30/04/2026 16:11,15948287961,Tampa + Flange Conexão Radiador,A,,0.0,0.0
372,Multimarcas,30/04/2026 16:11,15948287960,Tubo Conexão Mangueira 55116901AA,A,,6.0,0.0
373,Multimarcas,30/04/2026 16:11,15948287959,Carcaça E Válvula Termostática 68003582AB 4884569AB 68003582AA,A,,0.0,0.0
379-5,Multimarcas,30/04/2026 16:11,15948287958,Kit Anéis Presilhas Mangueira Intercooler,A,,0.0,0.0
379-2,Multimarcas,30/04/2026 16:11,15948287956,Presilhas Mangueira Intercooler,A,,1.0,1.0
379-1,Multimarcas,30/04/2026 16:11,15948287955,Kit Anéis Vedação Da Mangueira Intercooler,A,,0.0,0.0
374-K,Multimarcas,30/04/2026 16:11,15948287954,Grade De Luz De Nevoeiro Inferior ( Par ),A,,0.0,0.0
374,Multimarcas,30/04/2026 16:11,15948287953,Grade De Luz De Nevoeiro Inferior,A,,0.0,0.0
361,Multimarcas,30/04/2026 16:11,15948287952,Display Satlink Tela Lcd,A,,1.0,0.0
367-K,Multimarcas,30/04/2026 16:11,15948287951,Par Roda Livre Manual Gptrend Ford Ranger 4x4,A,,9.0,58.0
367,Multimarcas,30/04/2026 16:11,15948287950,Roda Livre Manual Gptrend Ford Ranger 4x4,A,,18.0,116.0
369,Multimarcas,30/04/2026 16:11,15948287949,Tubo Bypass Bomba De Agua 68211200AC,A,,0.0,0.0
366,Multimarcas,30/04/2026 16:11,15948287948,Display Lcd Tela Do Painel Computador Bordo,A,,0.0,0.0
362,Multimarcas,30/04/2026 16:11,15948287947,Flange Da Bomba Combustivel Tampa Focus 2.0 16v 3 Pçs,A,,0.0,0.0
363,Multimarcas,30/04/2026 16:11,15948287945,Botão multifuncional de controle de volante,A,,0.0,1.0
357,Multimarcas,30/04/2026 16:11,15948287944,Super Broca Helicoidal P/ Solo Terra Jardim Espiral Metal,A,,35.0,104.0
358,Multimarcas,30/04/2026 16:11,15948287943,Caneta Pencil Stylus 1.0mm,A,,26.0,3.0
355,Multimarcas,30/04/2026 16:11,15948287942,Botão Vidro Elétrico Sprinter,A,,0.0,0.0
353,Multimarcas,30/04/2026 16:11,15948287941,Filtro Haldex Tiguan 4 Motion  Para Audi Q3 Tiguan Passat,A,,3.0,0.0
346,Multimarcas,30/04/2026 16:11,15948287940,Anel Vedação Completo Resfriador Trocador Journey 3.6 Ate 13,A,,5.0,1.0
354,Multimarcas,30/04/2026 16:11,15948287939,Sensor Nivel Combustivel Pajero,A,,34.0,0.0
349,Multimarcas,30/04/2026 16:11,15948287937,Moldura Ponteira Escapamento Amg W205 Glc,A,,0.0,0.0
360,Multimarcas,30/04/2026 16:11,15948287936,Retentor Virabrequim Lado Volante Honda Civic 92-06,A,,64.0,0.0
344-K,Multimarcas,30/04/2026 16:11,15948287935,Roda Livre F250 2006 Até 2011 1c3z3b396cb,A,,31.0,58.0
347,Multimarcas,30/04/2026 16:11,15948287934,Anel Vedação Retentor Resfriador Dodge Journey Jeep,A,,7.0,0.0
344,Multimarcas,30/04/2026 16:11,15948287933,Roda Livre F250 2006 Até 2011 1c3z3b396cb,A,,62.0,116.0
345,Multimarcas,30/04/2026 16:11,15948287932,Testador Teste Faísca De Vela Ignição Motor Carro Moto Barco,A,,0.0,103.0
331-K,Multimarcas,30/04/2026 16:11,15948287931,Par Cinto Anti Alarme Jetta Adaptador Cinto Segurança,A,,0.0,0.0
333-K,Multimarcas,30/04/2026 16:11,15948287930,Par Cinto Anti Alarme Mitsubishi Pajero Adaptador Cinto Segurança,A,,0.0,0.0
332-K,Multimarcas,30/04/2026 16:11,15948287929,Par Cinto Anti Alarme Golf Adaptador Cinto Segurança,A,,0.0,0.0
333,Multimarcas,30/04/2026 16:11,15948287928,Cinto Anti Alarme Mitsubishi Pajero Adaptador Cinto Segurança,A,,0.0,0.0
332,Multimarcas,30/04/2026 16:11,15948287927,Cinto Anti Alarme Golf Adaptador Cinto Segurança,A,,0.0,0.0
343,Multimarcas,30/04/2026 16:11,15948287926,Sensor Medidor Nivel Combustivel Tanque,A,,4.0,4.0
342,Multimarcas,30/04/2026 16:11,15948287925,Marcador Medidor Sensor Nível Combustível Digital Universal,A,,0.0,0.0
341,Multimarcas,30/04/2026 16:11,15948287924,Filtro Combustivel 16127233840,A,,32.0,104.0
324,Multimarcas,30/04/2026 16:11,15948287923,Tampa Filtro Ar Condicionado,A,,0.0,0.0
337,Multimarcas,30/04/2026 16:11,15948287922,Valvula Controle Comando 06H109257C,A,,0.0,100.0
318,Multimarcas,30/04/2026 16:11,15948287921,Fechadura Trava Tranca Tampa Porta Malas Hb20s Sedan 2016,A,,88.0,114.0
327,Multimarcas,30/04/2026 16:11,15948287920,Flange De Água Cabeçote Alumínio,A,,0.0,0.0
325,Multimarcas,30/04/2026 16:11,15948287919,Tampa Amortecedor,A,,0.0,0.0
315-K,Multimarcas,30/04/2026 16:11,15948287918,Cinto Anti Alarme Toyota Corolla Adaptador Cinto (Par),A,,0.0,0.0
331,Multimarcas,30/04/2026 16:11,15948287917,Cinto Anti Alarme Jetta Adaptador Cinto Segurança,A,,0.0,0.0
326,Multimarcas,30/04/2026 16:11,15948287915,Difusor Ar Console Central Original,A,,17.0,0.0
316,Multimarcas,30/04/2026 16:11,15948287914,Sensor Direção Hidráulica  497610324r,A,,0.0,0.0
321-K,Multimarcas,30/04/2026 16:11,15948287913,Spoiler Parachoque Par,A,,0.0,100.0
321,Multimarcas,30/04/2026 16:11,15948287911,Spoiler Parachoque,A,,0.0,0.0
319,Multimarcas,30/04/2026 16:11,15948287910,Cilindro Atuador Hidráulico Embreagem Meriva Easytronic,A,,0.0,100.0
315,Multimarcas,30/04/2026 16:11,15948287909,Cinto Anti Alarme Toyota Corolla Adaptador Cinto,A,,1.0,0.0
320,Multimarcas,30/04/2026 16:11,15948287908,Par Lâmpada Xenon Hid D1s 6000k,A,,0.0,99.0
313,Multimarcas,30/04/2026 16:11,15948287907,Esteira Trilho Alavanca Câmbio 8015a066,A,,1.0,100.0
312,Multimarcas,30/04/2026 16:11,15948287905,Esteira Do Câmbio Automático 4at,A,,0.0,2.0
314-K,Multimarcas,30/04/2026 16:11,15948287904,Acessórios Hilux Cinto De Segurança Anti Som Par,A,,0.0,0.0
314,Multimarcas,30/04/2026 16:11,15948287903,Acessórios Hilux Cinto De Segurança Anti Som,A,,1.0,0.0
310,Multimarcas,30/04/2026 16:11,15948287902,Medidor Fluxo Ar 13800-65D00,A,,4.0,2.0
308,Multimarcas,30/04/2026 16:11,15948287901,Filete Maçaneta Toyota Corolla 2015 Á 2019,A,,0.0,0.0
303,Multimarcas,30/04/2026 16:11,15948287900,Válvula Acionamento Diferencial Diant Diafragma S10 Blazer,A,,0.0,0.0
307-1,Multimarcas,30/04/2026 16:11,15948287899,Carcaça Válvula Termostática 308 3008 408 C4 Ds3 1.6 Thp,A,,20.0,100.0
299,Multimarcas,30/04/2026 16:11,15948287898,Chave Interruptora,A,,0.0,0.0
298-K,Multimarcas,30/04/2026 16:11,15948287897,Par Brucutu Esguicho Para Brisas 986302E100,A,,112.0,141.0
297-K,Multimarcas,30/04/2026 16:11,15948287896,Par Esguicho Agua Brucutu Cruze 2012 2013 2014 2015 2016,A,,203.0,54.0
306,Multimarcas,30/04/2026 16:11,15948287894,Led Parafuso Olho De Águia Carro Moto 23mm,A,,0.0,0.0
294,Multimarcas,30/04/2026 16:11,15948287893,Tubo Cano Óleo Retorno Turbina Peugeot Thp 1613571980 037989,A,,9.0,0.0
291,Multimarcas,30/04/2026 16:11,15948287891,Placa De Fusíveis Bateria Peugeot 3008 C4 Picasso 6500gr,A,,0.0,0.0
295,Multimarcas,30/04/2026 16:11,15948287890,Bomba De Vácuo Para Peugeot E Citroen Thp 1.6 16v Turbo 3008,A,,0.0,4.0
292,Multimarcas,30/04/2026 16:11,15948287889,Sensor Oleo Citroen Picasso Peugeot 307 308 407 408 2.0 16v,A,,13.0,103.0
352,Multimarcas,30/04/2026 16:11,15948287888,Comando Botao Vidro Eletrico Sprinter 311/ 415/ 515 3 Plugs,A,,31.0,103.0
158-1,Multimarcas,30/04/2026 16:11,15948271205,Sensor Pressão Flauta 0281002908,A,,0.0,0.0
275-19,Multimarcas,30/04/2026 16:11,15948271204,Puxador Interno Porta Bmw 528i 535i 550i M5 Oyster,A,,19.0,0.0
99-1,Multimarcas,30/04/2026 16:11,15948271203,Calibrador Sincronizador Sensor Tpms EL-50448,A,,2.0,130.0
241-1,Multimarcas,30/04/2026 16:11,15948271202,Suporte Celular BMW Gs1200 1250 F850 Xr 1000 Por Indução,A,,6.0,10.0
219-K6,Multimarcas,30/04/2026 16:11,15948271201,Jogo 6 Velas Ignição SILZKR7B11,A,,0.0,0.0
170-K4,Multimarcas,30/04/2026 16:11,15948271200,Jogo De Velas Ignição 4un 9091901164,A,,0.0,1.0
44-K4,Multimarcas,30/04/2026 16:11,15948271199,Jogo 4 Vela Ignição Iridium Izfr6h11,A,,0.0,0.0
149-K4,Multimarcas,30/04/2026 16:11,15948271198,Jogo Velas de Ignição Ngk Iridium Lzfr6ai Airtrek Outlander 2.4,A,,0.0,0.0
Pilha,Multimarcas,30/04/2026 16:11,15948271197,Pilha Palito AAA,A,,6.0,0.0
129-3,Multimarcas,30/04/2026 16:11,15948271196,Scanner Parede Detector Tubo Cano Água Pvc Madeira Fio Metal Com Pilhas,A,,0.0,0.0
254-3,Multimarcas,30/04/2026 16:11,15948271195,Bomba Combustivel Gasolina AH22-9H307-AB Sem Filtro,A,,0.0,0.0
J237-K4,Multimarcas,30/04/2026 16:11,15948271194,Capa Cortina Proteção Solar Janela Carro 4 UN,A,,0.0,0.0
J237-K,Multimarcas,30/04/2026 16:11,15948271193,Capa Cortina Proteção Solar Janela Carro 2 UN,A,,0.0,0.0
222-2,Multimarcas,30/04/2026 16:11,15948271192,Pisca Seta Retrovisor Carona Motorista Lado: Esquerdo,A,,3.0,0.0
222-1,Multimarcas,30/04/2026 16:11,15948271191,Pisca Seta Retrovisor Carona Motorista Lado: Direito,A,,0.0,0.0
198-4,Multimarcas,30/04/2026 16:11,15948271190,Maçaneta Externa Kia Sorento 82650-3e010 Traseira Esquerda,A,,20.0,100.0
198-3,Multimarcas,30/04/2026 16:11,15948271189,Maçaneta Externa Kia Sorento 82650-3e010 Traseira Direita,A,,11.0,0.0
198-2,Multimarcas,30/04/2026 16:11,15948271188,Maçaneta Externa Kia Sorento 82650-3e010 Dianteira Esquerda,A,,15.0,100.0
198-1,Multimarcas,30/04/2026 16:11,15948271187,Maçaneta Externa Kia Sorento 82650-3e010 Dianteira Direita,A,,0.0,100.0
189,Multimarcas,30/04/2026 16:11,15948271186,Amortecedor Mola Gás Tampa Caçamba,A,,0.0,0.0
147,Multimarcas,30/04/2026 16:11,15948271185,Vela 1262054,A,,0.0,0.0
250-K,Multimarcas,30/04/2026 16:11,15948271184,Tampa Parachoque Esguicho Farol Azera ( Par ),A,,99.0,102.0
238-K,Multimarcas,30/04/2026 16:11,15948271183,Tela Grade Para Choque Dianteiro Jeep Renegade 735618579l 735618580r Par,A,,1.0,1.0
272-K8,Multimarcas,30/04/2026 16:11,15948271181,Filtro Peneira Eixo Balanceador (8pçs),A,,0.0,2.0
272-K4,Multimarcas,30/04/2026 16:11,15948271180,Filtro Peneira Eixo Balanceador (4pçs),A,,0.0,4.0
219-K4,Multimarcas,30/04/2026 16:11,15948271179,Jogo 4 Velas Ignição SILZKR7B11,A,,0.0,0.0
252-K,Multimarcas,30/04/2026 16:11,15948271178,Tampa Lavador Esguicho Farol Focus 2014a 2015,A,,8.0,104.0
221,Multimarcas,30/04/2026 16:11,15948271177,Placa Do Led Lanterna b003809.2,A,,119.0,102.0
230-K,Multimarcas,30/04/2026 16:11,15948271176,Tampa Esguicho Parachoque 61677211209 (Par),A,,0.0,108.0
222-K,Multimarcas,30/04/2026 16:11,15948271175,Pisca Seta Retrovisor Carona Motorista Lado (Par Direito esquerdo),A,,0.0,0.0
169-K,Multimarcas,30/04/2026 16:11,15948271174,Válvulas Bico Esportivo Para Pneu De Moto 90 Graus (Par),A,,0.0,103.0
167-K,Multimarcas,30/04/2026 16:11,15948271172,Válvula Extensor Bico Pneu Moto Carro Bike 90 Grau Reforçado (2 Unidades),A,,0.0,3.0
151,Multimarcas,30/04/2026 16:11,15948271171,Vela Ignição Bmw Iiridium ZR5TPP33 (1 Unidade),A,,0.0,0.0
220,Multimarcas,30/04/2026 16:11,15948271169,Vela Ignição Platinium Santa Fé 2.7 2001-2006 Ilfr5b11 (1 Unidades),A,,0.0,0.0
195-K,Multimarcas,30/04/2026 16:11,15948271168,Par Lâmpada Xenon D4s 6000k 35w,A,,20.0,55.0
152-K6,Multimarcas,30/04/2026 16:11,15948271167,06 Velas Ignição Pfr5n11 Platinun,A,,5.0,17.0
189-K,Multimarcas,30/04/2026 16:11,15948271166,Par Amortecedor Mola Gás Tampa Caçamba (Par),A,,13.0,102.0
60-K4,Multimarcas,30/04/2026 16:11,15948271165,Emblema Lateral Bmw F800 Gs 1200 Aluminium 4 Und,A,,0.0,0.0
81-K,Multimarcas,30/04/2026 16:11,15948271163,Par Lampada Xenon D4r 35w 6000k,A,,2.0,51.0
27-K,Multimarcas,30/04/2026 16:11,15948271162,Engrenagem Caixa De Transferencia Bmw X3 3.0 KIT (Preta+Branca) 27107566296 8473227771,A,,0.0,0.0
16,Multimarcas,30/04/2026 16:11,15948271161,Cebolão Interruptor Ventoinha 37760P00003,A,,0.0,111.0
286,Multimarcas,30/04/2026 16:11,15948271159,Válvula De Nível Do Banco Pneumático 20443641,A,,0.0,109.0
290,Multimarcas,30/04/2026 16:11,15948271156,"Caixa Bsm Peugeot 206, 207, 307 1.4 E 1.6 - Nova E Original",A,,9.0,142.0
289,Multimarcas,30/04/2026 16:11,15948271155,Medidor De Fluxo Ar 7 Pinos Mitsubishi Pajero Tr4 2.0 16v,A,,0.0,0.0
287,Multimarcas,30/04/2026 16:11,15948271154,Medidor Fluxo De Ar Pajero Tr4 Io E5t08471 Md343605 Original,A,,48.0,101.0
285,Multimarcas,30/04/2026 16:11,15948271153,Comando Vidro Eletrico Kia Sorento 2009 A 2013,A,,2.0,101.0
278,Multimarcas,30/04/2026 16:11,15948271152,Mangueira De Entrada De Ar 2700900382,A,,37.0,0.0
283,Multimarcas,30/04/2026 16:11,15948271151,Sensor Rotação Frontier 2.5 Diesel 16v 949979-033 23731ec00a,A,,0.0,0.0
282,Multimarcas,30/04/2026 16:11,15948271150,Roda Fonica Ssangyong Actyon Kyron Rexton Korando 4151009000,A,,9.0,100.0
274,Multimarcas,30/04/2026 16:11,15948271149,Sensor Temperatura Ar Condicionado 97143-1m000,A,,3.0,101.0
276,Multimarcas,30/04/2026 16:11,15948271148,Comando Vidro Elétrico Kia Sorento 2011 A 2014 ( 2 Auto ),A,,75.0,0.0
279,Multimarcas,30/04/2026 16:11,15948271147,Mangueira De Entrada De Ar Mercedes A200 B200 Cla E Gla,A,,0.0,0.0
277,Multimarcas,30/04/2026 16:11,15948271146,Mangueira Filtro Ar Tbi 2710900982 2710900682,A,,9.0,100.0
232,Multimarcas,30/04/2026 16:11,15948271145,Par Puxador Porta Bmw 320i 328i F30 2013 Á 2017,A,,0.0,0.0
281,Multimarcas,30/04/2026 16:11,15948271144,Válvula Do Vácuo Coletor Admissão Cruze Sonic Track 55568437,A,,0.0,0.0
280,Multimarcas,30/04/2026 16:11,15948271143,Retentor Do Comando De Valvulas 55563374,A,,8.0,104.0
275-5,Multimarcas,30/04/2026 16:11,15948271142,Puxador Interno Porta Bmw 528i 535i 550i M5 Bege,A,,23.0,102.0
272,Multimarcas,30/04/2026 16:11,15948271141,Filtro Peneira Eixo Balanceador,A,,3.0,16.0
273,Multimarcas,30/04/2026 16:11,15948271140,Comando Botão Vidro Eletrico Ford Ranger 2012 2013 2014 2015,A,,100.0,100.0
23,Multimarcas,30/04/2026 16:11,15948271139,"Piloto Automático Controle De Velocidade Focus Mk2,5",A,,15.0,3.0
270,Multimarcas,30/04/2026 16:11,15948271138,Mangueira Ar Quente Inferior 6466XV,A,,0.0,0.0
264,Multimarcas,30/04/2026 16:11,15948271137,Cebolinha Direção Hidarulica 575353k00,A,,0.0,0.0
107-1,Multimarcas,30/04/2026 16:11,15948271136,Manopla Bola Câmbio Manual 6 Marchas,A,,96.0,100.0
129,Multimarcas,30/04/2026 16:11,15948271135,Scanner Parede Detector Tubo Cano Água Pvc Madeira Fio Metal,A,,0.0,0.0
008,Multimarcas,30/04/2026 16:11,15948271134,Base Para Antena De Carros 1087087,A,,0.0,90.0
268,Multimarcas,30/04/2026 16:11,15948271133,Emblema Logo Estrela Capo A2108800186,A,,0.0,5.0
127,Multimarcas,30/04/2026 16:11,15948271132,Vibrador Duplo U C Clitóris Controle Casal Tipo We-vibe Usb,A,,0.0,0.0
266-K,Multimarcas,30/04/2026 16:11,15948271131,Led Placa T10 led w5w 194 led 3014 24smd,A,,0.0,0.0
259,Multimarcas,30/04/2026 16:11,15948271130,Moldura Aplique Braço Retrovisor Jeep Compass,A,,0.0,0.0
258,Multimarcas,30/04/2026 16:11,15948271088,Capas Cromadas Maçanetas 4 Portas E Tampa Mala Dodge Ram 2500,A,,0.0,0.0
31,Multimarcas,30/04/2026 16:11,15948271086,Difusor Duto Ar Mitsubishi Lancer,A,,0.0,0.0
194-K,Multimarcas,30/04/2026 16:11,15948271085,Fita Par Led Flexível Fina Sequencial Farol Drl 60 Cm Carro,A,,30.0,0.0
20,Multimarcas,30/04/2026 16:11,15948271083,Sensor Nível Combustível 3m519a299aa,A,,62.0,104.0
257,Multimarcas,30/04/2026 16:11,15948271082,Botão Vidro Eletrico 9065451913,A,,95.0,7.0
246,Multimarcas,30/04/2026 16:11,15948271078,Esteira Cambio 8699465,A,,12.0,0.0
254,Multimarcas,30/04/2026 16:11,15948271077,Bomba Combustivel Gasolina AH22-9H307-AB,A,,0.0,0.0
256,Multimarcas,30/04/2026 16:11,15948271075,Snow Foam Esguicho Shampoozeira Lavagem Cera Reservatório,A,,30.0,0.0
252,Multimarcas,30/04/2026 16:11,15948271074,Tampa Lavador Esguicho Farol Focus 2014a 2015,A,,0.0,0.0
52,Multimarcas,30/04/2026 16:11,15948271072,Motor Partida Ktm 55140001000,A,,0.0,0.0
250,Multimarcas,30/04/2026 16:11,15948271070,Tampa Parachoque Esguicho Farol Azera,A,,0.0,0.0
244,Multimarcas,30/04/2026 16:11,15948271069,Tampa Combustível 3 4,A,,0.0,0.0
199,Multimarcas,30/04/2026 16:11,15948271065,Atuador Marcha Lenta 22270,A,,2.0,100.0
231-1,Multimarcas,30/04/2026 16:11,15948271064,Botão Comando Freio Mão Honda Hrv 2015 A 2019,A,,1.0,5.0
241,Multimarcas,30/04/2026 16:11,15948271063,Suporte Celular BMW Gps R 1200 R 1250 Gs F 850 F 800,A,,39.0,117.0
245,Multimarcas,30/04/2026 16:11,15948271062,Esteira Câmbio Automático 6q0713273a,A,,80.0,101.0
207,Multimarcas,30/04/2026 16:11,15948271061,Coleira Com Controle Adestramento Som Vibração Choque Remoto,A,,0.0,0.0
251,Multimarcas,30/04/2026 16:11,15948271059,Bico Aspersor Nebulizador Irrigação Pulverização Regulável,A,,126.0,103.0
116,Multimarcas,30/04/2026 16:11,15948271058,Mangueira Retorno Reservatório Água Cruze Tracker 2012 À 2016,A,,94.0,110.0
242,Multimarcas,30/04/2026 16:11,15948271055,Selim Banco Acento Aranha Tipo Fibra De Carbono Speed Ou Mtb,A,,0.0,0.0
243,Multimarcas,30/04/2026 16:11,15948271054,Sensor De Pressão Do Óleo 1997 - 2000,A,,0.0,0.0
238,Multimarcas,30/04/2026 16:11,15948271053,Tela Grade Para Choque Dianteiro Jeep Renegade 735618579l 735618580r,A,,0.0,0.0
230,Multimarcas,30/04/2026 16:11,15948271052,Tampa Esguicho Parachoque 61677211209,A,,0.0,0.0
60,Multimarcas,30/04/2026 16:11,15948271050,Emblema Lateral Bmw F800 Gs 1200 Aluminium 1 Und,A,,0.0,0.0
236,Multimarcas,30/04/2026 16:11,15948271049,Resistência Ventoinha 9673999980,A,,0.0,101.0
228,Multimarcas,30/04/2026 16:11,15948271048,Farol Lanterna Traseira Pisca Moto Custom Race Fita 48 Leds,A,,0.0,0.0
200,Multimarcas,30/04/2026 16:11,15948271047,Display (lcd) Velocímetro Painel Titanium,A,,0.0,104.0
220-K6,Multimarcas,30/04/2026 16:11,15948271045,Vela Ignição Platinium Santa Fé 2.7 2001-2006 Ilfr5b11 (6 Unidades),A,,0.0,0.0
231,Multimarcas,30/04/2026 16:11,15948271044,Botão Freio De Mão Hrv 2015 2016 2017 2020 Original Honda,A,,195.0,101.0
218,Multimarcas,30/04/2026 16:11,15948271043,Esquadro Digital Laser Grau Laser Nível Horizontal Vertical,A,,0.0,0.0
214,Multimarcas,30/04/2026 16:11,15948271042,Comutador De Ignição 931102d000,A,,0.0,103.0
151-K6,Multimarcas,30/04/2026 16:11,15948271040,Jogo Vela Ignição Bmw Iiridium ZR5TPP33 (6 Unidades),A,,0.0,0.0
178,Multimarcas,30/04/2026 16:11,15948271038,Ponteira Escapamento Cromada Inox,A,,0.0,0.0
219,Multimarcas,30/04/2026 16:11,15948271037,Velas Ignição Hyundai Original SILZKR7B11,A,,0.0,0.0
190,Multimarcas,30/04/2026 16:11,15948271036,Reservatório Carvão Ativo Canister 1K0201797AE,A,,0.0,0.0
188,Multimarcas,30/04/2026 16:11,15948271035,Kit Junta Da Bomba De Vácuo New Beetle - 07k145215a,A,,0.0,0.0
187,Multimarcas,30/04/2026 16:11,15948271034,Sensor De Pressão Map Coletor 0281002573,A,,19.0,4.0
173,Multimarcas,30/04/2026 16:11,15948271032,Modulo Ventoinha 1k0959455,A,,35.0,0.0
170,Multimarcas,30/04/2026 16:11,15948271031,Vela Ignição 9091901164,A,,0.0,4.0
152,Multimarcas,30/04/2026 16:11,15948271030,Vela Ignição Pfr5n11 Platinun,A,,32.0,106.0
154,Multimarcas,30/04/2026 16:11,15948271029,Sensor Pressão Map Turbina Mr577031,A,,0.0,0.0
158,Multimarcas,30/04/2026 16:11,15948271027,Sensor Pressao Rail Flauta Master 2.5 0281002908 0281002734,A,,0.0,0.0
149,Multimarcas,30/04/2026 16:11,15948271026,Velas de Ignição Ngk Iridium Lzfr6ai Airtrek Outlander 2.4,A,,0.0,0.0
155,Multimarcas,30/04/2026 16:11,15948271025,Novo Bateria Auxiliar  a2059053414,A,,0.0,0.0
146,Multimarcas,30/04/2026 16:11,15948271024,Cabo Adaptador Hub Usb Type 3 Portas,A,,0.0,0.0
150,Multimarcas,30/04/2026 16:11,15948271022,Tampa Reservatório Água 13502353,A,,0.0,101.0
141,Multimarcas,30/04/2026 16:11,15948271021,Adaptador Hub Rede 2usb-c Hdmi,A,,27.0,101.0
139,Multimarcas,30/04/2026 16:11,15948271020,Sensor Map Cummins Bosch 0281002576,A,,0.0,0.0
134,Multimarcas,30/04/2026 16:11,15948271019,Mangueira De Retorno Dos Bicos Sprinter 415/515 Original A6510700132,A,,0.0,0.0
137,Multimarcas,30/04/2026 16:11,15948271018,Valvula Reguladora Pressao Rail Flauta 1110010028,A,,0.0,0.0
126,Multimarcas,30/04/2026 16:11,15948271016,Vibrador U C Clitóris Casal Recarregável Usb Tipo We-vibe,A,,0.0,0.0
115,Multimarcas,30/04/2026 16:11,15948271015,Tubo Saída Corpo Borboleta Tbi  55559353,A,,37.0,0.0
153,Multimarcas,30/04/2026 16:11,15948271013,Scanner Automotivo Forscan Usb Ftdi Interruptor Hs Ms Can,A,,0.0,0.0
47,Multimarcas,30/04/2026 16:11,15948271012,Sensor De Pressão Pneu Hyundai Creta Nova Tucson Tpms Sonata,A,,167.0,15.0
94,Multimarcas,30/04/2026 16:11,15948271011,Emblema Lateral VW,A,,0.0,0.0
33,Multimarcas,30/04/2026 16:11,15948271010,Mangueira Agua Aquecedor  1.8  1.6 16v 55574685,A,,37.0,0.0
66,Multimarcas,30/04/2026 16:11,15948271008,Filtro Tampa Bomba De Combustivel Evoque Land Rover Gasolina 036127,A,,0.0,1.0
100,Multimarcas,30/04/2026 16:11,15948271007,Cabo Auxiliar Aux Cd P2 Stereo,A,,7.0,4.0
99,Multimarcas,30/04/2026 16:11,15948271006,Calibrador Sincronizador Sensor Tpms EL-50449,A,,68.0,105.0
15-1,Multimarcas,30/04/2026 16:11,15948271004,Sensor Detonação XL-7 18640-78G0,A,,29.0,7.0
120,Multimarcas,30/04/2026 16:11,15948271002,Kit Junta Valvula Vtec Civic Ex 1998-2005 1.6 1.7 Original,A,,0.0,100.0
210,Multimarcas,30/04/2026 16:11,15948271001,Receptor Transmissor Veicular Com Bluetooth Fm Mp3 Usb Pendr,A,,0.0,0.0
196,Multimarcas,30/04/2026 16:11,15948271000,Torneira Gasolina Combustivel,A,,4.0,9.0
208,Multimarcas,30/04/2026 16:11,15948270999,Tampa Lateral Cabeçote 06h103269h,A,,12.0,0.0
192,Multimarcas,30/04/2026 16:11,15948270998,Torneira Gasolina Combustivel Cb 500,A,,33.0,127.0
195,Multimarcas,30/04/2026 16:11,15948270997,Lâmpada Xenon D4s 6000k 35w,A,,41.0,111.0
171,Multimarcas,30/04/2026 16:11,15948270996,Sensor bico 45pp3-5,A,,0.0,0.0
176,Multimarcas,30/04/2026 16:11,15948270995,Sensor Da Flauta Rail 3.2 55pp40-01,A,,40.0,106.0
J237,Multimarcas,30/04/2026 16:11,15948270994,Capa Cortina Proteção Solar Janela Carro 1 UN,A,,0.0,0.0
81,Multimarcas,30/04/2026 16:11,15948270993,Lâmpada Xenon D4r 6000k,A,,5.0,102.0
107,Multimarcas,30/04/2026 16:11,15948270991,Manopla Bola Câmbio,A,,24.0,0.0
105,Multimarcas,30/04/2026 16:11,15948270990,Boia Sensor Nivel Combustível  Gasolina,A,,82.0,2.0
71,Multimarcas,30/04/2026 16:11,15948270989,Capa de freio de mão HONDA Civic 47115-sna-a82za,A,,58.0,100.0
61,Multimarcas,30/04/2026 16:11,15948270987,Suporte Tampa Tanque 2009-2019,A,,31.0,100.0
62,Multimarcas,30/04/2026 16:11,15948270986,Manopla Cambio Automatico,A,,0.0,100.0
55,Multimarcas,30/04/2026 16:11,15948270985,Rolamento Coxin Mancal Com Coifa Cardan,A,,0.0,0.0
44-1,Multimarcas,30/04/2026 16:11,15948270984,Valvula Moduladora Turbina 14956-EB300,A,,0.0,100.0
44,Multimarcas,30/04/2026 16:11,15948270982,Vela Ignição Iridium Izfr6h11,A,,0.0,0.0
27,Multimarcas,30/04/2026 16:11,15948270981,Engrenagem Caixa de Transferencia Bmw X3 3.0,A,,0.0,0.0
240,Multimarcas,30/04/2026 16:11,15948270980,Reator Led Xenon  A2189009303,A,,0.0,0.0
12,Multimarcas,30/04/2026 16:11,15948270979,Bomba Combustível 1987-2000 HT-DZB11,A,,0.0,1.0
248,Multimarcas,30/04/2026 16:11,15948270977,Sensor Velocidade 2501074p01,A,,0.0,2.0
227,Multimarcas,30/04/2026 16:11,15948270976,Botão Shifter De Câmbio 54132-S84-A81ZA,A,,0.0,0.0
234,Multimarcas,30/04/2026 16:11,15948270975,Comando Botao Vidro Eletrico Exclusive,A,,0.0,100.0
225,Multimarcas,30/04/2026 16:11,15948270974,Válvula Canister  06h906517b 0280142459,A,,0.0,2.0
4-1,Multimarcas,30/04/2026 16:11,15948270971,Manopla Marcha Cambio  2008 2013 Preta,A,,0.0,2.0
167,Multimarcas,30/04/2026 16:11,15948270970,Válvula Extensor Bico Pneu Moto Carro Bike 90 Grau Reforçado,A,,0.0,6.0
82-K,Multimarcas,30/04/2026 16:11,15948270969,Par Lampada Xenon D4r 35w 4300k,A,,0.0,0.0
82,Multimarcas,30/04/2026 16:11,15948270968,Lampada Xenon D4r Original 35w 4300k,A,,0.0,0.0
49,Multimarcas,30/04/2026 16:11,15948270966,Engrenagem Bucha Caixa Direção  Original,A,,0.0,0.0
37,Multimarcas,30/04/2026 16:11,15948270965,Sensor De Rotação Câmbio Automático A3 Golf Bora 01m927321b,A,,19.0,1.0
80,Multimarcas,30/04/2026 16:11,15948270964,Válvula Termostática,A,,0.0,2.0
203,Multimarcas,30/04/2026 16:11,15948270962,Válvula Reguladora Sprinter 9109930a,A,,0.0,0.0
59,Multimarcas,30/04/2026 16:11,15948270961,Sensor Tps Posição Borboleta Honda Civic 96 97 98 99 00,A,,133.0,100.0
005,Multimarcas,30/04/2026 16:11,15948270960,Sensor Pressão Combustível 5WS40039,A,,77.0,105.0
223,Multimarcas,30/04/2026 16:11,15948270959,Sensor Nível Boia De Combustível Hyundai Ix-35 Gasolina,A,,52.0,21.0
147-K4,Multimarcas,30/04/2026 16:11,15948270957,Jogo Vela Captiva 2.4 2011/ Gm 12620540 04 Unidades 185cv,A,,0.0,0.0
181,Multimarcas,30/04/2026 16:11,15948270956,Par Pisca Seta Espelho Retrovisor mk2 mk3 mondeo mk4,A,,0.0,111.0
35,Multimarcas,30/04/2026 16:11,15948270955,Sensor Pressão Direção Hidráulica,A,,0.0,104.0
94-3,Multimarcas,30/04/2026 16:11,16544421381,Emblema Lateral VW Logo:Preto,A,,20.0,0.0
414-1,Multimarcas,30/04/2026 16:11,16259957686,Creme Clareador Natural Manchas Variadas E Melasma 20 G:Dimollaure,A,,0.0,0.0
412-2,Multimarcas,30/04/2026 16:11,15959152905,Enxada Rotativa Aradora Para Roçadeiras 360mm ST178 Diâmetro:Quadrado,A,,0.0,0.0
412-1,Multimarcas,30/04/2026 16:11,15959152904,Enxada Rotativa Aradora Para Roçadeiras 360mm ST178 Diâmetro:9 Estrias,A,,0.0,0.0
79,Multimarcas,30/04/2026 16:11,15948448585,Mini Bomba D'água Voltagem: 19w 5m 800l/h 12v Dc,A,,0.0,109.0
78,Multimarcas,30/04/2026 16:11,15948448584,Mini Bomba D'água Voltagem: 22w 5m 800l/h 24v Dc,A,,37.0,100.0
305-2-K,Multimarcas,30/04/2026 16:11,15948288062,Led Parafuso Olho De Águia Carro Moto 18mm - 1 Par Cor: Preto,A,,0.0,0.0
305-10-K,Multimarcas,30/04/2026 16:11,15948288061,Led Parafuso Olho De Águia Carro Moto 18mm - 1 Par Cor: Prata,A,,0.0,0.0
305-2,Multimarcas,30/04/2026 16:11,15948288060,Led Parafuso Olho De Águia Carro Moto 18mm COR: Preto,A,,0.0,0.0
305-10,Multimarcas,30/04/2026 16:11,15948288058,Led Parafuso Olho De Águia Carro Moto 18mm COR: Prata,A,,0.0,0.0
392-2,Multimarcas,30/04/2026 16:11,15948288057,Amortecedor Tampa Da Caçamba Traseira Gun125 2016 2022 Lado: Esquerdo,A,,0.0,101.0
392-1,Multimarcas,30/04/2026 16:11,15948288056,Amortecedor Tampa Da Caçamba Traseira Gun125 2016 2022 Lado: Direito,A,,0.0,100.0
394-2,Multimarcas,30/04/2026 16:11,15948288055,Trava Presília Mangueira Intercooler Menor,A,,1.0,3.0
394-1,Multimarcas,30/04/2026 16:11,15948288054,Trava Presília Mangueira Intercooler Maior,A,,1.0,1.0
393-2,Multimarcas,30/04/2026 16:11,15948288053,Anel Vedação Da Mangueira Intercooler Menor,A,,14.0,0.0
393-1,Multimarcas,30/04/2026 16:11,15948288052,Anel Vedação Da Mangueira Intercooler Maior,A,,0.0,0.0
306-2-K,Multimarcas,30/04/2026 16:11,15948288051,Led Parafuso Olho De Águia Carro Moto 23mm - 1 Par Cor: Preto,A,,0.0,0.0
306-10-K,Multimarcas,30/04/2026 16:11,15948288050,Led Parafuso Olho De Águia Carro Moto 23mm - 1 Par Cor: Prata,A,,0.0,0.0
306-2,Multimarcas,30/04/2026 16:11,15948288049,Led Parafuso Olho De Águia Carro Moto 23mm COR: Preto,A,,0.0,0.0
306-10,Multimarcas,30/04/2026 16:11,15948288047,Led Parafuso Olho De Águia Carro Moto 23mm COR: Prata,A,,0.0,0.0
385-4,Multimarcas,30/04/2026 16:11,15948287996,Luz Subaquática Submarina 42 Leds 12v Barcos Lanchas Iates Cor: Azul,A,,123.0,103.0
385-2,Multimarcas,30/04/2026 16:11,15948287994,Luz Subaquática Submarina 42 Leds 12v Barcos Lanchas Iates Cor: Branco,A,,65.0,102.0
377-4-K,Multimarcas,30/04/2026 16:11,15948287993,2 Luz Lâmpada Subaquática 27 Leds Super Potência Barco Lancha Azul,A,,18.0,51.0
377-4,Multimarcas,30/04/2026 16:11,15948287992,Luz Lâmpada Subaquática 27 Leds Super Potência Barco Lancha Cor: Azul,A,,36.0,103.0
377-2,Multimarcas,30/04/2026 16:11,15948287991,Luz Lâmpada Subaquática 27 Leds Super Potência Barco Lancha Cor: Branco,A,,14.0,92.0
375-2,Multimarcas,30/04/2026 16:11,15948287990,Seta Pisca Retrovisor 87613-2P000-FC 87623-2P000-FC Esquerdo: ( Motorista ),A,,2.0,5.0
375-1,Multimarcas,30/04/2026 16:11,15948287988,Seta Pisca Retrovisor 87613-2P000-FC 87623-2P000-FC Direito: ( Passageiro ),A,,1.0,3.0
299-2,Multimarcas,30/04/2026 16:11,15948287987,Chave Interruptora Luzes com Farol de Neblina 3c8 941 431b,A,,0.0,0.0
299-1,Multimarcas,30/04/2026 16:11,15948287986,Chave Interruptora Luzes com Farol Milha e Neblina 1z0 941 431,A,,45.0,109.0
374-2,Multimarcas,30/04/2026 16:11,15948287984,Grade De Luz De Nevoeiro Inferior Lado: Esquerdo,A,,0.0,0.0
374-1,Multimarcas,30/04/2026 16:11,15948287983,Grade De Luz De Nevoeiro Inferior Lado: Direito,A,,0.0,0.0
364-4,Multimarcas,30/04/2026 16:11,15948287982,Adaptador Sem Fio Wireless Qi Indução Receptor Universal Cor:iPhone,A,,0.0,0.0
364-3,Multimarcas,30/04/2026 16:11,15948287981,Adaptador Sem Fio Wireless Qi Indução Receptor Universal Cor:Type-C,A,,0.0,0.0
364-2,Multimarcas,30/04/2026 16:11,15948287980,Adaptador Sem Fio Wireless Qi Indução Receptor Universal Cor:Type-B,A,,0.0,0.0
364-1,Multimarcas,30/04/2026 16:11,15948287979,Adaptador Sem Fio Wireless Qi Indução Receptor Universal Cor:Type-A,A,,0.0,0.0
325-2,Multimarcas,30/04/2026 16:11,15948287978,Tampa Amortecedor Lado: Esquerdo 8K0 803 593,A,,0.0,101.0
325-1,Multimarcas,30/04/2026 16:11,15948287977,Tampa Amortecedor Lado: Direito 8K0 803 594,A,,6.0,100.0
321-2,Multimarcas,30/04/2026 16:11,15948287976,Spoiler Parachoque Lado: Esquerdo,A,,0.0,100.0
321-1,Multimarcas,30/04/2026 16:11,15948287975,Spoiler Parachoque Lado: Direito,A,,0.0,100.0
94-2,Multimarcas,30/04/2026 16:11,15948271236,Emblema Lateral VW Logo: 4 Motion,A,,0.0,0.0
94-1,Multimarcas,30/04/2026 16:11,15948271235,Emblema Lateral VW Logo: Clean,A,,0.0,0.0
232-2,Multimarcas,30/04/2026 16:11,15948271234,Par Puxador Porta Bmw 320i 328i F30 2013 Á 2017 Cor: Preto Traseiro,A,,0.0,100.0
227-2,Multimarcas,30/04/2026 16:11,15948271233,Botão Shifter De Câmbio 54132-S84-A81ZA Codigo: 54132 sda a81,A,,0.0,0.0
227-1,Multimarcas,30/04/2026 16:11,15948271232,Botão Shifter De Câmbio 54132-S84-A81ZA Codigo: 54132 s84 a81za,A,,22.0,103.0
254-1,Multimarcas,30/04/2026 16:11,15948271231,Bomba Combustivel Gasolina AH22-9H307-AB Com: Filtro LR057235 LR044427 LR026192,A,,0.0,0.0
127-17,Multimarcas,30/04/2026 16:11,15948271230,Vibrador Duplo U C Clitóris Controle Casal Tipo We-vibe Usb Cor: Roxo,A,,0.0,0.0
127-9,Multimarcas,30/04/2026 16:11,15948271229,Vibrador Duplo U C Clitóris Controle Casal Tipo We-vibe Usb Cor: Rosa,A,,0.0,0.0
189-2,Multimarcas,30/04/2026 16:11,15948271228,Amortecedor Mola Gás Tampa Caçamba Lado: Esquerdo,A,,13.0,102.0
189-1,Multimarcas,30/04/2026 16:11,15948271227,Amortecedor Mola Gás Tampa Caçamba Lado: Direito,A,,14.0,102.0
250-2,Multimarcas,30/04/2026 16:11,15948271226,Tampa Parachoque Esguicho Farol Azera Lado: Esquerdo,A,,193.0,102.0
250-1,Multimarcas,30/04/2026 16:11,15948271225,Tampa Parachoque Esguicho Farol Azera Lado: Direito,A,,99.0,104.0
252-2,Multimarcas,30/04/2026 16:11,15948271224,Tampa Lavador Esguicho Farol Focus 2014a 2015 Lado: Esquerdo,A,,56.0,104.0
252-1,Multimarcas,30/04/2026 16:11,15948271223,Tampa Lavador Esguicho Farol Focus 2014a 2015 Lado: Direito,A,,8.0,113.0
238-1,Multimarcas,30/04/2026 16:11,15948271222,Tela Grade Para Choque Dianteiro Jeep Renegade 735618579l 735618580r Lado: Direito,A,,1.0,100.0
238-2,Multimarcas,30/04/2026 16:11,15948271221,Tela Grade Para Choque Dianteiro Jeep Renegade 735618579l 735618580r Lado: Esquerdo,A,,1.0,1.0
232-5,Multimarcas,30/04/2026 16:11,15948271220,Par Puxador Porta Bmw 320i 328i F30 2013 Á 2017 Cor: Bege Frontal,A,,0.0,100.0
232-1,Multimarcas,30/04/2026 16:11,15948271219,Par Puxador Porta Bmw 320i 328i F30 2013 Á 2017 Cor: Preto Frontal,A,,0.0,100.0
230-2,Multimarcas,30/04/2026 16:11,15948271218,Tampa Esguicho Parachoque 61677211209 Lado: Esquerdo,A,,14.0,108.0
230-1,Multimarcas,30/04/2026 16:11,15948271216,Tampa Esguicho Parachoque 61677211209 Lado: Direito,A,,0.0,111.0
31-D,Multimarcas,30/04/2026 16:11,15948271215,Difusor Duto Ar Mitsubishi Lancer Cor: Preto Direito Lateral,A,,0.0,0.0
31-C,Multimarcas,30/04/2026 16:11,15948271213,Difusor Duto Ar Mitsubishi Lancer Cor: Preto Direito Medial,A,,0.0,0.0
31-B,Multimarcas,30/04/2026 16:11,15948271212,Difusor Duto Ar Mitsubishi Lancer Cor: Preto Esquerdo Medial,A,,0.0,0.0
31-A,Multimarcas,30/04/2026 16:11,15948271211,Difusor Duto Ar Mitsubishi Lancer Cor: Preto Esquerdo Lateral,A,,0.0,0.0
27-2,Multimarcas,30/04/2026 16:11,15948271210,Engrenagem Caixa de Transferencia Bmw X3 3.0 Cor: Branco 27107566296,A,,3.0,0.0
27-1,Multimarcas,30/04/2026 16:11,15948271208,Engrenagem Caixa de Transferencia Bmw X3 3.0 Cor: Preto 8473227771,A,,0.0,0.0
239-2,Multimarcas,30/04/2026 16:11,15948271207,Olho De Gato Refletor Para-choque Traseiro Bmw 320i Cor:Lado (Esquerdo),A,,0.0,0.0
239-1,Multimarcas,30/04/2026 16:11,15948271206,Olho De Gato Refletor Para-choque Traseiro Bmw 320i Cor:Lado (Direito),A,,0.0,0.0
MLB3097206185,Imports,30/04/2026 16:11,16629826509,Par Puxador Porta Traseira Bmw 320i 328i 335i 2013 - 2018,A,,0.0,0.0
MLB3097350411,Imports,30/04/2026 16:11,16629826507,Par Puxador Porta Traseira Bmw 320i 328i F30 2011 - 2015,A,,0.0,0.0
MLB3097242834,Imports,30/04/2026 16:11,16629826497,Par Puxador Porta Traseira Bmw 320i 328i 335i 2013 A 2018,A,,0.0,0.0
499,Imports,30/04/2026 16:11,16566914260,Vidro Traseiro Vigia Mitsubishi L200 Triton 2008 A 2016,A,,0.0,0.0
M1X3A4,Imports,30/04/2026 16:11,16554572170,Matriz De Gravação Permanente Tam  1X3A4 - Eletroquímica,A,,10.0,0.0
M1x2A4,Imports,30/04/2026 16:11,16554572091,Matriz De Gravação Permanente Tam  1x2 A4 - Eletroquímica,A,,10.0,0.0
M4x4,Imports,30/04/2026 16:11,16554571891,Matriz De Gravação Permanente Tam  4X4 - Eletroquímica,A,,0.0,0.0
MA4,Imports,30/04/2026 16:11,16554213769,Matriz De Gravação Permanente Tam  A4 - Eletroquímica,A,,10.0,0.0
503-4,Imports,30/04/2026 16:11,16471288666,Compressor de motor de geladeira ZH45G 24V,A,,84.0,0.0
503-3,Imports,30/04/2026 16:11,16471282073,Compressor de motor de geladeira ZH35G DC 12V-24V,A,,1.0,9.0
503-2,Imports,30/04/2026 16:11,16471279717,Compressor de motor de geladeira ZH75G DC12V-24V,A,,94.0,0.0
503-1,Imports,30/04/2026 16:11,16471263032,Compressor de motor de geladeira ZH25G DC 12V,A,,182.0,2.0
385-4-4K,Imports,30/04/2026 16:11,16463844467,4 Luzes Subaquática Submarina 42 Leds 12v Barcos Lanchas Iates Cor: Azul,A,,13.0,0.0
,Imports,30/04/2026 16:11,16346612386,a,A,,0.0,0.0
308-1,Imports,30/04/2026 16:11,16328141266,Capa Maçaneta cromada para Toyota Corolla 2015 Á 2019,A,,0.0,0.0
1000,Imports,30/04/2026 16:11,16285480727,Botão Comando Vidro Elétrico Mercedes Axor Atego,A,,2.0,0.0
462,Imports,30/04/2026 16:11,16285392083,Sensor Terminal Polo Bateria Fiat Toro Freemont Jeep Compass,A,,1.0,0.0
455-K,Imports,30/04/2026 16:11,16284897356,Par de Junta Tampa Válvula Azera Vera Cruz Sorento 2007 À 2012,A,,0.0,0.0
455,Imports,30/04/2026 16:11,16284877365,Junta Tampa Válvula Azera Vera Cruz Sorento 2007 À 2012- Lado Direito,A,,0.0,0.0
454,Imports,30/04/2026 16:11,16279772055,Botão Freio Mão Honda Civic 2016 2017 2018 2020 2021,A,,2.0,100.0
472,Imports,30/04/2026 16:11,16270191743,Esteira Câmbio Automático Audi A8 Guarda Pó 4e1713187a,A,,0.0,0.0
407-2,Imports,30/04/2026 16:11,16236639495,Relógio Temperatura Umidade Termo-higrômetro Digital,A,,0.0,0.0
D035,Imports,30/04/2026 16:11,16173623557,Rotor Bomba De Água Motor Johnson Evinrude 15 Hp,A,,0.0,0.0
D034,Imports,30/04/2026 16:11,16170521275,Bomba Elétrica Direção Hidráulica Peugeot 308408 2011 A 2015,A,,0.0,0.0
D033,Imports,30/04/2026 16:11,16169468633,Inversor 1000w 12v Para 127v 60h Hayonik Onda Senoidal Pura,A,,0.0,0.0
D012,Imports,30/04/2026 16:11,16138737001,Coroa Para Bike Unica 36 Bcd 96 Assimétrico Deore Slx Xt 11v,A,,0.0,0.0
D011,Imports,30/04/2026 16:11,16137317062,Parafuso P/cab. Motor Fiat Argo 1.3 8v. 1.0 6v. Fi Cabfi03a,A,,1.0,0.0
D010,Imports,30/04/2026 16:11,16134821005,3 Sc Mix Primor Pega Rápida Acelerador De Pega Para Argamass,A,,1.0,0.0
D008-K,Imports,30/04/2026 16:11,16133019332,Projetor Símbolo Porta Bmw Universal Carro Tunning Top 2 unidades,A,,0.0,0.0
D008,Imports,30/04/2026 16:11,16132880674,Projetor Símbolo Porta Bmw Universal Carro Tunning Top,A,,0.0,0.0
D007,Imports,30/04/2026 16:11,16131707514,Entrada De Ar Scoop Esportivo Univeral Capô Intake,A,,0.0,0.0
D006,Imports,30/04/2026 16:11,16131582142,Scanner Diagnóstico Foxwell Nt301 Obd2 Diesel,A,,1.0,0.0
D005,Imports,30/04/2026 16:11,16131135674,Camera De Ré Corolla 2011 2012 2013 Nova Original Específica,A,,0.0,0.0
D004,Imports,30/04/2026 16:11,16130996285,Manopla Do Civic De Câmbio Manual Honda 2006/2012 6 Marchas.,A,,0.0,0.0
291-1,Imports,30/04/2026 16:11,16130444717,Módulo Placa De Fusíveis Bateria Peugeot 3008 Citroen C4,A,,8.0,1.0
322-34,Imports,30/04/2026 16:11,16105478296,Coroa Unica 32 34 36 38 Dentes Narrow Wide Bcd 104mm Tamanho: 34T,A,,0.0,0.0
4-2,Imports,30/04/2026 16:11,16098313767,Manopla Marcha Cambio  2008 2013 Preta 6 machas,A,,0.0,0.0
D001,Imports,30/04/2026 16:11,16093621209,Mini Máquina Branca Do Som Do Ruído Sono Calmante 9 Opções,A,,0.0,0.0
M03,Imports,30/04/2026 16:11,16092701611,Elétrico Facial Poro Acne Cravo Removedor Vácuo Sucção Diama,A,,2.0,0.0
419-K,Imports,30/04/2026 16:11,16068651644,Farol Milha Drl Led Luz Diurno ( Par ),A,,33.0,19.0
419,Imports,30/04/2026 16:11,16068641088,Farol Milha Drl Led Luz Diurno,A,,0.0,0.0
281,Imports,30/04/2026 16:11,16068585358,Válvula Do Vácuo Coletor Admissão Cruze Sonic Track 55568437,A,,0.0,0.0
421,Imports,30/04/2026 16:11,16065314627,Comando Botão Vidro Elétrico P/ Honda New Civic 2007 2008 09,A,,10.0,0.0
420,Imports,30/04/2026 16:11,16064061744,Brake Light Luz Freio Traseiro P/ Vw Polo Hatch 6QE945097,A,,96.0,3.0
32-K,Imports,30/04/2026 16:11,16053071021,Radiador Honda Cb 600 Hornet 2005 2006 2007 + Cebolinha,A,,0.0,0.0
343,Imports,30/04/2026 16:11,16050295929,Sensor Medidor Nivel Combustivel Tanque,A,,0.0,0.0
418,Imports,30/04/2026 16:11,16041428810,Cinzeiro Vw Golf Sapão 1j0857962h,A,,0.0,0.0
417,Imports,30/04/2026 16:11,16026012766,Radiador De Arrefecimento 1301100U8160,A,,0.0,0.0
129-3,Imports,30/04/2026 16:11,16016091646,Scanner Parede Detector Tubo Cano Água Pvc Madeira Fio Metal Com Pilhas,A,,0.0,0.0
129,Imports,30/04/2026 16:11,16016091645,Scanner Parede Detector Tubo Cano Água Pvc Madeira Fio Metal,A,,0.0,0.0
221,Imports,30/04/2026 16:11,16015863975,Placa Do Led Lanterna b003809.2,A,,11.0,100.0
230-K,Imports,30/04/2026 16:11,16015863974,Tampa Esguicho Parachoque 61677211209 (Par),A,,0.0,5.0
222-K,Imports,30/04/2026 16:11,16015863973,Pisca Seta Retrovisor Carona Motorista Lado (Par Direito esquerdo),A,,20.0,1.0
169-K,Imports,30/04/2026 16:11,16015863972,Válvulas Bico Esportivo Para Pneu De Moto 90 Graus (Par),A,,565.0,104.0
167-K,Imports,30/04/2026 16:11,16015863971,Válvula Extensor Bico Pneu Moto Carro Bike 90 Grau Reforçado (2 Unidades),A,,107.0,53.0
151,Imports,30/04/2026 16:11,16015863970,Vela Ignição Bmw Iiridium ZR5TPP33 (1 Unidade),A,,0.0,0.0
195-K,Imports,30/04/2026 16:11,16015863969,Par Lâmpada Xenon D4s 6000k 35w,A,,26.0,0.0
152-K6,Imports,30/04/2026 16:11,16015863968,06 Velas Ignição Pfr5n11 Platinun,A,,0.0,0.0
189-K,Imports,30/04/2026 16:11,16015863967,Par Amortecedor Mola Gás Tampa Caçamba (Par),A,,0.0,0.0
60-K4,Imports,30/04/2026 16:11,16015863966,Emblema Lateral Bmw F800 Gs 1200 Aluminium 4 Und,A,,0.0,0.0
81-K,Imports,30/04/2026 16:11,16015863965,Par Lampada Xenon D4r 35w 6000k,A,,105.0,56.0
27-K,Imports,30/04/2026 16:11,16015863964,Engrenagem Caixa De Transferencia Bmw X3 3.0 KIT (Preta+Branca) 27107566296 8473227771,A,,0.0,0.0
16,Imports,30/04/2026 16:11,16015863963,Cebolão Interruptor Ventoinha 37760P00003,A,,31.0,106.0
286,Imports,30/04/2026 16:11,16015863962,Válvula De Nível Do Banco Pneumático 20443641,A,,10.0,102.0
290,Imports,30/04/2026 16:11,16015863961,"Caixa Bsm Peugeot 206, 207, 307 1.4 E 1.6 - Nova E Original",A,,3.0,5.0
289,Imports,30/04/2026 16:11,16015863960,Medidor De Fluxo Ar 7 Pinos Mitsubishi Pajero Tr4 2.0 16v,A,,0.0,0.0
287,Imports,30/04/2026 16:11,16015863958,Medidor Fluxo De Ar Pajero Tr4 Io E5t08471 Md343605 Original,A,,0.0,0.0
285,Imports,30/04/2026 16:11,16015863957,Comando Vidro Eletrico Kia Sorento 2009 A 2013,A,,1.0,0.0
278,Imports,30/04/2026 16:11,16015863955,Mangueira De Entrada De Ar 2700900382,A,,32.0,0.0
283,Imports,30/04/2026 16:11,16015863954,Sensor Rotação Frontier 2.5 Diesel 16v 949979-033 23731ec00a,A,,0.0,0.0
282,Imports,30/04/2026 16:11,16015863953,Roda Fonica Ssangyong Actyon Kyron Rexton Korando 4151009000,A,,0.0,0.0
274,Imports,30/04/2026 16:11,16015863952,Sensor Temperatura Ar Condicionado 97143-1m000,A,,0.0,6.0
276,Imports,30/04/2026 16:11,16015863951,Comando Vidro Elétrico Kia Sorento 2011 A 2014 ( 2 Auto ),A,,28.0,1.0
279,Imports,30/04/2026 16:11,16015863950,Mangueira De Entrada De Ar Mercedes A200 B200 Cla E Gla,A,,6.0,101.0
277,Imports,30/04/2026 16:11,16015863949,Mangueira Filtro Ar Tbi 2710900982 2710900682,A,,17.0,0.0
232,Imports,30/04/2026 16:11,16015863948,Par Puxador Porta Bmw 320i 328i F30 2013 Á 2017,A,,0.0,0.0
280,Imports,30/04/2026 16:11,16015863947,Retentor Do Comando De Valvulas 55563374,A,,90.0,101.0
275-5,Imports,30/04/2026 16:11,16015863946,Puxador Interno Porta Bmw 528i 535i 550i M5 Bege,A,,0.0,0.0
272,Imports,30/04/2026 16:11,16015863945,Filtro Peneira Eixo Balanceador,A,,696.0,0.0
273,Imports,30/04/2026 16:11,16015863944,Comando Botão Vidro Eletrico Ford Ranger 2012 2013 2014 2015,A,,63.0,100.0
23,Imports,30/04/2026 16:11,16015863943,"Piloto Automático Controle De Velocidade Focus Mk2,5",A,,0.0,0.0
270,Imports,30/04/2026 16:11,16015863942,Mangueira Ar Quente Inferior 6466XV,A,,0.0,0.0
264,Imports,30/04/2026 16:11,16015863941,Cebolinha Direção Hidarulica 575353k00,A,,0.0,0.0
107-1,Imports,30/04/2026 16:11,16015863940,Manopla Bola Câmbio Manual 6 Marchas,A,,24.0,1.0
008,Imports,30/04/2026 16:11,16015863939,Base Para Antena De Carros 1087087,A,,0.0,0.0
268,Imports,30/04/2026 16:11,16015863937,Emblema Logo Estrela Capo A2108800186,A,,0.0,0.0
127,Imports,30/04/2026 16:11,16015863936,Vibrador Duplo U C Clitóris Controle Casal Tipo We-vibe Usb,A,,0.0,0.0
266-K,Imports,30/04/2026 16:11,16015863935,Led Placa T10 led w5w 194 led 3014 24smd,A,,0.0,0.0
259,Imports,30/04/2026 16:11,16015863924,Moldura Aplique Braço Retrovisor Jeep Compass,A,,0.0,0.0
258,Imports,30/04/2026 16:11,16015863923,Capas Cromadas Maçanetas 4 Portas E Tampa Mala Dodge Ram 2500,A,,0.0,0.0
194-K,Imports,30/04/2026 16:11,16015863922,Fita Par Led Flexível Fina Sequencial Farol Drl 60 Cm Carro,A,,0.0,0.0
20,Imports,30/04/2026 16:11,16015863921,Sensor Nível Combustível 3m519a299aa,A,,36.0,10.0
257,Imports,30/04/2026 16:11,16015863920,Botão Vidro Eletrico 9065451913,A,,0.0,0.0
246,Imports,30/04/2026 16:11,16015863919,Esteira Cambio 8699465,A,,0.0,0.0
254,Imports,30/04/2026 16:11,16015863918,Bomba Combustivel Gasolina AH22-9H307-AB,A,,0.0,0.0
256,Imports,30/04/2026 16:11,16015863917,Snow Foam Esguicho Shampoozeira Lavagem Cera Reservatório,A,,0.0,100.0
252,Imports,30/04/2026 16:11,16015863916,Tampa Lavador Esguicho Farol Focus 2014a 2015,A,,0.0,0.0
52,Imports,30/04/2026 16:11,16015863915,Motor Partida Ktm 55140001000,A,,0.0,0.0
250,Imports,30/04/2026 16:11,16015863914,Tampa Parachoque Esguicho Farol Azera,A,,0.0,0.0
244,Imports,30/04/2026 16:11,16015863913,Tampa Combustível 3 4,A,,29.0,2.0
199,Imports,30/04/2026 16:11,16015863912,Atuador Marcha Lenta 22270,A,,0.0,0.0
231-1,Imports,30/04/2026 16:11,16015863911,Botão Comando Freio Mão Honda Hrv 2015 A 2019,A,,81.0,0.0
241,Imports,30/04/2026 16:11,16015863910,Suporte Celular BMW Gps R 1200 R 1250 Gs F 850 F 800,A,,2.0,9.0
245,Imports,30/04/2026 16:11,16015863909,Esteira Câmbio Automático 6q0713273a,A,,92.0,101.0
207,Imports,30/04/2026 16:11,16015863906,Coleira Com Controle Adestramento Som Vibração Choque Remoto,A,,0.0,0.0
251,Imports,30/04/2026 16:11,16015863903,Bico Aspersor Nebulizador Irrigação Pulverização Regulável,A,,73.0,3.0
116,Imports,30/04/2026 16:11,16015863902,Mangueira Retorno Reservatório Água Cruze Tracker 2012 À 2016,A,,0.0,0.0
239,Imports,30/04/2026 16:11,16015863901,Olho De Gato Refletor Para-choque Traseiro Bmw 320i,A,,0.0,0.0
242,Imports,30/04/2026 16:11,16015863900,Selim Banco Acento Aranha Tipo Fibra De Carbono Speed Ou Mtb,A,,0.0,0.0
243,Imports,30/04/2026 16:11,16015863899,Sensor De Pressão Do Óleo 1997 - 2000,A,,0.0,0.0
230,Imports,30/04/2026 16:11,16015863898,Tampa Esguicho Parachoque 61677211209,A,,0.0,0.0
236,Imports,30/04/2026 16:11,16015863897,Resistência Ventoinha 9673999980,A,,0.0,0.0
228,Imports,30/04/2026 16:11,16015863895,Farol Lanterna Traseira Pisca Moto Custom Race Fita 48 Leds,A,,0.0,0.0
200,Imports,30/04/2026 16:11,16015863894,Display (lcd) Velocímetro Painel Titanium,A,,1.0,1.0
231,Imports,30/04/2026 16:11,16015863893,Botão Freio Mão Estacionamento 35355-t7a-j01 35355t7aj01,A,,0.0,3.0
218,Imports,30/04/2026 16:11,16015863892,Esquadro Digital Laser Grau Laser Nível Horizontal Vertical,A,,0.0,0.0
214,Imports,30/04/2026 16:11,16015863891,Comutador De Ignição 931102d000,A,,0.0,120.0
151-K6,Imports,30/04/2026 16:11,16015863890,Jogo Vela Ignição Bmw Iiridium ZR5TPP33 (6 Unidades),A,,0.0,0.0
178,Imports,30/04/2026 16:11,16015863889,Ponteira Escapamento Cromada Inox,A,,0.0,0.0
219,Imports,30/04/2026 16:11,16015863888,Velas Ignição Hyundai Original SILZKR7B11,A,,4.0,12.0
190,Imports,30/04/2026 16:11,16015863887,Reservatório Carvão Ativo Canister 1K0201797AE,A,,0.0,0.0
188,Imports,30/04/2026 16:11,16015863886,Kit Junta Da Bomba De Vácuo New Beetle - 07k145215a,A,,0.0,0.0
187,Imports,30/04/2026 16:11,16015863885,Sensor De Pressão Map Coletor 0281002573,A,,0.0,0.0
173,Imports,30/04/2026 16:11,16015863884,Modulo Ventoinha 1k0959455,A,,0.0,0.0
170,Imports,30/04/2026 16:11,16015863883,Vela Ignição 9091901164,A,,0.0,0.0
152,Imports,30/04/2026 16:11,16015863882,Vela Ignição Pfr5n11 Platinun,A,,0.0,0.0
154,Imports,30/04/2026 16:11,16015863881,Sensor Pressão Map Turbina Mr577031,A,,0.0,0.0
158,Imports,30/04/2026 16:11,16015863880,Sensor Pressão Flauta 0281002908,A,,0.0,0.0
149,Imports,30/04/2026 16:11,16015863879,Velas de Ignição Ngk Iridium Lzfr6ai Airtrek Outlander 2.4,A,,0.0,0.0
155,Imports,30/04/2026 16:11,16015863878,Novo Bateria Auxiliar  a2059053414,A,,0.0,0.0
146,Imports,30/04/2026 16:11,16015863877,Cabo Adaptador Hub Usb Type 3 Portas,A,,0.0,0.0
150,Imports,30/04/2026 16:11,16015863876,Tampa Reservatório Água 13502353,A,,0.0,1.0
141,Imports,30/04/2026 16:11,16015863875,Adaptador Hub Rede 2usb-c Hdmi,A,,0.0,0.0
139,Imports,30/04/2026 16:11,16015863874,Sensor Map Cummins 0281002576,A,,0.0,0.0
134,Imports,30/04/2026 16:11,16015863873,Mangueira De Retorno Dos Bicos Sprinter 415/515 Original A6510700132,A,,0.0,0.0
137,Imports,30/04/2026 16:11,16015863872,Valvula Reguladora Pressao Rail Flauta 1110010028,A,,0.0,0.0
126,Imports,30/04/2026 16:11,16015863871,Vibrador U C Clitóris Casal Recarregável Usb Tipo We-vibe,A,,0.0,0.0
115,Imports,30/04/2026 16:11,16015863870,Tubo Saída Corpo Borboleta Tbi  55559353,A,,0.0,0.0
153,Imports,30/04/2026 16:11,16015863869,Scanner Automotivo Forscan Usb Ftdi Interruptor Hs Ms Can,A,,0.0,0.0
47,Imports,30/04/2026 16:11,16015863868,Sensor De Pressão Pneu Hyundai Creta Nova Tucson Tpms Sonata,A,,148.0,102.0
94,Imports,30/04/2026 16:11,16015863867,Emblema Lateral VW,A,,0.0,0.0
33,Imports,30/04/2026 16:11,16015863866,Mangueira Agua Aquecedor  1.8  1.6 16v 55574685,A,,33.0,1.0
66,Imports,30/04/2026 16:11,16015863865,Filtro Tampa Bomba De Combustivel Evoque Land Rover Gasolina 036127,A,,0.0,0.0
100,Imports,30/04/2026 16:11,16015863864,Cabo Auxiliar Aux Cd P2 Stereo,A,,0.0,0.0
99,Imports,30/04/2026 16:11,16015863863,Calibrador Sincronizador Sensor Tpms EL-50449,A,,52.0,0.0
15-1,Imports,30/04/2026 16:11,16015863862,Sensor Detonação XL-7 18640-78G0,A,,10.0,0.0
210,Imports,30/04/2026 16:11,16015863861,Receptor Transmissor Veicular Com Bluetooth Fm Mp3 Usb Pendr,A,,0.0,0.0
196,Imports,30/04/2026 16:11,16015863860,Torneira Gasolina Combustivel,A,,38.0,100.0
208,Imports,30/04/2026 16:11,16015863859,Tampa Lateral Cabeçote 06h103269h,A,,0.0,0.0
192,Imports,30/04/2026 16:11,16015863858,Torneira Gasolina Combustivel Cb 500,A,,72.0,1.0
195,Imports,30/04/2026 16:11,16015863857,Lâmpada Xenon D4s 6000k 35w,A,,53.0,0.0
171,Imports,30/04/2026 16:11,16015863856,Sensor bico 45pp3-5,A,,0.0,0.0
176,Imports,30/04/2026 16:11,16015863855,Sensor Da Flauta Rail 3.2 55pp40-01,A,,13.0,0.0
J237,Imports,30/04/2026 16:11,16015863854,Capa Cortina Proteção Solar Janela Carro 1 UN,A,,0.0,0.0
81,Imports,30/04/2026 16:11,16015863853,Lâmpada Xenon D4r 6000k,A,,210.0,112.0
107,Imports,30/04/2026 16:11,16015863852,Manopla Bola Câmbio,A,,7.0,1.0
105,Imports,30/04/2026 16:11,16015863851,Boia Sensor Nivel Combustível  Gasolina,A,,13.0,0.0
71,Imports,30/04/2026 16:11,16015863850,Capa de freio de mão HONDA Civic 47115-sna-a82za,A,,5.0,1.0
61,Imports,30/04/2026 16:11,16015863849,Suporte Tampa Tanque 2009-2019,A,,0.0,0.0
62,Imports,30/04/2026 16:11,16015863848,Manopla Cambio Automatico,A,,20.0,0.0
55,Imports,30/04/2026 16:11,16015863847,Rolamento Coxin Mancal Com Coifa Cardan,A,,0.0,0.0
44-1,Imports,30/04/2026 16:11,16015863846,Valvula Moduladora Turbina 14956-EB300,A,,0.0,0.0
27,Imports,30/04/2026 16:11,16015863845,Engrenagem Caixa de Transferencia Bmw X3 3.0,A,,0.0,0.0
240,Imports,30/04/2026 16:11,16015863844,Reator Led Xenon  A2189009303,A,,0.0,0.0
12,Imports,30/04/2026 16:11,16015863843,Bomba Combustível 1987-2000 HT-DZB11,A,,0.0,0.0
248,Imports,30/04/2026 16:11,16015863842,Sensor Velocidade 2501074p01,A,,0.0,0.0
227,Imports,30/04/2026 16:11,16015863841,Botão Shifter De Câmbio 54132-S84-A81ZA,A,,0.0,0.0
234,Imports,30/04/2026 16:11,16015863840,Comando Botao Vidro Eletrico Exclusive,A,,0.0,0.0
225,Imports,30/04/2026 16:11,16015863839,Válvula Canister  06h906517b 0280142459,A,,0.0,0.0
4-1,Imports,30/04/2026 16:11,16015863838,Manopla Marcha Cambio  2008 2013 Preta,A,,0.0,0.0
167,Imports,30/04/2026 16:11,16015863837,Válvula Extensor Bico Pneu Moto Carro Bike 90 Grau Reforçado,A,,215.0,106.0
82-K,Imports,30/04/2026 16:11,16015863836,Par Lampada Xenon D4r 35w 4300k,A,,8.0,0.0
82,Imports,30/04/2026 16:11,16015863835,Lampada Xenon D4r Original 35w 4300k,A,,16.0,0.0
49,Imports,30/04/2026 16:11,16015863834,Engrenagem Bucha Caixa Direção  Original,A,,0.0,0.0
37,Imports,30/04/2026 16:11,16015863833,Sensor De Rotação Câmbio Automático A3 Golf Bora 01m927321b,A,,36.0,0.0
80,Imports,30/04/2026 16:11,16015863832,Válvula Termostática,A,,0.0,0.0
203,Imports,30/04/2026 16:11,16015863831,Válvula Reguladora Sprinter 9109930a,A,,0.0,0.0
59,Imports,30/04/2026 16:11,16015863830,Sensor Tps Posição Borboleta Honda Civic 96 97 98 99 00,A,,0.0,98.0
005,Imports,30/04/2026 16:11,16015863829,Sensor Pressão Combustível 5WS40039,A,,0.0,0.0
223,Imports,30/04/2026 16:11,16015863828,Sensor Nível Boia De Combustível Hyundai Ix-35 Gasolina,A,,0.0,0.0
147-K4,Imports,30/04/2026 16:11,16015863827,Jogo Vela Captiva 2.4 2011/ Gm 12620540 04 Unidades 185cv,A,,0.0,0.0
181,Imports,30/04/2026 16:11,16015863826,Par Pisca Seta Espelho Retrovisor mk2 mk3 mondeo mk4,A,,0.0,101.0
35,Imports,30/04/2026 16:11,16015863825,Sensor Pressão Direção Hidráulica,A,,101.0,101.0
178-K,Imports,30/04/2026 16:11,16015863615,Ponteira Escapamento Cromada Inox (Par),A,,0.0,0.0
415,Imports,30/04/2026 16:11,16015863614,Tela Touch Screen Multimídia A211216702,A,,0.0,0.0
416,Imports,30/04/2026 16:11,16015863613,Friso Cromado Moldura Grade Civic,A,,0.0,0.0
413,Imports,30/04/2026 16:11,16015863612,Válvula Reguladora de Pressão - 3/4 Deckas 9666,A,,0.0,0.0
271,Imports,30/04/2026 16:11,16015863611,Mangueira Ar Quente Superior Citroen 6466tz,A,,0.0,0.0
351,Imports,30/04/2026 16:11,16015863609,Bóia Sensor Nivel Combustível Tanque Outlander,A,,0.0,0.0
411,Imports,30/04/2026 16:11,16015863608,Carburador PZ19 CB0005G,A,,0.0,0.0
368,Imports,30/04/2026 16:11,16015863607,Atuador De Marcha Lenta 22270-00040,A,,0.0,0.0
302,Imports,30/04/2026 16:11,16015863606,Scanner Automotivo Konnwei Kw903 Bluetooth Obd2 Can-bus Pe,A,,0.0,0.0
237,Imports,30/04/2026 16:11,16015863605,Reator Farol Lampada Xenon D3s A2229003300 Q04,A,,0.0,0.0
280-K,Imports,30/04/2026 16:11,16015863604,Retentor Do Comando De Valvulas 55563374 2un,A,,0.0,0.0
19-1,Imports,30/04/2026 16:11,16015863603,Manopla De Câmbio Automático,A,,0.0,0.0
384,Imports,30/04/2026 16:11,16015863602,Mangueira Intercooler Turbina 144635X02B 144635X00B 144635X04B,A,,42.0,100.0
399,Imports,30/04/2026 16:11,16015863601,Radiador 20S-12461-01-00,A,,0.0,0.0
160-K,Imports,30/04/2026 16:11,16015863600,Acessórios Ponteira Escapamento PAR,A,,38.0,0.0
70-K,Imports,30/04/2026 16:11,16015863599,70 Roda Livre Automatica Original Par,A,,40.0,0.0
124,Imports,30/04/2026 16:11,16015863598,Espanta Cachorro Repelente Eletrônico Preto,A,,391.0,129.0
18,Imports,30/04/2026 16:11,16015863597,Gasolina Bomba Gasolina 0986580951,A,,0.0,2.0
124-1,Imports,30/04/2026 16:11,16015863596,Aparelho Anti Latido Ultrasonico Apito Adestramento Cães,A,,441.0,133.0
Mini Bomba,Imports,30/04/2026 16:11,16015863595,Mini Bomba D'água,A,,0.0,0.0
160,Imports,30/04/2026 16:11,16015863594,Acessórios Ponteira Escapamento S,A,,77.0,0.0
32,Imports,30/04/2026 16:11,16015863593,Radiador Honda Cb 600 Hornet 2005 2006 2007,A,,0.0,0.0
53,Imports,30/04/2026 16:11,16015863592,Mangueira Filtro Ar Tbi Sentra 2.0 2007 2008 DECKAS,A,,0.0,0.0
002,Imports,30/04/2026 16:11,16015863591,Tampa Portinhola Tanque Combustivel Ford Focus 2009 a 2013,A,,0.0,0.0
001,Imports,30/04/2026 16:11,16015863590,Cebolão Do Radiador Sensor Temperatura,A,,0.0,99.0
46,Imports,30/04/2026 16:11,16015863589,Sensor Pressão Do Pneu Tpms Gm Captiva Camaro Malibu,A,,177.0,0.0
70,Imports,30/04/2026 16:11,16015863588,Roda Livre Automatica Original Frontier - 2.8 40260-1s700,A,,80.0,0.0
410,Imports,30/04/2026 16:11,16015863587,Mangueira Filtro De Ar Tbi 17225-r1a-a01,A,,35.0,0.0
408,Imports,30/04/2026 16:11,16015863586,Kit 415 Presilhas Grampos Fixadores Automotivo Carro + Chave,A,,0.0,0.0
409,Imports,30/04/2026 16:11,16015863585,Adaptador Receptor Wireless Usb Wi-fi 5ghz Dual Band,A,,0.0,0.0
407,Imports,30/04/2026 16:11,16015863584,Sensor De Temperatura E Umidade Wi-fi - Alexa E Google Home,A,,0.0,0.0
396,Imports,30/04/2026 16:11,16015863583,Kit 100 Presilhas Grampos Fixadores Carro Veiculo Parabarro GN1667,A,,0.0,1.0
406,Imports,30/04/2026 16:11,16015863582,Tampa Combustível Z750 Z800 Z1000,A,,0.0,0.0
404,Imports,30/04/2026 16:11,16015863581,Mangueira De Retorno Dos Bicos A6460700932 6460700932,A,,0.0,0.0
402,Imports,30/04/2026 16:11,16015863579,Botão Comando 6554.WA,A,,2.0,5.0
401,Imports,30/04/2026 16:11,16015863578,Botão Comando 98053439,A,,14.0,99.0
405,Imports,30/04/2026 16:11,16015863577,Botão Vidro Eletrico 94728492,A,,0.0,0.0
397,Imports,30/04/2026 16:11,16015863576,Kit 100 Presilhas Grampos Fixadores Carro Veiculo Parabarro Com Caixa GN1667,A,,21.0,0.0
395,Imports,30/04/2026 16:11,16015863575,Filtro da Bomba de Combustível 3M519h307LP,A,,0.0,0.0
392-K,Imports,30/04/2026 16:11,16015863574,Par Amortecedor Tampa Da Caçamba Traseira Gun125 2016 2022,A,,0.0,0.0
392,Imports,30/04/2026 16:11,16015863573,Amortecedor Tampa Da Caçamba Traseira Gun125 2016 2022,A,,0.0,0.0
365,Imports,30/04/2026 16:11,16015863572,Flange Da Bomba Combustivel Tampa Focus 2.0 16v,A,,0.0,0.0
391,Imports,30/04/2026 16:11,16015863570,Ventosa Manual 200kg,A,,0.0,0.0
394,Imports,30/04/2026 16:11,16015863569,Trava Presília Mangueira Intercooler,A,,0.0,0.0
393,Imports,30/04/2026 16:11,16015863568,Anel Vedação Da Mangueira Intercooler,A,,0.0,0.0
306-K,Imports,30/04/2026 16:11,16015863567,Led Parafuso Olho De Águia Carro Moto 23mm - 1 Par,A,,0.0,0.0
336,Imports,30/04/2026 16:11,16015863566,Botão Start Stop Bmw Preto Red 120i 320 M135 M235 M240 M2 M3,A,,0.0,0.0
379-4,Imports,30/04/2026 16:11,16015863564,Trava Mangueira Intercooler (Menor),A,,0.0,0.0
379-3,Imports,30/04/2026 16:11,16015863562,Anéis + Travas Da Mangueira intercooler,A,,0.0,0.0
382,Imports,30/04/2026 16:11,16015863561,Bomba Combustível Motor Popa 397839 395091,A,,88.0,11.0
385-4-K,Imports,30/04/2026 16:11,16015863559,Par Luz Subaquática Submarina 42 Leds 12v Barcos Lanchas Iates Azul,A,,26.0,1.0
385,Imports,30/04/2026 16:11,16015863557,Luz Subaquática Submarina 42 Leds 12v Barcos Lanchas Iates,A,,0.0,0.0
381,Imports,30/04/2026 16:11,16015863556,Painel Elétrico 6 Chaves Usb Tomada Voltímetro Lancha Barco,A,,0.0,2.0
380,Imports,30/04/2026 16:11,16015863555,"Painel Elétrico 5 Chaves 2 Usb Com Voltímetro Para Carro, Barco, Iate, Trailer, Caminhão",A,,1.0,46.0
377-K,Imports,30/04/2026 16:11,16015863536,2 Luz Lâmpada Subaquática 27 Leds Super Potência Barco Lancha,A,,0.0,0.0
377,Imports,30/04/2026 16:11,16015863535,Luz Lâmpada Subaquática 27 Leds Super Potência Barco Lancha,A,,0.0,0.0
375,Imports,30/04/2026 16:11,16015863534,Seta Pisca Retrovisor 87613-2P000-FC 87623-2P000-FC,A,,0.0,0.0
376,Imports,30/04/2026 16:11,16015863533,Bobina Ignição Motor Popa Mercury Optimax Efi 300-879984t01 339-879984t00,A,,7.0,0.0
371,Imports,30/04/2026 16:11,16015863532,Tampa + Flange Conexão Radiador,A,,17.0,0.0
372,Imports,30/04/2026 16:11,16015863530,Tubo Conexão Mangueira 55116901AA,A,,0.0,0.0
373,Imports,30/04/2026 16:11,16015863529,Carcaça E Válvula Termostática 68003582AB 4884569AB 68003582AA,A,,0.0,0.0
379-5,Imports,30/04/2026 16:11,16015863528,Kit Anéis Presilhas Mangueira Intercooler,A,,0.0,0.0
379-2,Imports,30/04/2026 16:11,16015863527,Presilhas Mangueira Intercooler,A,,0.0,0.0
379-1,Imports,30/04/2026 16:11,16015863526,Kit Anéis Vedação Da Mangueira Intercooler,A,,0.0,0.0
374-K,Imports,30/04/2026 16:11,16015863525,Grade De Luz De Nevoeiro Inferior ( Par ),A,,0.0,0.0
374,Imports,30/04/2026 16:11,16015863524,Grade De Luz De Nevoeiro Inferior,A,,0.0,0.0
361,Imports,30/04/2026 16:11,16015863523,Display Satlink Tela Lcd,A,,11.0,0.0
367-K,Imports,30/04/2026 16:11,16015863522,Par Roda Livre Manual Gptrend Ford Ranger 4x4,A,,83.0,0.0
369,Imports,30/04/2026 16:11,16015863521,Tubo Bypass Bomba De Agua 68211200AC,A,,13.0,100.0
366,Imports,30/04/2026 16:11,16015863520,Display Lcd Tela Do Painel Computador Bordo,A,,0.0,0.0
362,Imports,30/04/2026 16:11,16015863519,Flange Da Bomba Combustivel Tampa Focus 2.0 16v 3 Pçs,A,,0.0,0.0
364,Imports,30/04/2026 16:11,16015863518,Adaptador Sem Fio Wireless Qi Indução,A,,0.0,0.0
363,Imports,30/04/2026 16:11,16015863517,Botão multifuncional de controle de volante,A,,0.0,0.0
357,Imports,30/04/2026 16:11,16015863516,Super Broca Helicoidal P/ Solo Terra Jardim Espiral Metal,A,,0.0,0.0
358,Imports,30/04/2026 16:11,16015863515,Caneta Pencil Stylus 1.0mm,A,,0.0,0.0
355,Imports,30/04/2026 16:11,16015863514,Botão Vidro Elétrico Sprinter,A,,0.0,0.0
353,Imports,30/04/2026 16:11,16015863513,Filtro De Óleo Haldex Original,A,,10.0,1.0
346,Imports,30/04/2026 16:11,16015863512,Anel Vedação Completo Resfriador Trocador Journey 3.6 Ate 13,A,,16.0,0.0
354,Imports,30/04/2026 16:11,16015863511,Sensor Nivel Combustivel Pajero,A,,0.0,0.0
349,Imports,30/04/2026 16:11,16015863510,Moldura Ponteira Escapamento Amg W205 Glc,A,,0.0,0.0
360,Imports,30/04/2026 16:11,16015863509,Retentor Virabrequim Lado Volante Honda Civic 92-06,A,,25.0,0.0
344-K,Imports,30/04/2026 16:11,16015863508,Roda Livre F250 2006 Até 2011 1c3z3b396cb,A,,22.0,0.0
347,Imports,30/04/2026 16:11,16015863507,Anel Vedação Retentor Resfriador Dodge Journey Jeep,A,,0.0,0.0
344,Imports,30/04/2026 16:11,16015863506,Roda Livre F250 2006 Até 2011 1c3z3b396cb,A,,44.0,0.0
345,Imports,30/04/2026 16:11,16015863505,Testador Teste Faísca De Vela Ignição Motor Carro Moto Barco,A,,1.0,4.0
331-K,Imports,30/04/2026 16:11,16015863504,Par Cinto Anti Alarme Jetta Adaptador Cinto Segurança,A,,0.0,0.0
333-K,Imports,30/04/2026 16:11,16015863503,Par Cinto Anti Alarme Mitsubishi Pajero Adaptador Cinto Segurança,A,,0.0,0.0
332-K,Imports,30/04/2026 16:11,16015863502,Par Cinto Anti Alarme Golf Adaptador Cinto Segurança,A,,0.0,0.0
333,Imports,30/04/2026 16:11,16015863501,Cinto Anti Alarme Mitsubishi Pajero Adaptador Cinto Segurança,A,,0.0,0.0
332,Imports,30/04/2026 16:11,16015863500,Cinto Anti Alarme Golf Adaptador Cinto Segurança,A,,0.0,0.0
342,Imports,30/04/2026 16:11,16015863498,Marcador Medidor Sensor Nível Combustível Digital Universal,A,,0.0,0.0
341,Imports,30/04/2026 16:11,16015863497,Filtro Combustivel 16127233840,A,,0.0,0.0
324,Imports,30/04/2026 16:11,16015863496,Tampa Filtro Ar Condicionado,A,,0.0,0.0
337,Imports,30/04/2026 16:11,16015863495,Valvula Controle Comando 06H109257C,A,,0.0,0.0
318,Imports,30/04/2026 16:11,16015863494,Fechadura Trava Tranca Tampa Porta Malas Hb20s Sedan 2016,A,,3.0,0.0
327,Imports,30/04/2026 16:11,16015863493,Flange De Água Cabeçote Alumínio,A,,5.0,2.0
325,Imports,30/04/2026 16:11,16015863492,Tampa Amortecedor,A,,0.0,0.0
315-K,Imports,30/04/2026 16:11,16015863491,Cinto Anti Alarme Toyota Corolla Adaptador Cinto (Par),A,,0.0,1.0
331,Imports,30/04/2026 16:11,16015863490,Cinto Anti Alarme Jetta Adaptador Cinto Segurança,A,,0.0,0.0
326,Imports,30/04/2026 16:11,16015863489,Difusor Ar Console Central Original,A,,0.0,0.0
316,Imports,30/04/2026 16:11,16015863488,Sensor Direção Hidráulica  497610324r,A,,110.0,1.0
321-K,Imports,30/04/2026 16:11,16015863487,Spoiler Parachoque Par,A,,22.0,0.0
321,Imports,30/04/2026 16:11,16015863486,Spoiler Parachoque,A,,0.0,0.0
319,Imports,30/04/2026 16:11,16015863485,Cilindro Atuador Hidráulico Embreagem Meriva Easytronic,A,,0.0,0.0
315,Imports,30/04/2026 16:11,16015863484,Cinto Anti Alarme Toyota Corolla Adaptador Cinto,A,,0.0,2.0
320,Imports,30/04/2026 16:11,16015863483,Par Lâmpada Xenon Hid D1s 6000k,A,,0.0,1.0
313,Imports,30/04/2026 16:11,16015863482,Esteira Trilho Alavanca Câmbio 8015a066,A,,51.0,0.0
312,Imports,30/04/2026 16:11,16015863481,Esteira Do Câmbio Automático 4at,A,,0.0,0.0
314-K,Imports,30/04/2026 16:11,16015863480,Acessórios Hilux Cinto De Segurança Anti Som Par,A,,0.0,0.0
314,Imports,30/04/2026 16:11,16015863479,Acessórios Hilux Cinto De Segurança Anti Som,A,,0.0,0.0
310,Imports,30/04/2026 16:11,16015863478,Medidor Fluxo Ar 13800-65D00,A,,12.0,102.0
308,Imports,30/04/2026 16:11,16015863477,Filete Maçaneta Toyota Corolla 2015 Á 2019,A,,1.0,0.0
303,Imports,30/04/2026 16:11,16015863476,Válvula Acionamento Diferencial Diant Diafragma S10 Blazer,A,,0.0,0.0
307,Imports,30/04/2026 16:11,16015863475,Carcaça Válvula Termostática 308 3008 408 C4 Ds3 1.6 Thp,A,,0.0,0.0
299,Imports,30/04/2026 16:11,16015863474,Chave Interruptora,A,,0.0,0.0
298-K,Imports,30/04/2026 16:11,16015863473,Par Brucutu Esguicho Para Brisas 986302E100,A,,0.0,114.0
297-K,Imports,30/04/2026 16:11,16015863472,Par Esguicho Agua Brucutu Cruze 2012 2013 2014 2015 2016,A,,0.0,0.0
306,Imports,30/04/2026 16:11,16015863471,Led Parafuso Olho De Águia Carro Moto 23mm,A,,0.0,0.0
294,Imports,30/04/2026 16:11,16015863470,Tubo Cano Óleo Retorno Turbina Peugeot Thp 1613571980 037989,A,,0.0,0.0
291,Imports,30/04/2026 16:11,16015863469,Placa De Fusíveis Bateria Peugeot 3008 C4 Picasso 6500gr,A,,0.0,0.0
295,Imports,30/04/2026 16:11,16015863468,Bomba De Vácuo Para Peugeot E Citroen Thp 1.6 16v Turbo 3008,A,,19.0,0.0
292,Imports,30/04/2026 16:11,16015863467,Sensor Oleo Citroen Picasso Peugeot 307 308 407 408 2.0 16v,A,,22.0,0.0
352,Imports,30/04/2026 16:11,16015863466,Comando Botao Vidro Eletrico Sprinter 311/ 415/ 515 3 Plugs,A,,0.0,0.0
158-1,Imports,30/04/2026 16:11,16015863465,Sensor Pressão Flauta 0281002908,A,,0.0,0.0
275-19,Imports,30/04/2026 16:11,16015863463,Puxador Interno Porta Bmw 528i 535i 550i M5 Oyster,A,,0.0,0.0
99-1,Imports,30/04/2026 16:11,16015863462,Calibrador Sincronizador Sensor Tpms EL-50448,A,,56.0,100.0
241-1,Imports,30/04/2026 16:11,16015863461,Suporte Celular BMW Gs1200 1250 F850 Xr 1000 Por Indução,A,,4.0,1.0
219-K6,Imports,30/04/2026 16:11,16015863460,Jogo 6 Velas Ignição SILZKR7B11,A,,0.0,2.0
170-K4,Imports,30/04/2026 16:11,16015863459,Jogo De Velas Ignição 4un 9091901164,A,,0.0,0.0
149-K4,Imports,30/04/2026 16:11,16015863458,Jogo Velas de Ignição Ngk Iridium Lzfr6ai Airtrek Outlander 2.4,A,,0.0,0.0
Pilha,Imports,30/04/2026 16:11,16015863457,Pilha Palito AAA,A,,0.0,0.0
254-3,Imports,30/04/2026 16:11,16015863456,Bomba Combustivel Gasolina AH22-9H307-AB Sem Filtro,A,,1.0,0.0
J237-K4,Imports,30/04/2026 16:11,16015863455,Capa Cortina Proteção Solar Janela Carro 4 UN,A,,0.0,0.0
J237-K,Imports,30/04/2026 16:11,16015863454,Capa Cortina Proteção Solar Janela Carro 2 UN,A,,0.0,0.0
222-2,Imports,30/04/2026 16:11,16015863453,Pisca Seta Retrovisor Carona Motorista Lado: Esquerdo,A,,33.0,1.0
222-1,Imports,30/04/2026 16:11,16015863452,Pisca Seta Retrovisor Carona Motorista Lado: Direito,A,,20.0,101.0
198-4,Imports,30/04/2026 16:11,16015863451,Maçaneta Externa Kia Sorento 82650-3e010 Traseira Esquerda,A,,14.0,0.0
198-3,Imports,30/04/2026 16:11,16015863450,Maçaneta Externa Kia Sorento 82650-3e010 Traseira Direita,A,,14.0,0.0
198-2,Imports,30/04/2026 16:11,16015863449,Maçaneta Externa Kia Sorento 82650-3e010 Dianteira Esquerda,A,,16.0,0.0
198-1,Imports,30/04/2026 16:11,16015863448,Maçaneta Externa Kia Sorento 82650-3e010 Dianteira Direita,A,,15.0,0.0
189,Imports,30/04/2026 16:11,16015863447,Amortecedor Mola Gás Tampa Caçamba,A,,0.0,0.0
147,Imports,30/04/2026 16:11,16015863446,Vela 1262054,A,,0.0,0.0
250-K,Imports,30/04/2026 16:11,16015863445,Tampa Parachoque Esguicho Farol Azera ( Par ),A,,31.0,0.0
272-K8,Imports,30/04/2026 16:11,16015863444,Filtro Peneira Eixo Balanceador (8pçs),A,,87.0,0.0
272-K4,Imports,30/04/2026 16:11,16015863443,Filtro Peneira Eixo Balanceador (4pçs),A,,174.0,0.0
219-K4,Imports,30/04/2026 16:11,16015863442,Jogo 4 Velas Ignição SILZKR7B11,A,,1.0,3.0
252-K,Imports,30/04/2026 16:11,16015863441,Tampa Lavador Esguicho Farol Focus 2014a 2015,A,,102.0,0.0
44-K4,Imports,30/04/2026 16:11,16015619942,Jogo 4 Vela Ignição Iridium Izfr6h11,A,,0.0,0.0
120,Imports,30/04/2026 16:11,16015612744,Kit Junta Valvula Vtec Civic Ex 1998-2005 1.6 1.7 Original,A,,54.0,1.0
238-K,Imports,30/04/2026 16:11,16015612743,Tela Grade Para Choque Dianteiro Jeep Renegade 735618579l 735618580r Par,A,,4.0,0.0
238,Imports,30/04/2026 16:11,16015612742,Tela Grade Para Choque Dianteiro Jeep Renegade 735618579l 735618580r,A,,0.0,0.0
403,Imports,30/04/2026 16:11,16015612741,Comando Botão Vidro Eletrico  20455317,A,,1.0,100.0
367,Imports,30/04/2026 16:11,16015612740,Roda Livre Manual Gptrend Ford Ranger 4x4,A,,166.0,0.0
398,Imports,30/04/2026 16:11,16015612739,Botão Comando Vidro 254000015r,A,,35.0,100.0
220,Imports,30/04/2026 16:11,16015612738,Vela Ignição Platinium Santa Fé 2.7 2001-2006 Ilfr5b11 (1 Unidades),A,,0.0,1.0
220-K6,Imports,30/04/2026 16:11,16015612737,Vela Ignição Platinium Santa Fé 2.7 2001-2006 Ilfr5b11 (6 Unidades),A,,0.0,0.0
44,Imports,30/04/2026 16:11,16015612736,Vela Ignição Iridium Izfr6h11,A,,0.0,0.0
60,Imports,30/04/2026 16:11,16015612735,Emblema carro Moto BMW F800 Gs 1200,A,,0.0,0.0
455-2,Imports,30/04/2026 16:11,16284891812,Junta Tampa Válvula Azera Vera Cruz Sorento 2007 À 2012- Lado Direito Lado:Esquerdo,A,,0.0,0.0
455-1,Imports,30/04/2026 16:11,16284891811,Junta Tampa Válvula Azera Vera Cruz Sorento 2007 À 2012- Lado Direito Lado:Direito,A,,0.0,0.0
232-6,Imports,30/04/2026 16:11,16267200626,Par Puxador Porta Bmw 320i 328i F30 2013 Á 2017 Cor:Bege Frontal,A,,13.0,0.0
419-2,Imports,30/04/2026 16:11,16068645175,Farol Milha Drl Led Luz Diurno Lado:Esquerdo A2049069000,A,,59.0,116.0
419-1,Imports,30/04/2026 16:11,16068645174,Farol Milha Drl Led Luz Diurno Lado:Direito A2049068900,A,,33.0,19.0
94-2,Imports,30/04/2026 16:11,16015864000,Emblema Lateral VW Logo: 4 Motion,A,,0.0,0.0
94-1,Imports,30/04/2026 16:11,16015863999,Emblema Lateral VW Logo: Clean,A,,0.0,0.0
232-2,Imports,30/04/2026 16:11,16015863998,Par Puxador Porta Bmw 320i 328i F30 2013 Á 2017 Cor: Preto Traseiro,A,,0.0,0.0
227-2,Imports,30/04/2026 16:11,16015863997,Botão Shifter De Câmbio 54132-S84-A81ZA Codigo: 54132 sda a81,A,,0.0,0.0
227-1,Imports,30/04/2026 16:11,16015863995,Botão Shifter De Câmbio 54132-S84-A81ZA Codigo: 54132 s84 a81za,A,,3.0,0.0
254-1,Imports,30/04/2026 16:11,16015863991,Bomba Combustivel Gasolina AH22-9H307-AB Com: Filtro LR057235 LR044427 LR026192,A,,0.0,0.0
127-17,Imports,30/04/2026 16:11,16015863990,Vibrador Duplo U C Clitóris Controle Casal Tipo We-vibe Usb Cor: Roxo,A,,0.0,0.0
127-9,Imports,30/04/2026 16:11,16015863988,Vibrador Duplo U C Clitóris Controle Casal Tipo We-vibe Usb Cor: Rosa,A,,0.0,0.0
250-2,Imports,30/04/2026 16:11,16015863987,Tampa Parachoque Esguicho Farol Azera Lado: Esquerdo,A,,51.0,0.0
250-1,Imports,30/04/2026 16:11,16015863986,Tampa Parachoque Esguicho Farol Azera Lado: Direito,A,,31.0,1.0
252-2,Imports,30/04/2026 16:11,16015863985,Tampa Lavador Esguicho Farol Focus 2014a 2015 Lado: Esquerdo,A,,113.0,0.0
252-1,Imports,30/04/2026 16:11,16015863984,Tampa Lavador Esguicho Farol Focus 2014a 2015 Lado: Direito,A,,102.0,100.0
232-5,Imports,30/04/2026 16:11,16015863983,Par Puxador Porta Bmw 320i 328i F30 2013 Á 2017 Cor: Bege Frontal,A,,0.0,0.0
232-1,Imports,30/04/2026 16:11,16015863982,Par Puxador Porta Bmw 320i 328i F30 2013 Á 2017 Cor: Preto Frontal,A,,10.0,0.0
230-2,Imports,30/04/2026 16:11,16015863981,Tampa Esguicho Parachoque 61677211209 Lado: Esquerdo,A,,1.0,5.0
230-1,Imports,30/04/2026 16:11,16015863980,Tampa Esguicho Parachoque 61677211209 Lado: Direito,A,,0.0,6.0
27-2,Imports,30/04/2026 16:11,16015863979,Engrenagem Caixa de Transferencia Bmw X3 3.0 Cor: Branco 27107566296,A,,3.0,0.0
27-1,Imports,30/04/2026 16:11,16015863978,Engrenagem Caixa de Transferencia Bmw X3 3.0 Cor: Preto 8473227771,A,,0.0,0.0
239-2,Imports,30/04/2026 16:11,16015863977,Olho De Gato Refletor Para-choque Traseiro Bmw 320i Lado: ESQUERDO,A,,0.0,0.0
239-1,Imports,30/04/2026 16:11,16015863976,Olho De Gato Refletor Para-choque Traseiro Bmw 320i Lado: DIREITO,A,,0.0,0.0
79,Imports,30/04/2026 16:11,16015863653,Mini Bomba D'água Voltagem: 19w 5m 800l/h 12v Dc,A,,0.0,0.0
78,Imports,30/04/2026 16:11,16015863652,Mini Bomba D'água Voltagem: 22w 5m 800l/h 24v Dc,A,,75.0,10.0
392-2,Imports,30/04/2026 16:11,16015863650,Amortecedor Tampa Da Caçamba Traseira Gun125 2016 2022 Lado: Esquerdo,A,,0.0,0.0
392-1,Imports,30/04/2026 16:11,16015863649,Amortecedor Tampa Da Caçamba Traseira Gun125 2016 2022 Lado: Direito,A,,0.0,0.0
394-2,Imports,30/04/2026 16:11,16015863648,Trava Presília Mangueira Intercooler Menor,A,,0.0,0.0
394-1,Imports,30/04/2026 16:11,16015863647,Trava Presília Mangueira Intercooler Maior,A,,0.0,0.0
393-2,Imports,30/04/2026 16:11,16015863646,Anel Vedação Da Mangueira Intercooler Menor,A,,0.0,0.0
393-1,Imports,30/04/2026 16:11,16015863645,Anel Vedação Da Mangueira Intercooler Maior,A,,0.0,0.0
306-2-K,Imports,30/04/2026 16:11,16015863644,Led Parafuso Olho De Águia Carro Moto 23mm - 1 Par Cor: Preto,A,,0.0,0.0
306-10-K,Imports,30/04/2026 16:11,16015863643,Led Parafuso Olho De Águia Carro Moto 23mm - 1 Par Cor: Prata,A,,0.0,0.0
306-2,Imports,30/04/2026 16:11,16015863642,Led Parafuso Olho De Águia Carro Moto 23mm COR: Preto,A,,0.0,0.0
306-10,Imports,30/04/2026 16:11,16015863641,Led Parafuso Olho De Águia Carro Moto 23mm COR: Prata,A,,0.0,0.0
385-4,Imports,30/04/2026 16:11,16015863640,Luz Subaquática Submarina 42 Leds 12v Barcos Lanchas Iates Cor: Azul,A,,52.0,2.0
385-2,Imports,30/04/2026 16:11,16015863639,Luz Subaquática Submarina 42 Leds 12v Barcos Lanchas Iates Cor: Branco,A,,41.0,3.0
377-4-K,Imports,30/04/2026 16:11,16015863637,2 Luz Lâmpada Subaquática 27 Leds Super Potência Barco Lancha Azul,A,,8.0,0.0
377-4,Imports,30/04/2026 16:11,16015863636,Luz Lâmpada Subaquática 27 Leds Super Potência Barco Lancha Cor: Azul,A,,16.0,0.0
377-2,Imports,30/04/2026 16:11,16015863632,Luz Lâmpada Subaquática 27 Leds Super Potência Barco Lancha Cor: Branco,A,,12.0,1.0
375-2,Imports,30/04/2026 16:11,16015863631,Seta Pisca Retrovisor 87613-2P000-FC 87623-2P000-FC Esquerdo: ( Motorista ),A,,22.0,0.0
375-1,Imports,30/04/2026 16:11,16015863630,Seta Pisca Retrovisor 87613-2P000-FC 87623-2P000-FC Direito: ( Passageiro ),A,,21.0,0.0
299-2,Imports,30/04/2026 16:11,16015863629,Chave Interruptora Luzes com Farol de Neblina 3c8 941 431b,A,,0.0,0.0
299-1,Imports,30/04/2026 16:11,16015863628,Chave Interruptora Luzes com Farol Milha e Neblina 1z0 941 431,A,,37.0,0.0
374-2,Imports,30/04/2026 16:11,16015863626,Grade De Luz De Nevoeiro Inferior Lado: Esquerdo,A,,0.0,0.0
374-1,Imports,30/04/2026 16:11,16015863625,Grade De Luz De Nevoeiro Inferior Lado: Direito,A,,0.0,0.0
364-4,Imports,30/04/2026 16:11,16015863624,Adaptador Sem Fio Wireless Qi Indução Type: iPhone,A,,0.0,0.0
364-3,Imports,30/04/2026 16:11,16015863623,Adaptador Sem Fio Wireless Qi Indução Type: C,A,,0.0,0.0
364-2,Imports,30/04/2026 16:11,16015863622,Adaptador Sem Fio Wireless Qi Indução Type: B,A,,0.0,0.0
364-1,Imports,30/04/2026 16:11,16015863620,Adaptador Sem Fio Wireless Qi Indução Type: A,A,,0.0,0.0
325-2,Imports,30/04/2026 16:11,16015863619,Tampa Amortecedor Lado: Esquerdo 8K0 803 593,A,,0.0,0.0
325-1,Imports,30/04/2026 16:11,16015863618,Tampa Amortecedor Lado: Direito 8K0 803 594,A,,1.0,0.0
321-2,Imports,30/04/2026 16:11,16015863617,Spoiler Parachoque Lado: Esquerdo,A,,23.0,0.0
321-1,Imports,30/04/2026 16:11,16015863616,Spoiler Parachoque Lado: Direito,A,,22.0,0.0
189-2,Imports,30/04/2026 16:11,16015863538,Amortecedor Mola Gás Tampa Caçamba Lado: Esquerdo,A,,0.0,0.0
189-1,Imports,30/04/2026 16:11,16015863537,Amortecedor Mola Gás Tampa Caçamba Lado: Direito,A,,0.0,0.0
238-1,Imports,30/04/2026 16:11,16015612746,Tela Grade Para Choque Dianteiro Jeep Renegade 735618579l 735618580r Lado: Direito,A,,11.0,0.0
238-2,Imports,30/04/2026 16:11,16015612745,Tela Grade Para Choque Dianteiro Jeep Renegade 735618579l 735618580r Lado: Esquerdo,A,,4.0,0.0
shopee-3008,Dona Nina,12/05/2026 17:00,16629078895,Caneta Micro Aerografo Reparo Automativo,A,,1.0,102.0
1136,Dona Nina,12/05/2026 17:00,16456529760,Carburador Motosserra Ms210/025/230/250,A,,0.0,94.0
1131,Dona Nina,12/05/2026 17:00,16456523726,Carburador Para Motosserra 61 Nova 268 272,A,,0.0,103.0
3022,Dona Nina,12/05/2026 17:00,16455197104,Botão Comando Vidro Elétrico Quadruplo 2006 Até 2012,A,,18.0,101.0
3021,Dona Nina,12/05/2026 17:00,16455195129,Fogareiro Elétrico Cooktop Camping Xfire 2000w 220v Preto,A,,0.0,0.0
3020,Dona Nina,12/05/2026 17:00,16455192376,Tacômetro Sem Fio Para Medir Rotação Rpm,A,,1.0,102.0
3019,Dona Nina,12/05/2026 17:00,16455190295,Tecla Comando Retrovisor Vidro Trava Elétr Caminhao,A,,0.0,99.0
3018,Dona Nina,12/05/2026 17:00,16455186763,Chave Saca Filtro Universal Sacador Ajustável 60-120mm,A,,0.0,99.0
3017,Dona Nina,12/05/2026 17:00,16455184873,Bussola Marítima De Sobrepor Barco E Lancha,A,,0.0,96.0
3016,Dona Nina,12/05/2026 17:00,16455182407,Chave Geral Barcos Lanchas 2 Baterias 350 Amp. 12/24/32v 4p,A,,0.0,98.0
3015,Dona Nina,12/05/2026 17:00,16455179842,Capa Chave Carro Canivete Acessórios,A,,0.0,100.0
3014,Dona Nina,12/05/2026 17:00,16455177344,Máquina De Jateamento De Areia Pneumática Portátil Anti-ferrugem,A,,0.0,0.0
3013,Dona Nina,12/05/2026 17:00,16455173686,"Esticador Tensionador Catraca Arquear Fita Pet 13, 16 E 19mm",A,,46.0,101.0
3012,Dona Nina,12/05/2026 17:00,16455170036,Timer De Fluxo Água Temporizador Irrigação Programável,A,,3.0,128.0
3011,Dona Nina,12/05/2026 17:00,16455166952,Economizador Redutor Carga De Energia Elétrica Diário,A,,0.0,100.0
3010,Dona Nina,12/05/2026 17:00,16455163147,Solenoide Para Guincho Winch Elétrico 12000lbs,A,,17.0,110.0
3009,Dona Nina,12/05/2026 17:00,16455159789,Medidor De Condutividade Tds Ec Água Ppm Us/cm Termometro,A,,0.0,117.0
3008,Dona Nina,12/05/2026 17:00,16455155123,Caneta Micro Aerografo Reparo Automativo,A,,1.0,102.0
3007,Dona Nina,12/05/2026 17:00,16455152278,Soldador de Reparo de Plástico,A,,0.0,97.0
3006,Dona Nina,12/05/2026 17:00,16455138656,SKU VAGO,A,,0.0,0.0
3005,Dona Nina,12/05/2026 17:00,16453844911,Verificador de Diamantes,A,,0.0,96.0
3004,Dona Nina,12/05/2026 17:00,16453843940,Maçaneta Tampa Traseira,A,,2.0,100.0
3003,Dona Nina,12/05/2026 17:00,16453841237,Comutador Eletr Ignição Partida Trava Direção,A,,10.0,106.0
3002,Dona Nina,12/05/2026 17:00,16453839542,Medidor De Consumo Potência Tensão Corrente Tomada Elétrica 110V/220V,A,,0.0,98.0
3001,Dona Nina,12/05/2026 17:00,16453835071,Mangueira Tubo Duplo De Combustível 2.3 Multijet,A,,0.0,100.0
1108,Dona Nina,12/05/2026 17:00,16365704644,Ponta de transmissão para roçadeira 9 estrias tubo 28mm,A,,0.0,91.0
2103,Dona Nina,12/05/2026 17:00,16365699662,COMMERCIAL INVOICE 4 loja 2 Tradução COMMERCIAL INVOICE 4 loja 2 Tradução 100% 8 E64  Trocador de calor de óleo,A,,0.0,100.0
2102-2,Dona Nina,12/05/2026 17:00,16365697612,Maçaneta da porta lateral deslizante com base externa,A,,29.0,125.0
2101,Dona Nina,12/05/2026 17:00,16365696805,Reservátorio de água do radiador com tampa,A,,0.0,99.0
2100,Dona Nina,12/05/2026 17:00,16365695587,Termômetro Digital para freezer Max Min Cabo Externo Interno 1 M,A,,1.0,98.0
2099,Dona Nina,12/05/2026 17:00,16365694118,Tambor de embreagem 28mm 9 estrias 43/52cc cortador de roçadeira,A,,0.0,93.0
2098,Dona Nina,12/05/2026 17:00,16365692544,Cabo do acelerador do cabo do gatilho tubo da roçadeira 19mm universal,A,,0.0,98.0
2097,Dona Nina,12/05/2026 17:00,16365690090,Batente de porta magnético escovado,A,,0.0,113.0
2096,Dona Nina,12/05/2026 17:00,16365682309,Módulo de bobina de ignição para cortador de grama,A,,28.0,100.0
1099-k,Dona Nina,12/05/2026 17:00,16339078494,Par Pisca Seta Retrovisor Kia Sorento,A,,4.0,108.0
2095,Dona Nina,12/05/2026 17:00,16295710714,Carburador Completo Roçadeira Honda Umk 435 Gx25 Gx35,A,,1.0,92.0
2094,Dona Nina,12/05/2026 17:00,16295708319,Carburador Para Motosserra Stihl Modelo 361 Ms361,A,,0.0,93.0
2093,Dona Nina,12/05/2026 17:00,16295706275,Carburador Para Soprador Stihl Bg56 Bg86,A,,0.0,94.0
2092,Dona Nina,12/05/2026 17:00,16295705060,Eixo Do Came P/ Martelete Hr2470 Original Makita - 324668-1,A,,60.0,113.0
2091,Dona Nina,12/05/2026 17:00,16295703742,Eixo Peças # 41 Ao #52 Martelete Makita Hr2470,A,,0.0,98.0
2090,Dona Nina,12/05/2026 17:00,16295701802,Carburador Cpl Roçadeira Husqvarna 128r Rj P1500 Original,A,,0.0,99.0
2089,Dona Nina,12/05/2026 17:00,16295692466,"Endoscopio Boroscopio Camera 1080p Inspeção Tela 4.3 Hd """,A,,1.0,100.0
2051-k,Dona Nina,12/05/2026 17:00,16281098552,"2 Medidores Fluxo Digital Hidrômetro, Diesel, Químicos Etc.",A,,0.0,50.0
1095/1098,Dona Nina,12/05/2026 17:00,16265791818,carburador completo virago com coletor (1098+1095),A,,4.0,102.0
1020-K,Dona Nina,12/05/2026 17:00,16258840179,Par Lanterna Refletor Parachoque Compass 2017 2018 Jeep Original,A,,57.0,92.0
2078-K,Dona Nina,12/05/2026 17:00,16258835135,Par Pisca Retrovisor Hyundai Ix35 Importado Novo,A,,0.0,92.0
2088,Dona Nina,12/05/2026 17:00,16240452653,Resistência Elétrica Sauna Vapor Sodramar 6/9/12kw,A,,49.0,98.0
2087,Dona Nina,12/05/2026 17:00,16240450056,Caneta Teste Testador Fluído Freios Para Dot 3 4 5 Sem Pilha,A,,71.0,100.0
2086,Dona Nina,12/05/2026 17:00,16240418607,Botão Retrovisor Elétrico Saveiro 2008 2009 2010 2011 2012,A,,0.0,101.0
2085,Dona Nina,12/05/2026 17:00,16240410124,Bafômetro Etilômetro Digital Portátil Lcd Medidor Álcool Nfe,A,,53.0,108.0
2084,Dona Nina,12/05/2026 17:00,16240405592,Chave Corta Circuito Cordão Motor De Popa E Jet Ski Yamaha,A,,0.0,0.0
2083,Dona Nina,12/05/2026 17:00,16240387210,Carretel Nylon Roçadeira 236r 143rii Husqvarna T35 M12 Cor Preto,A,,0.0,92.0
2051-10k,Dona Nina,12/05/2026 17:00,16215555698,"10 Medidores Fluxo Digital Hidrômetro, Diesel, Químicos Etc.",A,,0.0,10.0
2079,Dona Nina,12/05/2026 17:00,16167852020,Botão Vidro Elétrico Passageiro Jetta Passat Tiguan Amarok,A,,0.0,100.0
2082,Dona Nina,12/05/2026 17:00,16155775154,Embreagem Roçadeira Husqvarna 226 / Nakashi Tu-26 - Completa,A,,0.0,93.0
2081,Dona Nina,12/05/2026 17:00,16155766492,Buzzer Sirene Sensor Ré Fox Jetta Amarok Gol Passat Cc Golf,A,,0.0,92.0
2080,Dona Nina,12/05/2026 17:00,16155735956,Sensor Temperatura Externa Agile Astra Corsa Vectra Zafira,A,,0.0,96.0
1160-1k,Dona Nina,12/05/2026 17:00,16149338289,2 Unidades Bastão Alcalinizante Ionizador De Àgua,A,,0.0,57.0
2078,Dona Nina,12/05/2026 17:00,16111783750,Pisca Retrovisor Hyundai Ix35 Lado Direito Importado Novo,A,,0.0,0.0
1167-2-10K,Dona Nina,12/05/2026 17:00,16095536076,PAGER RETEKES Chamador Wireless COR:BRANCO,A,,0.0,0.0
1167-1-10k,Dona Nina,12/05/2026 17:00,16095521755,PAGER RETEKES Chamador Wireless,A,,0.0,0.0
2077,Dona Nina,12/05/2026 17:00,16077863169,Cambagem - Ferramenta Magnética - Alinhador Universal,A,,1.0,97.0
2070,Dona Nina,12/05/2026 17:00,16077809814,Break Light Jeep Renegade 2015 2016 2017 2018 2019,A,,1.0,89.0
2072,Dona Nina,12/05/2026 17:00,16074852013,"Luva, Empunhadura, Grip Tático Para Pistolas Taurus Pt24",A,,0.0,0.0
2073,Dona Nina,12/05/2026 17:00,16074685832,Tarrachas Em Linha P/ Guitarra Com Travas Padrão Eua,A,,44.0,103.0
2071,Dona Nina,12/05/2026 17:00,16074639561,Bobina Ignição Jet Sky Yamaha Vx 1000 E Vx1100,A,,22.0,101.0
2061,Dona Nina,12/05/2026 17:00,16074605386,Mangueira Do Filtro De Ar Vectra 94/95/96 2.0 8v 90324550,A,,3.0,105.0
2062,Dona Nina,12/05/2026 17:00,16069426782,Mangueira Filtro Ar New Civic 1.8 12 À 2015 Hrv 1.8 16/2018,A,,0.0,100.0
2069,Dona Nina,12/05/2026 17:00,16067504074,Válvula Termostática Hyundai Creta Hb20 I30 Veloster Kiasoul,A,,121.0,103.0
2064,Dona Nina,12/05/2026 17:00,16065041518,Maquina Spa Facial Vapor Ozônio Limpeza Da Pele E Capilar,A,,0.0,0.0
2055,Dona Nina,12/05/2026 17:00,16064853904,Rotulador Manual Tex Preto Rotuladora Etiquetadora E101,A,,2.0,97.0
2059,Dona Nina,12/05/2026 17:00,16057606288,Mira Laser P/ Airsoft 11 Ou 20 Mm Com Bateria Pronta Entrega,A,,0.0,154.0
1164,Dona Nina,12/05/2026 17:00,16056384234,Caneta Limpeza De Conectores Ópticos Fibra Optica Lc 1.25mm,A,,0.0,100.0
1167,Dona Nina,12/05/2026 17:00,16056373205,PAGER RETEKES Chamador Wireless,A,,0.0,0.0
1155,Dona Nina,12/05/2026 17:00,16055439282,Colimador Laser Aferidor Mira 22 Até 50 Bore Sigh,A,,164.0,87.0
1067,Dona Nina,12/05/2026 17:00,16053474717,Botão Chave Comando Manche Power Trim Motor Popa Yamaha,A,,104.0,113.0
1171,Dona Nina,12/05/2026 17:00,16052552455,Acabamento Parabrisa Dianteiro Original Hyundai I30 Cw,A,,0.0,0.0
2057,Dona Nina,12/05/2026 17:00,16049054781,2057 - Medidor De Umidade De Madeira Display Lcd Digital Mt-10g,A,,1.0,108.0
2054,Dona Nina,12/05/2026 17:00,16046906116,Medidor Digital Ph 4x1 Solo Plantas Umidade Termômetro H3590,A,,0.0,100.0
2052,Dona Nina,12/05/2026 17:00,16046874581,Medidor Digital De Fluxo Vazão Água/diesel/arla 32/químicos.,A,,0.0,97.0
2056,Dona Nina,12/05/2026 17:00,16046762994,Leitor Bolso Código De Barras Scanner Verde,A,,0.0,96.0
2058,Dona Nina,12/05/2026 17:00,16046692364,2058 - Medidor Digital 5 Em 1 Ph Salinidade Tds Ec Temp M4258,A,,3.0,115.0
2051,Dona Nina,12/05/2026 17:00,16046618287,"Medidor Fluxo Digital Hidrômetro, Diesel, Químicos Etc.",A,,0.0,101.0
1114,Dona Nina,12/05/2026 17:00,16046549218,Kit Bomba De Óleo C/ Engrenagem Motosserra Stihl 038/380/381,A,,36.0,110.0
2050,Dona Nina,12/05/2026 17:00,16046199107,Goniômetro Transferidor Medidor Ângulo Digital 20cm Aço Inox,A,,89.0,153.0
2049,Dona Nina,12/05/2026 17:00,16046171522,Botão Interruptor Vidro Elétrico Sandero Duster Logan,A,,0.0,100.0
1160-1,Dona Nina,12/05/2026 17:00,16045561498,Bastão Ionizador Vara Alcalinizante Água Alcalina menor,A,,1.0,114.0
1044,Dona Nina,12/05/2026 17:00,16045551951,Módulo Obd Automação Do Vidro Teto Chevrolet Cruze Ate 2014,A,,0.0,96.0
1010,Dona Nina,12/05/2026 17:00,16044207312,Bico Injetor Ssangyoung Actyon E Kyron 2.0 16v N,A,,0.0,100.0
1099,Dona Nina,12/05/2026 17:00,16043981668,Pisca Seta Retrovisor Kia Sorento,A,,0.0,0.0
1129,Dona Nina,12/05/2026 17:00,16043372913,Horimetro Moto Trilha Enduro Motocross Crf Ktm Kx Yz Xr Xtz,A,,0.0,0.0
1030,Dona Nina,12/05/2026 17:00,16043364981,Fecho Cinto Seguranca C/chicote E Sensor Mz2032s Mz2008ef,A,,45.0,108.0
1096,Dona Nina,12/05/2026 17:00,16043364233,Carburador P/ Yamaha Jog 49cc 50cc 2t,A,,24.0,104.0
1163,Dona Nina,12/05/2026 17:00,16043360270,Chamador Wireless Sem Filas Restaurantes Bares C/ 16 Fichas sem antena,A,,0.0,0.0
1051,Dona Nina,12/05/2026 17:00,16043356602,GERADOR DE OZONIO 110V,A,,1.0,105.0
1013,Dona Nina,12/05/2026 17:00,16033634037,Maçaneta Interna Mercedes C180 C250 C230 C280X',A,,0.0,0.0
1095,Dona Nina,12/05/2026 17:00,16033618011,Coletor Admissão Virago Xv250 Kansas V-blade,A,,4.0,116.0
1098,Dona Nina,12/05/2026 17:00,16033608725,Carburador Completo Virago 250 V-blade 250 Kansas Furia,A,,34.0,102.0
1144,Dona Nina,12/05/2026 17:00,16033599801,Comando Botão Interruptor Vidro Eletrico S10 Blaser 95/2011,A,,0.0,97.0
1102,Dona Nina,12/05/2026 17:00,16033597013,Atuador Roda Livre Mitsubishi 4x4 Pajero Io / Tr4 / Mr399264,A,,0.0,99.0
1055,Dona Nina,12/05/2026 17:00,16033591180,Bomba De Combustível Retroescavadeira Caterpillar 416e,A,,13.0,105.0
1062,Dona Nina,12/05/2026 17:00,16033577659,Kit Reparo Carburador Virago Vx 250 Pistonetes E Jet Kit,A,,0.0,100.0
1059,Dona Nina,12/05/2026 17:00,16032929420,Suporte Porta Copo Mercedes Benz C180 C200 C250 Glc200 W205,A,,0.0,0.0
1117,Dona Nina,12/05/2026 17:00,16032926918,Sensor Temperatura Ar Condicionado Tucson 97143-1m000,A,,0.0,100.0
1152,Dona Nina,12/05/2026 17:00,16032910678,Equalizador 5 Bandas Viola E Violâo Captador Equalisador,A,,112.0,144.0
1150,Dona Nina,12/05/2026 17:00,16032902943,Carrinho Stunt Rc Relógio Gestos De Mão Sensor Acrobático,A,,0.0,0.0
1027,Dona Nina,12/05/2026 17:00,16032900522,Botão Comando Vidro Elétrico Mercedes-benz,A,,39.0,99.0
1090,Dona Nina,12/05/2026 17:00,16032889179,"Acelerador (punho) Bicicleta , Scooter",A,,0.0,99.0
1025,Dona Nina,12/05/2026 17:00,16032886536,Tampa Combustivel Caterpillar 416e 924h 216b 2010330 3043885,A,,33.0,109.0
1093,Dona Nina,12/05/2026 17:00,16025200719,Bomba De Gasolina Combustível Vacuo Mikuni Kart Moto,A,,0.0,100.0
1005-K,Dona Nina,12/05/2026 17:00,16025179591,par Soquete Tr4 Lampada Farol Mitsubishi Pajero,A,,90.0,63.0
2048,Dona Nina,12/05/2026 17:00,16010647508,Filtro De Ar Honda Trx Fourtrax Rancher 420cc 2007 A 2013,A,,4.0,105.0
1022-K,Dona Nina,12/05/2026 17:00,16000933773,Par De Guias Do Farol Honda Hr-v 2016 - 2018,A,,44.0,100.0
1148,Dona Nina,12/05/2026 17:00,16000928816,Comando Botão Do Vidro Elétrico Vectra A 93 94 95 96,A,,0.0,98.0
1121,Dona Nina,12/05/2026 17:00,16000926034,Carburador Compatível Motosserra Stihl Ms170 Ms180 Mod. Zama,A,,3.0,97.0
1111,Dona Nina,12/05/2026 17:00,16000921588,Carburador Roçadeira Stihl Fs75 Fs80 Fs85 Fr85,A,,2.0,117.0
1110,Dona Nina,12/05/2026 17:00,16000919855,Vela Os N 8 Automodelos E Aeromodelos Glow Plug Original,A,,0.0,100.0
1109,Dona Nina,12/05/2026 17:00,16000913971,Reparo Carburador Roçadeira Stihl Modelo Zama Fs160/220//,A,,0.0,110.0
1078,Dona Nina,12/05/2026 17:00,16000908892,Reservatório Direção Hidráulica Honda Civic 2001 Ate 2006,A,,108.0,104.0
1077,Dona Nina,12/05/2026 17:00,16000906403,Caneta Para Limpeza Sc Conectores Ópticos Fibra Optica 2.5m,A,,258.0,110.0
1063,Dona Nina,12/05/2026 17:00,16000903702,Interruptor Botao Comando Vidro Retrovisor Peugeot 206 207,A,,0.0,93.0
1043,Dona Nina,12/05/2026 17:00,16000901568,Sensor Temperatura Externa Peugeot 2008 3008 208 308,A,,0.0,100.0
1041,Dona Nina,12/05/2026 17:00,16000899414,Bomba Universal Gasolina Diesel Trator Lancha - 3.6 Psi 12v,A,,139.0,132.0
1033,Dona Nina,12/05/2026 17:00,16000850607,Botão Comando Do Vidro Elétrico Mercedes Benz C180/c200,A,,40.0,101.0
1008,Dona Nina,12/05/2026 17:00,16000841188,mangueira radiador pegeot c4,A,,11.0,108.0
1048,Dona Nina,12/05/2026 17:00,16000831740,100 Folhas Comestivel Bolos Bebidas Artesanato 9 X 9cm,A,,0.0,0.0
1020,Dona Nina,12/05/2026 17:00,16000817298,Lanterna Refletor Parachoque Compass 2017 2018 Jeep Original,A,,0.0,0.0
1119,Dona Nina,12/05/2026 17:00,16000805074,Valvula Vvt Solenoide Pressão Óleo I30 Tucson Sportage 2.0,A,,42.0,117.0
1005,Dona Nina,12/05/2026 17:00,16000793832,Soquete Tr4 Lampada Farol Mitsubishi Pajero Tr4 33116sd4961,A,,180.0,126.0
1023,Dona Nina,12/05/2026 17:00,16000787855,Reservatório Direção Hidráulica Honda New Civic 2007 / 2011,A,,32.0,112.0
1054,Dona Nina,12/05/2026 17:00,16000783205,Avr Sx460 Regulador Módulo Gerador Tensão,A,,4.0,118.0
2041,Dona Nina,12/05/2026 17:00,16000597796,Calibrador De Pneus Portátil 12 Volts Digital Compressor Ar,A,,0.0,0.0
2022,Dona Nina,12/05/2026 17:00,16000335657,Lâmpada Projetor Epson X24 X24+ S18 X18 X17 S17 Elplp78 Case,A,,243.0,147.0
2023,Dona Nina,12/05/2026 17:00,16000331244,"Cortador De Isopor, Acetato, Espuma Elétrico Lamina 15cm Nfe",A,,0.0,129.0
2024,Dona Nina,12/05/2026 17:00,16000330226,Lâmpada Projetor Sony C-162 Vpl-es3 Vpl-es4 Vpl-ex3 Vplex4,A,,68.0,106.0
2027,Dona Nina,12/05/2026 17:00,16000327183,"Cortador De Isopor, Acetato, Espuma Elétrico Lamina 10cm Nfe",A,,80.0,124.0
2028,Dona Nina,12/05/2026 17:00,16000326254,Alto Falante Macbook Retina A1502 2013 2014 2015 Speaker,A,,0.0,121.0
2029,Dona Nina,12/05/2026 17:00,16000324725,Comando Botão Vidro Dianteiro Jac J3 2010 2011 2012 2013,A,,143.0,123.0
2031,Dona Nina,12/05/2026 17:00,16000322886,Mini Rádio Digital Am/fm Estéreo Portátil Com Fone De Ouvido,A,,0.0,0.0
2032,Dona Nina,12/05/2026 17:00,16000320474,Captador + Eq. 4 Bandas - Eq 7545r P/ Violão Aço Ou Nylon,A,,126.0,114.0
2034,Dona Nina,12/05/2026 17:00,16000317258,Captador De Contato Piezo Cristal Violão Viola Ukulele,A,,0.0,120.0
2038,Dona Nina,12/05/2026 17:00,16000303972,"Manopla P/ Harley Sportster 883,xr1200 Touring Dyna Softail",A,,1.0,103.0
2014,Dona Nina,12/05/2026 17:00,16000300968,Sistema Keyless Startstop Universal Com 2 Chaves Chip Alarme,A,,6.0,118.0
2011,Dona Nina,12/05/2026 17:00,16000297191,Sino Budista Para Meditação - Tigela Budista Ioga,A,,1.0,88.0
2009,Dona Nina,12/05/2026 17:00,16000295639,Teste Analisador De Bateria Cca Konnwei Kw208 Portugues,A,,4.0,145.0
2007,Dona Nina,12/05/2026 17:00,16000292896,Chave Regulagem Carburador Motor 2 tempos,A,,0.0,96.0
2005,Dona Nina,12/05/2026 17:00,16000285095,Lanterna Mitsubishi Asx 2010 a 2019,A,,0.0,0.0
2004,Dona Nina,12/05/2026 17:00,16000283089,Lanterna Parachoque Re Refletor Pajero Dakar Ou Sport 10-19,A,,0.0,0.0
2000,Dona Nina,12/05/2026 17:00,16000272644,Moldura Neblina Milha Grade Mitsubish Outlander 2014 2015,A,,0.0,0.0
2064-2,Dona Nina,12/05/2026 17:00,16252500711,Maquina Spa Facial Vapor Ozônio Limpeza Da Pele E Capilar Maquina Spa Facial Vapor Ozônio Limpeza Da Pele E Capilar 220v,A,,0.0,105.0
2064-1,Dona Nina,12/05/2026 17:00,16252351380,Maquina Spa Facial Vapor Ozônio Limpeza Da Pele E Capilar Maquina Spa Facial Vapor Ozônio Limpeza Da Pele E Capilar 110v,A,,0.0,102.0
2078-2,Dona Nina,12/05/2026 17:00,16194805398,Pisca Retrovisor Hyundai Ix35 Lado Direito Importado Novo Pisca Retrovisor Hyundai Ix35:LADO ESQUERDO,A,,66.0,92.0
2078-1,Dona Nina,12/05/2026 17:00,16194805397,Pisca Retrovisor Hyundai Ix35 Lado Direito Importado Novo Pisca Retrovisor Hyundai Ix35:LADO DIREITO,A,,0.0,107.0
2072-1,Dona Nina,12/05/2026 17:00,16107858832,"Luva, Empunhadura, Grip Tático Para Pistolas Taurus Pt24 COR:PRETO",A,,0.0,101.0
2072-16,Dona Nina,12/05/2026 17:00,16104671685,"Luva, Empunhadura, Grip Tático Para Pistolas Taurus Pt24 COR:VERDE ESCURO",A,,25.0,120.0
1013-1,Dona Nina,12/05/2026 17:00,16048436066,Maçaneta Interna Mercedes C180 C250 C230 C280X' DIREITA,A,,0.0,100.0
1099-2,Dona Nina,12/05/2026 17:00,16043990561,Pisca Seta Retrovisor Kia Sorento LADO:ESQUERDO,A,,4.0,112.0
1099-1,Dona Nina,12/05/2026 17:00,16043990552,Pisca Seta Retrovisor Kia Sorento LADO:DIREITO,A,,7.0,108.0
1020-2,Dona Nina,12/05/2026 17:00,16000857196,Lanterna Refletor Parachoque Compass 2017 2018 Jeep Original LADO:ESQUERDO,A,,57.0,92.0
1020-1,Dona Nina,12/05/2026 17:00,16000857181,Lanterna Refletor Parachoque Compass 2017 2018 Jeep Original LADO:DIREITO,A,,70.0,99.0
1048-30,Dona Nina,12/05/2026 17:00,16000837741,100 Folhas Comestivel Bolos Bebidas Artesanato 9 X 9cm cor:OURO,A,,44.0,166.0
MLB3097206185,Carlos José,27/05/2026 07:22,16629826509,Par Puxador Porta Traseira Bmw 320i 328i 335i 2013 - 2018,A,,0.0,0.0
MLB3097350411,Carlos José,27/05/2026 07:22,16629826507,Par Puxador Porta Traseira Bmw 320i 328i F30 2011 - 2015,A,,0.0,0.0
MLB3097242834,Carlos José,27/05/2026 07:22,16629826497,Par Puxador Porta Traseira Bmw 320i 328i 335i 2013 A 2018,A,,0.0,0.0
499,Carlos José,27/05/2026 07:22,16566914260,Vidro Traseiro Vigia Mitsubishi L200 Triton 2008 A 2016,A,,0.0,0.0
M1X3A4,Carlos José,27/05/2026 07:22,16554572170,Matriz De Gravação Permanente Tam  1X3A4 - Eletroquímica,A,,10.0,0.0
M1x2A4,Carlos José,27/05/2026 07:22,16554572091,Matriz De Gravação Permanente Tam  1x2 A4 - Eletroquímica,A,,10.0,0.0
M4x4,Carlos José,27/05/2026 07:22,16554571891,Matriz De Gravação Permanente Tam  4X4 - Eletroquímica,A,,0.0,0.0
MA4,Carlos José,27/05/2026 07:22,16554213769,Matriz De Gravação Permanente Tam  A4 - Eletroquímica,A,,10.0,0.0
503-4,Carlos José,27/05/2026 07:22,16471288666,Compressor de motor de geladeira ZH45G 24V,A,,84.0,0.0
503-3,Carlos José,27/05/2026 07:22,16471282073,Compressor de motor de geladeira ZH35G DC 12V-24V,A,,1.0,7.0
503-2,Carlos José,27/05/2026 07:22,16471279717,Compressor de motor de geladeira ZH75G DC12V-24V,A,,94.0,0.0
503-1,Carlos José,27/05/2026 07:22,16471263032,Compressor de motor de geladeira ZH25G DC 12V,A,,182.0,2.0
385-4-4K,Carlos José,27/05/2026 07:22,16463844467,4 Luzes Subaquática Submarina 42 Leds 12v Barcos Lanchas Iates Cor: Azul,A,,12.0,0.0
,Carlos José,27/05/2026 07:22,16346612386,a,A,,0.0,0.0
308-1,Carlos José,27/05/2026 07:22,16328141266,Capa Maçaneta cromada para Toyota Corolla 2015 Á 2019,A,,0.0,0.0
1000,Carlos José,27/05/2026 07:22,16285480727,Botão Comando Vidro Elétrico Mercedes Axor Atego,A,,2.0,0.0
462,Carlos José,27/05/2026 07:22,16285392083,Sensor Terminal Polo Bateria Fiat Toro Freemont Jeep Compass,A,,1.0,0.0
455-K,Carlos José,27/05/2026 07:22,16284897356,Par de Junta Tampa Válvula Azera Vera Cruz Sorento 2007 À 2012,A,,0.0,0.0
455,Carlos José,27/05/2026 07:22,16284877365,Junta Tampa Válvula Azera Vera Cruz Sorento 2007 À 2012- Lado Direito,A,,0.0,0.0
454,Carlos José,27/05/2026 07:22,16279772055,Botão Freio Mão Honda Civic 2016 2017 2018 2020 2021,A,,0.0,100.0
472,Carlos José,27/05/2026 07:22,16270191743,Esteira Câmbio Automático Audi A8 Guarda Pó 4e1713187a,A,,0.0,0.0
407-2,Carlos José,27/05/2026 07:22,16236639495,Relógio Temperatura Umidade Termo-higrômetro Digital,A,,0.0,0.0
D035,Carlos José,27/05/2026 07:22,16173623557,Rotor Bomba De Água Motor Johnson Evinrude 15 Hp,A,,0.0,0.0
D034,Carlos José,27/05/2026 07:22,16170521275,Bomba Elétrica Direção Hidráulica Peugeot 308408 2011 A 2015,A,,0.0,0.0
D033,Carlos José,27/05/2026 07:22,16169468633,Inversor 1000w 12v Para 127v 60h Hayonik Onda Senoidal Pura,A,,0.0,0.0
D012,Carlos José,27/05/2026 07:22,16138737001,Coroa Para Bike Unica 36 Bcd 96 Assimétrico Deore Slx Xt 11v,A,,0.0,0.0
D011,Carlos José,27/05/2026 07:22,16137317062,Parafuso P/cab. Motor Fiat Argo 1.3 8v. 1.0 6v. Fi Cabfi03a,A,,1.0,0.0
D010,Carlos José,27/05/2026 07:22,16134821005,3 Sc Mix Primor Pega Rápida Acelerador De Pega Para Argamass,A,,1.0,0.0
D008-K,Carlos José,27/05/2026 07:22,16133019332,Projetor Símbolo Porta Bmw Universal Carro Tunning Top 2 unidades,A,,0.0,0.0
D008,Carlos José,27/05/2026 07:22,16132880674,Projetor Símbolo Porta Bmw Universal Carro Tunning Top,A,,0.0,0.0
D007,Carlos José,27/05/2026 07:22,16131707514,Entrada De Ar Scoop Esportivo Univeral Capô Intake,A,,0.0,0.0
D006,Carlos José,27/05/2026 07:22,16131582142,Scanner Diagnóstico Foxwell Nt301 Obd2 Diesel,A,,1.0,0.0
D005,Carlos José,27/05/2026 07:22,16131135674,Camera De Ré Corolla 2011 2012 2013 Nova Original Específica,A,,0.0,0.0
D004,Carlos José,27/05/2026 07:22,16130996285,Manopla Do Civic De Câmbio Manual Honda 2006/2012 6 Marchas.,A,,0.0,0.0
291-1,Carlos José,27/05/2026 07:22,16130444717,Módulo Placa De Fusíveis Bateria Peugeot 3008 Citroen C4,A,,8.0,1.0
322-34,Carlos José,27/05/2026 07:22,16105478296,Coroa Unica 32 34 36 38 Dentes Narrow Wide Bcd 104mm Tamanho: 34T,A,,0.0,0.0
4-2,Carlos José,27/05/2026 07:22,16098313767,Manopla Marcha Cambio  2008 2013 Preta 6 machas,A,,0.0,0.0
D001,Carlos José,27/05/2026 07:22,16093621209,Mini Máquina Branca Do Som Do Ruído Sono Calmante 9 Opções,A,,0.0,0.0
M03,Carlos José,27/05/2026 07:22,16092701611,Elétrico Facial Poro Acne Cravo Removedor Vácuo Sucção Diama,A,,2.0,0.0
419-K,Carlos José,27/05/2026 07:22,16068651644,Farol Milha Drl Led Luz Diurno ( Par ),A,,6.0,19.0
419,Carlos José,27/05/2026 07:22,16068641088,Farol Milha Drl Led Luz Diurno,A,,0.0,0.0
281,Carlos José,27/05/2026 07:22,16068585358,Válvula Do Vácuo Coletor Admissão Cruze Sonic Track 55568437,A,,0.0,0.0
421,Carlos José,27/05/2026 07:22,16065314627,Comando Botão Vidro Elétrico P/ Honda New Civic 2007 2008 09,A,,0.0,0.0
420,Carlos José,27/05/2026 07:22,16064061744,Brake Light Luz Freio Traseiro P/ Vw Polo Hatch 6QE945097,A,,52.0,11.0
32-K,Carlos José,27/05/2026 07:22,16053071021,Radiador Honda Cb 600 Hornet 2005 2006 2007 + Cebolinha,A,,0.0,0.0
343,Carlos José,27/05/2026 07:22,16050295929,Sensor Medidor Nivel Combustivel Tanque,A,,0.0,0.0
418,Carlos José,27/05/2026 07:22,16041428810,Cinzeiro Vw Golf Sapão 1j0857962h,A,,0.0,0.0
417,Carlos José,27/05/2026 07:22,16026012766,Radiador De Arrefecimento 1301100U8160,A,,0.0,0.0
129-3,Carlos José,27/05/2026 07:22,16016091646,Scanner Parede Detector Tubo Cano Água Pvc Madeira Fio Metal Com Pilhas,A,,0.0,0.0
129,Carlos José,27/05/2026 07:22,16016091645,Scanner Parede Detector Tubo Cano Água Pvc Madeira Fio Metal,A,,0.0,0.0
221,Carlos José,27/05/2026 07:22,16015863975,Placa Do Led Lanterna b003809.2,A,,6.0,103.0
230-K,Carlos José,27/05/2026 07:22,16015863974,Tampa Esguicho Parachoque 61677211209 (Par),A,,0.0,5.0
222-K,Carlos José,27/05/2026 07:22,16015863973,Pisca Seta Retrovisor Carona Motorista Lado (Par Direito esquerdo),A,,12.0,1.0
169-K,Carlos José,27/05/2026 07:22,16015863972,Válvulas Bico Esportivo Para Pneu De Moto 90 Graus (Par),A,,565.0,104.0
167-K,Carlos José,27/05/2026 07:22,16015863971,Válvula Extensor Bico Pneu Moto Carro Bike 90 Grau Reforçado (2 Unidades),A,,95.0,55.0
151,Carlos José,27/05/2026 07:22,16015863970,Vela Ignição Bmw Iiridium ZR5TPP33 (1 Unidade),A,,0.0,0.0
195-K,Carlos José,27/05/2026 07:22,16015863969,Par Lâmpada Xenon D4s 6000k 35w,A,,25.0,0.0
152-K6,Carlos José,27/05/2026 07:22,16015863968,06 Velas Ignição Pfr5n11 Platinun,A,,0.0,0.0
189-K,Carlos José,27/05/2026 07:22,16015863967,Par Amortecedor Mola Gás Tampa Caçamba (Par),A,,0.0,0.0
60-K4,Carlos José,27/05/2026 07:22,16015863966,Emblema Lateral Bmw F800 Gs 1200 Aluminium 4 Und,A,,0.0,0.0
81-K,Carlos José,27/05/2026 07:22,16015863965,Par Lampada Xenon D4r 35w 6000k,A,,103.0,54.0
27-K,Carlos José,27/05/2026 07:22,16015863964,Engrenagem Caixa De Transferencia Bmw X3 3.0 KIT (Preta+Branca) 27107566296 8473227771,A,,0.0,0.0
16,Carlos José,27/05/2026 07:22,16015863963,Cebolão Interruptor Ventoinha 37760P00003,A,,1.0,112.0
286,Carlos José,27/05/2026 07:22,16015863962,Válvula De Nível Do Banco Pneumático 20443641,A,,5.0,102.0
290,Carlos José,27/05/2026 07:22,16015863961,"Caixa Bsm Peugeot 206, 207, 307 1.4 E 1.6 - Nova E Original",A,,2.0,5.0
289,Carlos José,27/05/2026 07:22,16015863960,Medidor De Fluxo Ar 7 Pinos Mitsubishi Pajero Tr4 2.0 16v,A,,0.0,0.0
287,Carlos José,27/05/2026 07:22,16015863958,Medidor Fluxo De Ar Pajero Tr4 Io E5t08471 Md343605 Original,A,,0.0,0.0
285,Carlos José,27/05/2026 07:22,16015863957,Comando Vidro Eletrico Kia Sorento 2009 A 2013,A,,2.0,0.0
278,Carlos José,27/05/2026 07:22,16015863955,Mangueira De Entrada De Ar 2700900382,A,,32.0,0.0
283,Carlos José,27/05/2026 07:22,16015863954,Sensor Rotação Frontier 2.5 Diesel 16v 949979-033 23731ec00a,A,,0.0,0.0
282,Carlos José,27/05/2026 07:22,16015863953,Roda Fonica Ssangyong Actyon Kyron Rexton Korando 4151009000,A,,0.0,0.0
274,Carlos José,27/05/2026 07:22,16015863952,Sensor Temperatura Ar Condicionado 97143-1m000,A,,0.0,6.0
276,Carlos José,27/05/2026 07:22,16015863951,Comando Vidro Elétrico Kia Sorento 2011 A 2014 ( 2 Auto ),A,,25.0,1.0
279,Carlos José,27/05/2026 07:22,16015863950,Mangueira De Entrada De Ar Mercedes A200 B200 Cla E Gla,A,,6.0,101.0
277,Carlos José,27/05/2026 07:22,16015863949,Mangueira Filtro Ar Tbi 2710900982 2710900682,A,,11.0,3.0
232,Carlos José,27/05/2026 07:22,16015863948,Par Puxador Porta Bmw 320i 328i F30 2013 Á 2017,A,,0.0,0.0
280,Carlos José,27/05/2026 07:22,16015863947,Retentor Do Comando De Valvulas 55563374,A,,90.0,101.0
275-5,Carlos José,27/05/2026 07:22,16015863946,Puxador Interno Porta Bmw 528i 535i 550i M5 Bege,A,,0.0,0.0
272,Carlos José,27/05/2026 07:22,16015863945,Filtro Peneira Eixo Balanceador,A,,696.0,0.0
273,Carlos José,27/05/2026 07:22,16015863944,Comando Botão Vidro Eletrico Ford Ranger 2012 2013 2014 2015,A,,58.0,100.0
23,Carlos José,27/05/2026 07:22,16015863943,"Piloto Automático Controle De Velocidade Focus Mk2,5",A,,0.0,0.0
270,Carlos José,27/05/2026 07:22,16015863942,Mangueira Ar Quente Inferior 6466XV,A,,0.0,0.0
264,Carlos José,27/05/2026 07:22,16015863941,Cebolinha Direção Hidarulica 575353k00,A,,0.0,0.0
107-1,Carlos José,27/05/2026 07:22,16015863940,Manopla Bola Câmbio Manual 6 Marchas,A,,24.0,1.0
008,Carlos José,27/05/2026 07:22,16015863939,Base Para Antena De Carros 1087087,A,,0.0,0.0
268,Carlos José,27/05/2026 07:22,16015863937,Emblema Logo Estrela Capo A2108800186,A,,0.0,0.0
127,Carlos José,27/05/2026 07:22,16015863936,Vibrador Duplo U C Clitóris Controle Casal Tipo We-vibe Usb,A,,0.0,0.0
266-K,Carlos José,27/05/2026 07:22,16015863935,Led Placa T10 led w5w 194 led 3014 24smd,A,,0.0,0.0
259,Carlos José,27/05/2026 07:22,16015863924,Moldura Aplique Braço Retrovisor Jeep Compass,A,,0.0,0.0
258,Carlos José,27/05/2026 07:22,16015863923,Capas Cromadas Maçanetas 4 Portas E Tampa Mala Dodge Ram 2500,A,,0.0,0.0
194-K,Carlos José,27/05/2026 07:22,16015863922,Fita Par Led Flexível Fina Sequencial Farol Drl 60 Cm Carro,A,,0.0,0.0
20,Carlos José,27/05/2026 07:22,16015863921,Sensor Nível Combustível 3m519a299aa,A,,6.0,21.0
257,Carlos José,27/05/2026 07:22,16015863920,Botão Vidro Eletrico 9065451913,A,,0.0,0.0
246,Carlos José,27/05/2026 07:22,16015863919,Esteira Cambio 8699465,A,,0.0,0.0
254,Carlos José,27/05/2026 07:22,16015863918,Bomba Combustivel Gasolina AH22-9H307-AB,A,,0.0,0.0
256,Carlos José,27/05/2026 07:22,16015863917,Snow Foam Esguicho Shampoozeira Lavagem Cera Reservatório,A,,0.0,100.0
252,Carlos José,27/05/2026 07:22,16015863916,Tampa Lavador Esguicho Farol Focus 2014a 2015,A,,0.0,0.0
52,Carlos José,27/05/2026 07:22,16015863915,Motor Partida Ktm 55140001000,A,,0.0,0.0
250,Carlos José,27/05/2026 07:22,16015863914,Tampa Parachoque Esguicho Farol Azera,A,,0.0,0.0
244,Carlos José,27/05/2026 07:22,16015863913,Tampa Combustível 3 4,A,,28.0,2.0
199,Carlos José,27/05/2026 07:22,16015863912,Atuador Marcha Lenta 22270,A,,0.0,0.0
231-1,Carlos José,27/05/2026 07:22,16015863911,Botão Comando Freio Mão Honda Hrv 2015 A 2019,A,,81.0,0.0
241,Carlos José,27/05/2026 07:22,16015863910,Suporte Celular BMW Gps R 1200 R 1250 Gs F 850 F 800,A,,1.0,7.0
245,Carlos José,27/05/2026 07:22,16015863909,Esteira Câmbio Automático 6q0713273a,A,,89.0,101.0
207,Carlos José,27/05/2026 07:22,16015863906,Coleira Com Controle Adestramento Som Vibração Choque Remoto,A,,0.0,0.0
251,Carlos José,27/05/2026 07:22,16015863903,Bico Aspersor Nebulizador Irrigação Pulverização Regulável,A,,73.0,3.0
116,Carlos José,27/05/2026 07:22,16015863902,Mangueira Retorno Reservatório Água Cruze Tracker 2012 À 2016,A,,0.0,0.0
239,Carlos José,27/05/2026 07:22,16015863901,Olho De Gato Refletor Para-choque Traseiro Bmw 320i,A,,0.0,0.0
242,Carlos José,27/05/2026 07:22,16015863900,Selim Banco Acento Aranha Tipo Fibra De Carbono Speed Ou Mtb,A,,0.0,0.0
243,Carlos José,27/05/2026 07:22,16015863899,Sensor De Pressão Do Óleo 1997 - 2000,A,,0.0,0.0
230,Carlos José,27/05/2026 07:22,16015863898,Tampa Esguicho Parachoque 61677211209,A,,0.0,0.0
236,Carlos José,27/05/2026 07:22,16015863897,Resistência Ventoinha 9673999980,A,,0.0,0.0
228,Carlos José,27/05/2026 07:22,16015863895,Farol Lanterna Traseira Pisca Moto Custom Race Fita 48 Leds,A,,0.0,0.0
200,Carlos José,27/05/2026 07:22,16015863894,Display (lcd) Velocímetro Painel Titanium,A,,2.0,2.0
231,Carlos José,27/05/2026 07:22,16015863893,Botão Freio Mão Estacionamento 35355-t7a-j01 35355t7aj01,A,,0.0,3.0
218,Carlos José,27/05/2026 07:22,16015863892,Esquadro Digital Laser Grau Laser Nível Horizontal Vertical,A,,0.0,0.0
214,Carlos José,27/05/2026 07:22,16015863891,Comutador De Ignição 931102d000,A,,0.0,120.0
151-K6,Carlos José,27/05/2026 07:22,16015863890,Jogo Vela Ignição Bmw Iiridium ZR5TPP33 (6 Unidades),A,,0.0,0.0
178,Carlos José,27/05/2026 07:22,16015863889,Ponteira Escapamento Cromada Inox,A,,0.0,0.0
219,Carlos José,27/05/2026 07:22,16015863888,Velas Ignição Hyundai Original SILZKR7B11,A,,4.0,12.0
190,Carlos José,27/05/2026 07:22,16015863887,Reservatório Carvão Ativo Canister 1K0201797AE,A,,0.0,0.0
188,Carlos José,27/05/2026 07:22,16015863886,Kit Junta Da Bomba De Vácuo New Beetle - 07k145215a,A,,0.0,0.0
187,Carlos José,27/05/2026 07:22,16015863885,Sensor De Pressão Map Coletor 0281002573,A,,0.0,0.0
173,Carlos José,27/05/2026 07:22,16015863884,Modulo Ventoinha 1k0959455,A,,0.0,0.0
170,Carlos José,27/05/2026 07:22,16015863883,Vela Ignição 9091901164,A,,0.0,0.0
152,Carlos José,27/05/2026 07:22,16015863882,Vela Ignição Pfr5n11 Platinun,A,,0.0,0.0
154,Carlos José,27/05/2026 07:22,16015863881,Sensor Pressão Map Turbina Mr577031,A,,0.0,0.0
158,Carlos José,27/05/2026 07:22,16015863880,Sensor Pressão Flauta 0281002908,A,,0.0,0.0
149,Carlos José,27/05/2026 07:22,16015863879,Velas de Ignição Ngk Iridium Lzfr6ai Airtrek Outlander 2.4,A,,0.0,0.0
155,Carlos José,27/05/2026 07:22,16015863878,Novo Bateria Auxiliar  a2059053414,A,,0.0,0.0
146,Carlos José,27/05/2026 07:22,16015863877,Cabo Adaptador Hub Usb Type 3 Portas,A,,0.0,0.0
150,Carlos José,27/05/2026 07:22,16015863876,Tampa Reservatório Água 13502353,A,,0.0,1.0
141,Carlos José,27/05/2026 07:22,16015863875,Adaptador Hub Rede 2usb-c Hdmi,A,,0.0,0.0
139,Carlos José,27/05/2026 07:22,16015863874,Sensor Map Cummins 0281002576,A,,0.0,0.0
134,Carlos José,27/05/2026 07:22,16015863873,Mangueira De Retorno Dos Bicos Sprinter 415/515 Original A6510700132,A,,0.0,0.0
137,Carlos José,27/05/2026 07:22,16015863872,Valvula Reguladora Pressao Rail Flauta 1110010028,A,,0.0,0.0
126,Carlos José,27/05/2026 07:22,16015863871,Vibrador U C Clitóris Casal Recarregável Usb Tipo We-vibe,A,,0.0,0.0
115,Carlos José,27/05/2026 07:22,16015863870,Tubo Saída Corpo Borboleta Tbi  55559353,A,,0.0,0.0
153,Carlos José,27/05/2026 07:22,16015863869,Scanner Automotivo Forscan Usb Ftdi Interruptor Hs Ms Can,A,,0.0,0.0
47,Carlos José,27/05/2026 07:22,16015863868,Sensor De Pressão Pneu Hyundai Creta Nova Tucson Tpms Sonata,A,,148.0,102.0
94,Carlos José,27/05/2026 07:22,16015863867,Emblema Lateral VW,A,,0.0,0.0
33,Carlos José,27/05/2026 07:22,16015863866,Mangueira Agua Aquecedor  1.8  1.6 16v 55574685,A,,28.0,1.0
66,Carlos José,27/05/2026 07:22,16015863865,Filtro Tampa Bomba De Combustivel Evoque Land Rover Gasolina 036127,A,,0.0,0.0
100,Carlos José,27/05/2026 07:22,16015863864,Cabo Auxiliar Aux Cd P2 Stereo,A,,0.0,0.0
99,Carlos José,27/05/2026 07:22,16015863863,Calibrador Sincronizador Sensor Tpms EL-50449,A,,52.0,0.0
15-1,Carlos José,27/05/2026 07:22,16015863862,Sensor Detonação XL-7 18640-78G0,A,,9.0,0.0
210,Carlos José,27/05/2026 07:22,16015863861,Receptor Transmissor Veicular Com Bluetooth Fm Mp3 Usb Pendr,A,,0.0,0.0
196,Carlos José,27/05/2026 07:22,16015863860,Torneira Gasolina Combustivel,A,,31.0,100.0
208,Carlos José,27/05/2026 07:22,16015863859,Tampa Lateral Cabeçote 06h103269h,A,,0.0,0.0
192,Carlos José,27/05/2026 07:22,16015863858,Torneira Gasolina Combustivel Cb 500,A,,67.0,1.0
195,Carlos José,27/05/2026 07:22,16015863857,Lâmpada Xenon D4s 6000k 35w,A,,51.0,0.0
171,Carlos José,27/05/2026 07:22,16015863856,Sensor bico 45pp3-5,A,,0.0,0.0
176,Carlos José,27/05/2026 07:22,16015863855,Sensor Da Flauta Rail 3.2 55pp40-01,A,,13.0,0.0
J237,Carlos José,27/05/2026 07:22,16015863854,Capa Cortina Proteção Solar Janela Carro 1 UN,A,,0.0,0.0
81,Carlos José,27/05/2026 07:22,16015863853,Lâmpada Xenon D4r 6000k,A,,206.0,108.0
107,Carlos José,27/05/2026 07:22,16015863852,Manopla Bola Câmbio,A,,7.0,1.0
105,Carlos José,27/05/2026 07:22,16015863851,Boia Sensor Nivel Combustível  Gasolina,A,,14.0,0.0
71,Carlos José,27/05/2026 07:22,16015863850,Capa de freio de mão HONDA Civic 47115-sna-a82za,A,,5.0,1.0
61,Carlos José,27/05/2026 07:22,16015863849,Suporte Tampa Tanque 2009-2019,A,,0.0,0.0
62,Carlos José,27/05/2026 07:22,16015863848,Manopla Cambio Automatico,A,,5.0,5.0
55,Carlos José,27/05/2026 07:22,16015863847,Rolamento Coxin Mancal Com Coifa Cardan,A,,0.0,0.0
44-1,Carlos José,27/05/2026 07:22,16015863846,Valvula Moduladora Turbina 14956-EB300,A,,0.0,0.0
27,Carlos José,27/05/2026 07:22,16015863845,Engrenagem Caixa de Transferencia Bmw X3 3.0,A,,0.0,0.0
240,Carlos José,27/05/2026 07:22,16015863844,Reator Led Xenon  A2189009303,A,,0.0,0.0
12,Carlos José,27/05/2026 07:22,16015863843,Bomba Combustível 1987-2000 HT-DZB11,A,,0.0,0.0
248,Carlos José,27/05/2026 07:22,16015863842,Sensor Velocidade 2501074p01,A,,0.0,0.0
227,Carlos José,27/05/2026 07:22,16015863841,Botão Shifter De Câmbio 54132-S84-A81ZA,A,,0.0,0.0
234,Carlos José,27/05/2026 07:22,16015863840,Comando Botao Vidro Eletrico Exclusive,A,,0.0,0.0
225,Carlos José,27/05/2026 07:22,16015863839,Válvula Canister  06h906517b 0280142459,A,,0.0,0.0
4-1,Carlos José,27/05/2026 07:22,16015863838,Manopla Marcha Cambio  2008 2013 Preta,A,,0.0,0.0
167,Carlos José,27/05/2026 07:22,16015863837,Válvula Extensor Bico Pneu Moto Carro Bike 90 Grau Reforçado,A,,190.0,110.0
82-K,Carlos José,27/05/2026 07:22,16015863836,Par Lampada Xenon D4r 35w 4300k,A,,6.0,0.0
82,Carlos José,27/05/2026 07:22,16015863835,Lampada Xenon D4r Original 35w 4300k,A,,12.0,0.0
49,Carlos José,27/05/2026 07:22,16015863834,Engrenagem Bucha Caixa Direção  Original,A,,0.0,0.0
37,Carlos José,27/05/2026 07:22,16015863833,Sensor De Rotação Câmbio Automático A3 Golf Bora 01m927321b,A,,31.0,3.0
80,Carlos José,27/05/2026 07:22,16015863832,Válvula Termostática,A,,0.0,0.0
203,Carlos José,27/05/2026 07:22,16015863831,Válvula Reguladora Sprinter 9109930a,A,,0.0,0.0
59,Carlos José,27/05/2026 07:22,16015863830,Sensor Tps Posição Borboleta Honda Civic 96 97 98 99 00,A,,1.0,98.0
005,Carlos José,27/05/2026 07:22,16015863829,Sensor Pressão Combustível 5WS40039,A,,0.0,0.0
223,Carlos José,27/05/2026 07:22,16015863828,Sensor Nível Boia De Combustível Hyundai Ix-35 Gasolina,A,,0.0,0.0
147-K4,Carlos José,27/05/2026 07:22,16015863827,Jogo Vela Captiva 2.4 2011/ Gm 12620540 04 Unidades 185cv,A,,0.0,0.0
181,Carlos José,27/05/2026 07:22,16015863826,Par Pisca Seta Espelho Retrovisor mk2 mk3 mondeo mk4,A,,0.0,101.0
35,Carlos José,27/05/2026 07:22,16015863825,Sensor Pressão Direção Hidráulica,A,,99.0,101.0
178-K,Carlos José,27/05/2026 07:22,16015863615,Ponteira Escapamento Cromada Inox (Par),A,,0.0,0.0
415,Carlos José,27/05/2026 07:22,16015863614,Tela Touch Screen Multimídia A211216702,A,,0.0,0.0
416,Carlos José,27/05/2026 07:22,16015863613,Friso Cromado Moldura Grade Civic,A,,0.0,0.0
413,Carlos José,27/05/2026 07:22,16015863612,Válvula Reguladora de Pressão - 3/4 Deckas 9666,A,,0.0,0.0
271,Carlos José,27/05/2026 07:22,16015863611,Mangueira Ar Quente Superior Citroen 6466tz,A,,0.0,0.0
351,Carlos José,27/05/2026 07:22,16015863609,Bóia Sensor Nivel Combustível Tanque Outlander,A,,0.0,0.0
411,Carlos José,27/05/2026 07:22,16015863608,Carburador PZ19 CB0005G,A,,0.0,0.0
368,Carlos José,27/05/2026 07:22,16015863607,Atuador De Marcha Lenta 22270-00040,A,,0.0,0.0
302,Carlos José,27/05/2026 07:22,16015863606,Scanner Automotivo Konnwei Kw903 Bluetooth Obd2 Can-bus Pe,A,,0.0,0.0
237,Carlos José,27/05/2026 07:22,16015863605,Reator Farol Lampada Xenon D3s A2229003300 Q04,A,,0.0,0.0
280-K,Carlos José,27/05/2026 07:22,16015863604,Retentor Do Comando De Valvulas 55563374 2un,A,,0.0,0.0
19-1,Carlos José,27/05/2026 07:22,16015863603,Manopla De Câmbio Automático,A,,0.0,0.0
384,Carlos José,27/05/2026 07:22,16015863602,Mangueira Intercooler Turbina 144635X02B 144635X00B 144635X04B,A,,42.0,100.0
399,Carlos José,27/05/2026 07:22,16015863601,Radiador 20S-12461-01-00,A,,0.0,0.0
160-K,Carlos José,27/05/2026 07:22,16015863600,Acessórios Ponteira Escapamento PAR,A,,32.0,0.0
70-K,Carlos José,27/05/2026 07:22,16015863599,70 Roda Livre Automatica Original Par,A,,35.0,1.0
124,Carlos José,27/05/2026 07:22,16015863598,Espanta Cachorro Repelente Eletrônico Preto,A,,329.0,127.0
18,Carlos José,27/05/2026 07:22,16015863597,Gasolina Bomba Gasolina 0986580951,A,,0.0,2.0
124-1,Carlos José,27/05/2026 07:22,16015863596,Aparelho Anti Latido Ultrasonico Apito Adestramento Cães,A,,433.0,131.0
Mini Bomba,Carlos José,27/05/2026 07:22,16015863595,Mini Bomba D'água,A,,0.0,0.0
160,Carlos José,27/05/2026 07:22,16015863594,Acessórios Ponteira Escapamento S,A,,64.0,0.0
32,Carlos José,27/05/2026 07:22,16015863593,Radiador Honda Cb 600 Hornet 2005 2006 2007,A,,0.0,0.0
53,Carlos José,27/05/2026 07:22,16015863592,Mangueira Filtro Ar Tbi Sentra 2.0 2007 2008 DECKAS,A,,0.0,0.0
002,Carlos José,27/05/2026 07:22,16015863591,Tampa Portinhola Tanque Combustivel Ford Focus 2009 a 2013,A,,0.0,0.0
001,Carlos José,27/05/2026 07:22,16015863590,Cebolão Do Radiador Sensor Temperatura,A,,1.0,99.0
46,Carlos José,27/05/2026 07:22,16015863589,Sensor Pressão Do Pneu Tpms Gm Captiva Camaro Malibu,A,,164.0,7.0
70,Carlos José,27/05/2026 07:22,16015863588,Roda Livre Automatica Original Frontier - 2.8 40260-1s700,A,,70.0,3.0
410,Carlos José,27/05/2026 07:22,16015863587,Mangueira Filtro De Ar Tbi 17225-r1a-a01,A,,35.0,0.0
408,Carlos José,27/05/2026 07:22,16015863586,Kit 415 Presilhas Grampos Fixadores Automotivo Carro + Chave,A,,0.0,0.0
409,Carlos José,27/05/2026 07:22,16015863585,Adaptador Receptor Wireless Usb Wi-fi 5ghz Dual Band,A,,0.0,0.0
407,Carlos José,27/05/2026 07:22,16015863584,Sensor De Temperatura E Umidade Wi-fi - Alexa E Google Home,A,,0.0,0.0
396,Carlos José,27/05/2026 07:22,16015863583,Kit 100 Presilhas Grampos Fixadores Carro Veiculo Parabarro GN1667,A,,0.0,1.0
406,Carlos José,27/05/2026 07:22,16015863582,Tampa Combustível Z750 Z800 Z1000,A,,0.0,0.0
404,Carlos José,27/05/2026 07:22,16015863581,Mangueira De Retorno Dos Bicos A6460700932 6460700932,A,,0.0,0.0
402,Carlos José,27/05/2026 07:22,16015863579,Botão Comando 6554.WA,A,,0.0,5.0
401,Carlos José,27/05/2026 07:22,16015863578,Botão Comando 98053439,A,,14.0,99.0
405,Carlos José,27/05/2026 07:22,16015863577,Botão Vidro Eletrico 94728492,A,,0.0,0.0
397,Carlos José,27/05/2026 07:22,16015863576,Kit 100 Presilhas Grampos Fixadores Carro Veiculo Parabarro Com Caixa GN1667,A,,21.0,0.0
395,Carlos José,27/05/2026 07:22,16015863575,Filtro da Bomba de Combustível 3M519h307LP,A,,0.0,0.0
392-K,Carlos José,27/05/2026 07:22,16015863574,Par Amortecedor Tampa Da Caçamba Traseira Gun125 2016 2022,A,,0.0,0.0
392,Carlos José,27/05/2026 07:22,16015863573,Amortecedor Tampa Da Caçamba Traseira Gun125 2016 2022,A,,0.0,0.0
365,Carlos José,27/05/2026 07:22,16015863572,Flange Da Bomba Combustivel Tampa Focus 2.0 16v,A,,0.0,0.0
391,Carlos José,27/05/2026 07:22,16015863570,Ventosa Manual 200kg,A,,0.0,0.0
394,Carlos José,27/05/2026 07:22,16015863569,Trava Presília Mangueira Intercooler,A,,0.0,0.0
393,Carlos José,27/05/2026 07:22,16015863568,Anel Vedação Da Mangueira Intercooler,A,,0.0,0.0
306-K,Carlos José,27/05/2026 07:22,16015863567,Led Parafuso Olho De Águia Carro Moto 23mm - 1 Par,A,,0.0,0.0
336,Carlos José,27/05/2026 07:22,16015863566,Botão Start Stop Bmw Preto Red 120i 320 M135 M235 M240 M2 M3,A,,0.0,0.0
379-4,Carlos José,27/05/2026 07:22,16015863564,Trava Mangueira Intercooler (Menor),A,,0.0,0.0
379-3,Carlos José,27/05/2026 07:22,16015863562,Anéis + Travas Da Mangueira intercooler,A,,0.0,0.0
382,Carlos José,27/05/2026 07:22,16015863561,Bomba Combustível Motor Popa 397839 395091,A,,89.0,7.0
385-4-K,Carlos José,27/05/2026 07:22,16015863559,Par Luz Subaquática Submarina 42 Leds 12v Barcos Lanchas Iates Azul,A,,25.0,1.0
385,Carlos José,27/05/2026 07:22,16015863557,Luz Subaquática Submarina 42 Leds 12v Barcos Lanchas Iates,A,,0.0,0.0
381,Carlos José,27/05/2026 07:22,16015863556,Painel Elétrico 6 Chaves Usb Tomada Voltímetro Lancha Barco,A,,0.0,1.0
380,Carlos José,27/05/2026 07:22,16015863555,"Painel Elétrico 5 Chaves 2 Usb Com Voltímetro Para Carro, Barco, Iate, Trailer, Caminhão",A,,0.0,6.0
377-K,Carlos José,27/05/2026 07:22,16015863536,2 Luz Lâmpada Subaquática 27 Leds Super Potência Barco Lancha,A,,0.0,0.0
377,Carlos José,27/05/2026 07:22,16015863535,Luz Lâmpada Subaquática 27 Leds Super Potência Barco Lancha,A,,0.0,0.0
375,Carlos José,27/05/2026 07:22,16015863534,Seta Pisca Retrovisor 87613-2P000-FC 87623-2P000-FC,A,,0.0,0.0
376,Carlos José,27/05/2026 07:22,16015863533,Bobina Ignição Motor Popa Mercury Optimax Efi 300-879984t01 339-879984t00,A,,7.0,0.0
371,Carlos José,27/05/2026 07:22,16015863532,Tampa + Flange Conexão Radiador,A,,17.0,0.0
372,Carlos José,27/05/2026 07:22,16015863530,Tubo Conexão Mangueira 55116901AA,A,,0.0,0.0
373,Carlos José,27/05/2026 07:22,16015863529,Carcaça E Válvula Termostática 68003582AB 4884569AB 68003582AA,A,,0.0,0.0
379-5,Carlos José,27/05/2026 07:22,16015863528,Kit Anéis Presilhas Mangueira Intercooler,A,,0.0,0.0
379-2,Carlos José,27/05/2026 07:22,16015863527,Presilhas Mangueira Intercooler,A,,0.0,0.0
379-1,Carlos José,27/05/2026 07:22,16015863526,Kit Anéis Vedação Da Mangueira Intercooler,A,,0.0,0.0
374-K,Carlos José,27/05/2026 07:22,16015863525,Grade De Luz De Nevoeiro Inferior ( Par ),A,,0.0,0.0
374,Carlos José,27/05/2026 07:22,16015863524,Grade De Luz De Nevoeiro Inferior,A,,0.0,0.0
361,Carlos José,27/05/2026 07:22,16015863523,Display Satlink Tela Lcd,A,,10.0,0.0
367-K,Carlos José,27/05/2026 07:22,16015863522,Par Roda Livre Manual Gptrend Ford Ranger 4x4,A,,83.0,0.0
369,Carlos José,27/05/2026 07:22,16015863521,Tubo Bypass Bomba De Agua 68211200AC,A,,12.0,100.0
366,Carlos José,27/05/2026 07:22,16015863520,Display Lcd Tela Do Painel Computador Bordo,A,,0.0,0.0
362,Carlos José,27/05/2026 07:22,16015863519,Flange Da Bomba Combustivel Tampa Focus 2.0 16v 3 Pçs,A,,0.0,0.0
364,Carlos José,27/05/2026 07:22,16015863518,Adaptador Sem Fio Wireless Qi Indução,A,,0.0,0.0
363,Carlos José,27/05/2026 07:22,16015863517,Botão multifuncional de controle de volante,A,,0.0,0.0
357,Carlos José,27/05/2026 07:22,16015863516,Super Broca Helicoidal P/ Solo Terra Jardim Espiral Metal,A,,0.0,0.0
358,Carlos José,27/05/2026 07:22,16015863515,Caneta Pencil Stylus 1.0mm,A,,0.0,0.0
355,Carlos José,27/05/2026 07:22,16015863514,Botão Vidro Elétrico Sprinter,A,,0.0,0.0
353,Carlos José,27/05/2026 07:22,16015863513,Filtro De Óleo Haldex Original,A,,10.0,1.0
346,Carlos José,27/05/2026 07:22,16015863512,Anel Vedação Completo Resfriador Trocador Journey 3.6 Ate 13,A,,16.0,0.0
354,Carlos José,27/05/2026 07:22,16015863511,Sensor Nivel Combustivel Pajero,A,,0.0,0.0
349,Carlos José,27/05/2026 07:22,16015863510,Moldura Ponteira Escapamento Amg W205 Glc,A,,0.0,0.0
360,Carlos José,27/05/2026 07:22,16015863509,Retentor Virabrequim Lado Volante Honda Civic 92-06,A,,24.0,0.0
344-K,Carlos José,27/05/2026 07:22,16015863508,Roda Livre F250 2006 Até 2011 1c3z3b396cb,A,,21.0,0.0
347,Carlos José,27/05/2026 07:22,16015863507,Anel Vedação Retentor Resfriador Dodge Journey Jeep,A,,0.0,0.0
344,Carlos José,27/05/2026 07:22,16015863506,Roda Livre F250 2006 Até 2011 1c3z3b396cb,A,,42.0,0.0
345,Carlos José,27/05/2026 07:22,16015863505,Testador Teste Faísca De Vela Ignição Motor Carro Moto Barco,A,,0.0,3.0
331-K,Carlos José,27/05/2026 07:22,16015863504,Par Cinto Anti Alarme Jetta Adaptador Cinto Segurança,A,,0.0,0.0
333-K,Carlos José,27/05/2026 07:22,16015863503,Par Cinto Anti Alarme Mitsubishi Pajero Adaptador Cinto Segurança,A,,0.0,0.0
332-K,Carlos José,27/05/2026 07:22,16015863502,Par Cinto Anti Alarme Golf Adaptador Cinto Segurança,A,,0.0,0.0
333,Carlos José,27/05/2026 07:22,16015863501,Cinto Anti Alarme Mitsubishi Pajero Adaptador Cinto Segurança,A,,0.0,0.0
332,Carlos José,27/05/2026 07:22,16015863500,Cinto Anti Alarme Golf Adaptador Cinto Segurança,A,,0.0,0.0
342,Carlos José,27/05/2026 07:22,16015863498,Marcador Medidor Sensor Nível Combustível Digital Universal,A,,0.0,0.0
341,Carlos José,27/05/2026 07:22,16015863497,Filtro Combustivel 16127233840,A,,0.0,0.0
324,Carlos José,27/05/2026 07:22,16015863496,Tampa Filtro Ar Condicionado,A,,0.0,0.0
337,Carlos José,27/05/2026 07:22,16015863495,Valvula Controle Comando 06H109257C,A,,0.0,0.0
318,Carlos José,27/05/2026 07:22,16015863494,Fechadura Trava Tranca Tampa Porta Malas Hb20s Sedan 2016,A,,0.0,0.0
327,Carlos José,27/05/2026 07:22,16015863493,Flange De Água Cabeçote Alumínio,A,,4.0,2.0
325,Carlos José,27/05/2026 07:22,16015863492,Tampa Amortecedor,A,,0.0,0.0
315-K,Carlos José,27/05/2026 07:22,16015863491,Cinto Anti Alarme Toyota Corolla Adaptador Cinto (Par),A,,0.0,1.0
331,Carlos José,27/05/2026 07:22,16015863490,Cinto Anti Alarme Jetta Adaptador Cinto Segurança,A,,0.0,0.0
326,Carlos José,27/05/2026 07:22,16015863489,Difusor Ar Console Central Original,A,,0.0,0.0
316,Carlos José,27/05/2026 07:22,16015863488,Sensor Direção Hidráulica  497610324r,A,,110.0,1.0
321-K,Carlos José,27/05/2026 07:22,16015863487,Spoiler Parachoque Par,A,,19.0,0.0
321,Carlos José,27/05/2026 07:22,16015863486,Spoiler Parachoque,A,,0.0,0.0
319,Carlos José,27/05/2026 07:22,16015863485,Cilindro Atuador Hidráulico Embreagem Meriva Easytronic,A,,0.0,0.0
315,Carlos José,27/05/2026 07:22,16015863484,Cinto Anti Alarme Toyota Corolla Adaptador Cinto,A,,0.0,2.0
320,Carlos José,27/05/2026 07:22,16015863483,Par Lâmpada Xenon Hid D1s 6000k,A,,0.0,1.0
313,Carlos José,27/05/2026 07:22,16015863482,Esteira Trilho Alavanca Câmbio 8015a066,A,,46.0,0.0
312,Carlos José,27/05/2026 07:22,16015863481,Esteira Do Câmbio Automático 4at,A,,0.0,0.0
314-K,Carlos José,27/05/2026 07:22,16015863480,Acessórios Hilux Cinto De Segurança Anti Som Par,A,,0.0,0.0
314,Carlos José,27/05/2026 07:22,16015863479,Acessórios Hilux Cinto De Segurança Anti Som,A,,0.0,0.0
310,Carlos José,27/05/2026 07:22,16015863478,Medidor Fluxo Ar 13800-65D00,A,,0.0,105.0
308,Carlos José,27/05/2026 07:22,16015863477,Filete Maçaneta Toyota Corolla 2015 Á 2019,A,,0.0,0.0
303,Carlos José,27/05/2026 07:22,16015863476,Válvula Acionamento Diferencial Diant Diafragma S10 Blazer,A,,0.0,0.0
307,Carlos José,27/05/2026 07:22,16015863475,Carcaça Válvula Termostática 308 3008 408 C4 Ds3 1.6 Thp,A,,0.0,0.0
299,Carlos José,27/05/2026 07:22,16015863474,Chave Interruptora,A,,0.0,0.0
298-K,Carlos José,27/05/2026 07:22,16015863473,Par Brucutu Esguicho Para Brisas 986302E100,A,,0.0,114.0
297-K,Carlos José,27/05/2026 07:22,16015863472,Par Esguicho Agua Brucutu Cruze 2012 2013 2014 2015 2016,A,,0.0,0.0
306,Carlos José,27/05/2026 07:22,16015863471,Led Parafuso Olho De Águia Carro Moto 23mm,A,,0.0,0.0
294,Carlos José,27/05/2026 07:22,16015863470,Tubo Cano Óleo Retorno Turbina Peugeot Thp 1613571980 037989,A,,0.0,0.0
291,Carlos José,27/05/2026 07:22,16015863469,Placa De Fusíveis Bateria Peugeot 3008 C4 Picasso 6500gr,A,,0.0,0.0
295,Carlos José,27/05/2026 07:22,16015863468,Bomba De Vácuo Para Peugeot E Citroen Thp 1.6 16v Turbo 3008,A,,19.0,0.0
292,Carlos José,27/05/2026 07:22,16015863467,Sensor Oleo Citroen Picasso Peugeot 307 308 407 408 2.0 16v,A,,22.0,0.0
352,Carlos José,27/05/2026 07:22,16015863466,Comando Botao Vidro Eletrico Sprinter 311/ 415/ 515 3 Plugs,A,,0.0,0.0
158-1,Carlos José,27/05/2026 07:22,16015863465,Sensor Pressão Flauta 0281002908,A,,0.0,0.0
275-19,Carlos José,27/05/2026 07:22,16015863463,Puxador Interno Porta Bmw 528i 535i 550i M5 Oyster,A,,0.0,0.0
99-1,Carlos José,27/05/2026 07:22,16015863462,Calibrador Sincronizador Sensor Tpms EL-50448,A,,54.0,100.0
241-1,Carlos José,27/05/2026 07:22,16015863461,Suporte Celular BMW Gs1200 1250 F850 Xr 1000 Por Indução,A,,3.0,1.0
219-K6,Carlos José,27/05/2026 07:22,16015863460,Jogo 6 Velas Ignição SILZKR7B11,A,,0.0,2.0
170-K4,Carlos José,27/05/2026 07:22,16015863459,Jogo De Velas Ignição 4un 9091901164,A,,0.0,0.0
149-K4,Carlos José,27/05/2026 07:22,16015863458,Jogo Velas de Ignição Ngk Iridium Lzfr6ai Airtrek Outlander 2.4,A,,0.0,0.0
Pilha,Carlos José,27/05/2026 07:22,16015863457,Pilha Palito AAA,A,,0.0,0.0
254-3,Carlos José,27/05/2026 07:22,16015863456,Bomba Combustivel Gasolina AH22-9H307-AB Sem Filtro,A,,1.0,0.0
J237-K4,Carlos José,27/05/2026 07:22,16015863455,Capa Cortina Proteção Solar Janela Carro 4 UN,A,,0.0,0.0
J237-K,Carlos José,27/05/2026 07:22,16015863454,Capa Cortina Proteção Solar Janela Carro 2 UN,A,,0.0,0.0
222-2,Carlos José,27/05/2026 07:22,16015863453,Pisca Seta Retrovisor Carona Motorista Lado: Esquerdo,A,,25.0,1.0
222-1,Carlos José,27/05/2026 07:22,16015863452,Pisca Seta Retrovisor Carona Motorista Lado: Direito,A,,12.0,101.0
198-4,Carlos José,27/05/2026 07:22,16015863451,Maçaneta Externa Kia Sorento 82650-3e010 Traseira Esquerda,A,,14.0,0.0
198-3,Carlos José,27/05/2026 07:22,16015863450,Maçaneta Externa Kia Sorento 82650-3e010 Traseira Direita,A,,14.0,0.0
198-2,Carlos José,27/05/2026 07:22,16015863449,Maçaneta Externa Kia Sorento 82650-3e010 Dianteira Esquerda,A,,16.0,0.0
198-1,Carlos José,27/05/2026 07:22,16015863448,Maçaneta Externa Kia Sorento 82650-3e010 Dianteira Direita,A,,15.0,0.0
189,Carlos José,27/05/2026 07:22,16015863447,Amortecedor Mola Gás Tampa Caçamba,A,,0.0,0.0
147,Carlos José,27/05/2026 07:22,16015863446,Vela 1262054,A,,0.0,0.0
250-K,Carlos José,27/05/2026 07:22,16015863445,Tampa Parachoque Esguicho Farol Azera ( Par ),A,,24.0,0.0
272-K8,Carlos José,27/05/2026 07:22,16015863444,Filtro Peneira Eixo Balanceador (8pçs),A,,87.0,0.0
272-K4,Carlos José,27/05/2026 07:22,16015863443,Filtro Peneira Eixo Balanceador (4pçs),A,,174.0,0.0
219-K4,Carlos José,27/05/2026 07:22,16015863442,Jogo 4 Velas Ignição SILZKR7B11,A,,1.0,3.0
252-K,Carlos José,27/05/2026 07:22,16015863441,Tampa Lavador Esguicho Farol Focus 2014a 2015,A,,103.0,0.0
44-K4,Carlos José,27/05/2026 07:22,16015619942,Jogo 4 Vela Ignição Iridium Izfr6h11,A,,0.0,0.0
120,Carlos José,27/05/2026 07:22,16015612744,Kit Junta Valvula Vtec Civic Ex 1998-2005 1.6 1.7 Original,A,,53.0,1.0
238-K,Carlos José,27/05/2026 07:22,16015612743,Tela Grade Para Choque Dianteiro Jeep Renegade 735618579l 735618580r Par,A,,3.0,0.0
238,Carlos José,27/05/2026 07:22,16015612742,Tela Grade Para Choque Dianteiro Jeep Renegade 735618579l 735618580r,A,,0.0,0.0
403,Carlos José,27/05/2026 07:22,16015612741,Comando Botão Vidro Eletrico  20455317,A,,0.0,100.0
367,Carlos José,27/05/2026 07:22,16015612740,Roda Livre Manual Gptrend Ford Ranger 4x4,A,,166.0,0.0
398,Carlos José,27/05/2026 07:22,16015612739,Botão Comando Vidro 254000015r,A,,24.0,105.0
220,Carlos José,27/05/2026 07:22,16015612738,Vela Ignição Platinium Santa Fé 2.7 2001-2006 Ilfr5b11 (1 Unidades),A,,0.0,1.0
220-K6,Carlos José,27/05/2026 07:22,16015612737,Vela Ignição Platinium Santa Fé 2.7 2001-2006 Ilfr5b11 (6 Unidades),A,,0.0,0.0
44,Carlos José,27/05/2026 07:22,16015612736,Vela Ignição Iridium Izfr6h11,A,,0.0,0.0
60,Carlos José,27/05/2026 07:22,16015612735,Emblema carro Moto BMW F800 Gs 1200,A,,0.0,0.0
455-2,Carlos José,27/05/2026 07:22,16284891812,Junta Tampa Válvula Azera Vera Cruz Sorento 2007 À 2012- Lado Direito Lado:Esquerdo,A,,0.0,0.0
455-1,Carlos José,27/05/2026 07:22,16284891811,Junta Tampa Válvula Azera Vera Cruz Sorento 2007 À 2012- Lado Direito Lado:Direito,A,,0.0,0.0
232-6,Carlos José,27/05/2026 07:22,16267200626,Par Puxador Porta Bmw 320i 328i F30 2013 Á 2017 Cor:Bege Frontal,A,,13.0,0.0
419-2,Carlos José,27/05/2026 07:22,16068645175,Farol Milha Drl Led Luz Diurno Lado:Esquerdo A2049069000,A,,38.0,113.0
419-1,Carlos José,27/05/2026 07:22,16068645174,Farol Milha Drl Led Luz Diurno Lado:Direito A2049068900,A,,6.0,19.0
94-2,Carlos José,27/05/2026 07:22,16015864000,Emblema Lateral VW Logo: 4 Motion,A,,0.0,0.0
94-1,Carlos José,27/05/2026 07:22,16015863999,Emblema Lateral VW Logo: Clean,A,,0.0,0.0
232-2,Carlos José,27/05/2026 07:22,16015863998,Par Puxador Porta Bmw 320i 328i F30 2013 Á 2017 Cor: Preto Traseiro,A,,1.0,0.0
227-2,Carlos José,27/05/2026 07:22,16015863997,Botão Shifter De Câmbio 54132-S84-A81ZA Codigo: 54132 sda a81,A,,0.0,0.0
227-1,Carlos José,27/05/2026 07:22,16015863995,Botão Shifter De Câmbio 54132-S84-A81ZA Codigo: 54132 s84 a81za,A,,0.0,0.0
254-1,Carlos José,27/05/2026 07:22,16015863991,Bomba Combustivel Gasolina AH22-9H307-AB Com: Filtro LR057235 LR044427 LR026192,A,,0.0,0.0
127-17,Carlos José,27/05/2026 07:22,16015863990,Vibrador Duplo U C Clitóris Controle Casal Tipo We-vibe Usb Cor: Roxo,A,,0.0,0.0
127-9,Carlos José,27/05/2026 07:22,16015863988,Vibrador Duplo U C Clitóris Controle Casal Tipo We-vibe Usb Cor: Rosa,A,,0.0,0.0
250-2,Carlos José,27/05/2026 07:22,16015863987,Tampa Parachoque Esguicho Farol Azera Lado: Esquerdo,A,,43.0,0.0
250-1,Carlos José,27/05/2026 07:22,16015863986,Tampa Parachoque Esguicho Farol Azera Lado: Direito,A,,24.0,1.0
252-2,Carlos José,27/05/2026 07:22,16015863985,Tampa Lavador Esguicho Farol Focus 2014a 2015 Lado: Esquerdo,A,,113.0,0.0
252-1,Carlos José,27/05/2026 07:22,16015863984,Tampa Lavador Esguicho Farol Focus 2014a 2015 Lado: Direito,A,,103.0,100.0
232-5,Carlos José,27/05/2026 07:22,16015863983,Par Puxador Porta Bmw 320i 328i F30 2013 Á 2017 Cor: Bege Frontal,A,,0.0,0.0
232-1,Carlos José,27/05/2026 07:22,16015863982,Par Puxador Porta Bmw 320i 328i F30 2013 Á 2017 Cor: Preto Frontal,A,,6.0,0.0
230-2,Carlos José,27/05/2026 07:22,16015863981,Tampa Esguicho Parachoque 61677211209 Lado: Esquerdo,A,,0.0,5.0
230-1,Carlos José,27/05/2026 07:22,16015863980,Tampa Esguicho Parachoque 61677211209 Lado: Direito,A,,0.0,6.0
27-2,Carlos José,27/05/2026 07:22,16015863979,Engrenagem Caixa de Transferencia Bmw X3 3.0 Cor: Branco 27107566296,A,,3.0,0.0
27-1,Carlos José,27/05/2026 07:22,16015863978,Engrenagem Caixa de Transferencia Bmw X3 3.0 Cor: Preto 8473227771,A,,0.0,0.0
239-2,Carlos José,27/05/2026 07:22,16015863977,Olho De Gato Refletor Para-choque Traseiro Bmw 320i Lado: ESQUERDO,A,,0.0,0.0
239-1,Carlos José,27/05/2026 07:22,16015863976,Olho De Gato Refletor Para-choque Traseiro Bmw 320i Lado: DIREITO,A,,0.0,0.0
79,Carlos José,27/05/2026 07:22,16015863653,Mini Bomba D'água Voltagem: 19w 5m 800l/h 12v Dc,A,,0.0,0.0
78,Carlos José,27/05/2026 07:22,16015863652,Mini Bomba D'água Voltagem: 22w 5m 800l/h 24v Dc,A,,75.0,6.0
392-2,Carlos José,27/05/2026 07:22,16015863650,Amortecedor Tampa Da Caçamba Traseira Gun125 2016 2022 Lado: Esquerdo,A,,0.0,0.0
392-1,Carlos José,27/05/2026 07:22,16015863649,Amortecedor Tampa Da Caçamba Traseira Gun125 2016 2022 Lado: Direito,A,,0.0,0.0
394-2,Carlos José,27/05/2026 07:22,16015863648,Trava Presília Mangueira Intercooler Menor,A,,0.0,0.0
394-1,Carlos José,27/05/2026 07:22,16015863647,Trava Presília Mangueira Intercooler Maior,A,,0.0,0.0
393-2,Carlos José,27/05/2026 07:22,16015863646,Anel Vedação Da Mangueira Intercooler Menor,A,,0.0,0.0
393-1,Carlos José,27/05/2026 07:22,16015863645,Anel Vedação Da Mangueira Intercooler Maior,A,,0.0,0.0
306-2-K,Carlos José,27/05/2026 07:22,16015863644,Led Parafuso Olho De Águia Carro Moto 23mm - 1 Par Cor: Preto,A,,0.0,0.0
306-10-K,Carlos José,27/05/2026 07:22,16015863643,Led Parafuso Olho De Águia Carro Moto 23mm - 1 Par Cor: Prata,A,,0.0,0.0
306-2,Carlos José,27/05/2026 07:22,16015863642,Led Parafuso Olho De Águia Carro Moto 23mm COR: Preto,A,,0.0,0.0
306-10,Carlos José,27/05/2026 07:22,16015863641,Led Parafuso Olho De Águia Carro Moto 23mm COR: Prata,A,,0.0,0.0
385-4,Carlos José,27/05/2026 07:22,16015863640,Luz Subaquática Submarina 42 Leds 12v Barcos Lanchas Iates Cor: Azul,A,,51.0,2.0
385-2,Carlos José,27/05/2026 07:22,16015863639,Luz Subaquática Submarina 42 Leds 12v Barcos Lanchas Iates Cor: Branco,A,,40.0,0.0
377-4-K,Carlos José,27/05/2026 07:22,16015863637,2 Luz Lâmpada Subaquática 27 Leds Super Potência Barco Lancha Azul,A,,8.0,0.0
377-4,Carlos José,27/05/2026 07:22,16015863636,Luz Lâmpada Subaquática 27 Leds Super Potência Barco Lancha Cor: Azul,A,,16.0,0.0
377-2,Carlos José,27/05/2026 07:22,16015863632,Luz Lâmpada Subaquática 27 Leds Super Potência Barco Lancha Cor: Branco,A,,12.0,1.0
375-2,Carlos José,27/05/2026 07:22,16015863631,Seta Pisca Retrovisor 87613-2P000-FC 87623-2P000-FC Esquerdo: ( Motorista ),A,,17.0,0.0
375-1,Carlos José,27/05/2026 07:22,16015863630,Seta Pisca Retrovisor 87613-2P000-FC 87623-2P000-FC Direito: ( Passageiro ),A,,13.0,0.0
299-2,Carlos José,27/05/2026 07:22,16015863629,Chave Interruptora Luzes com Farol de Neblina 3c8 941 431b,A,,0.0,0.0
299-1,Carlos José,27/05/2026 07:22,16015863628,Chave Interruptora Luzes com Farol Milha e Neblina 1z0 941 431,A,,38.0,0.0
374-2,Carlos José,27/05/2026 07:22,16015863626,Grade De Luz De Nevoeiro Inferior Lado: Esquerdo,A,,0.0,0.0
374-1,Carlos José,27/05/2026 07:22,16015863625,Grade De Luz De Nevoeiro Inferior Lado: Direito,A,,0.0,0.0
364-4,Carlos José,27/05/2026 07:22,16015863624,Adaptador Sem Fio Wireless Qi Indução Type: iPhone,A,,0.0,0.0
364-3,Carlos José,27/05/2026 07:22,16015863623,Adaptador Sem Fio Wireless Qi Indução Type: C,A,,0.0,0.0
364-2,Carlos José,27/05/2026 07:22,16015863622,Adaptador Sem Fio Wireless Qi Indução Type: B,A,,0.0,0.0
364-1,Carlos José,27/05/2026 07:22,16015863620,Adaptador Sem Fio Wireless Qi Indução Type: A,A,,0.0,0.0
325-2,Carlos José,27/05/2026 07:22,16015863619,Tampa Amortecedor Lado: Esquerdo 8K0 803 593,A,,1.0,0.0
325-1,Carlos José,27/05/2026 07:22,16015863618,Tampa Amortecedor Lado: Direito 8K0 803 594,A,,0.0,0.0
321-2,Carlos José,27/05/2026 07:22,16015863617,Spoiler Parachoque Lado: Esquerdo,A,,21.0,0.0
321-1,Carlos José,27/05/2026 07:22,16015863616,Spoiler Parachoque Lado: Direito,A,,19.0,0.0
189-2,Carlos José,27/05/2026 07:22,16015863538,Amortecedor Mola Gás Tampa Caçamba Lado: Esquerdo,A,,0.0,0.0
189-1,Carlos José,27/05/2026 07:22,16015863537,Amortecedor Mola Gás Tampa Caçamba Lado: Direito,A,,0.0,0.0
238-1,Carlos José,27/05/2026 07:22,16015612746,Tela Grade Para Choque Dianteiro Jeep Renegade 735618579l 735618580r Lado: Direito,A,,9.0,0.0
238-2,Carlos José,27/05/2026 07:22,16015612745,Tela Grade Para Choque Dianteiro Jeep Renegade 735618579l 735618580r Lado: Esquerdo,A,,3.0,0.0
254-1-Conexão,JK Peças,27/05/2026 19:33,16632768851,Conexão de substituição para Bomba Combustivel Gasolina AH22-9H307-AB,A,,10.0,0.0
254-1-Tubo,JK Peças,27/05/2026 19:33,16632766102,Tubo de substituição para Bomba Combustivel Gasolina AH22-9H307-AB,A,,30.0,0.0
507,JK Peças,27/05/2026 19:33,16630837388,Manopla Cambio Automatico compatível com Gm Cruze 1.4 2017,A,,10.0,0.0
506,JK Peças,27/05/2026 19:33,16630832540,Manopla Câmbio Automático compatível com Spin Tracker Cobalt Onix Prisma,A,,18.0,0.0
521,JK Peças,27/05/2026 19:33,16630829144,Mangueira Reservatório Água  compatível com Audi Q5 2016 A 2021 80a121081s,A,,20.0,0.0
520,JK Peças,27/05/2026 19:33,16630822448,Botão Vidro Elétrico compativel com Mercedes C180 C200 C250 C300 2015 À 2019,A,,0.0,0.0
519,JK Peças,27/05/2026 19:33,16630820339,Comando Vidro Elétrico Dianteiro Direito compatível com Jeep Cherokee Dodge,A,,13.0,0.0
518-K,JK Peças,27/05/2026 19:33,16630817613,Par Guia Suporte Parachoque Dianteiro compatível com Honda Crv 2007/2011,A,,10.0,0.0
518,JK Peças,27/05/2026 19:33,16630816099,Par Guia Suporte para Parachoque Dianteiro compatível com Honda Crv 2007/2011,A,,0.0,0.0
517-K,JK Peças,27/05/2026 19:33,16630814582,Par Guia Suporte Parachoque Dianteiro compatível com Elantra 2012 A 2016,A,,9.0,0.0
517,JK Peças,27/05/2026 19:33,16630812049,Guia Suporte Parachoque Dianteiro compatível com Elantra 2012 A 2016,A,,0.0,0.0
516-K,JK Peças,27/05/2026 19:33,16630801901,Par Dobradiça Capô Compatível com Honda Civic 2012 2013 2014 2015 2016 G9,A,,20.0,0.0
516,JK Peças,27/05/2026 19:33,16630800760,Dobradiça Capô compatível vomHonda Civic 2012 2013 2014 2015 2016 G9,A,,0.0,0.0
514,JK Peças,27/05/2026 19:33,16630796254,Break Light Compatível com Hilux 2016 A 2025 Lanterna Tampa Traseira,A,,20.0,0.0
513-K,JK Peças,27/05/2026 19:33,16630784036,Par de Dobradiça Compatível com Honda City 2015 2016 2017 2018 2019 2020,A,,19.0,0.0
512-K,JK Peças,27/05/2026 19:33,16630780225,Par de Dobradiça Capô Honda Civic 2017 2018 2019 2020 2021 G10,A,,20.0,0.0
512,JK Peças,27/05/2026 19:33,16630771441,Dobradiça Capô compatível com Honda Civic 2017 2018 2019 2020 2021 G10,A,,0.0,0.0
511,JK Peças,27/05/2026 19:33,16630768937,Tampa Do Parabarro compatível com Mercedes Gla Gla200 2016 2018 2019 2020,A,,20.0,0.0
515,JK Peças,27/05/2026 19:33,16630764017,Suporte Placa Dianteira compatível com Jeep Compass Serie S Flex T270 22 23,A,,49.0,0.0
shopee-411,JK Peças,27/05/2026 19:33,16625966619,Carburador PZ19 CB0005G,A,,414.0,123.0
shopee-458-1,JK Peças,27/05/2026 19:33,16625194034,Grade do para choque 71121-T9A-T00,A,,5.0,118.0
MLB3541801243,JK Peças,27/05/2026 19:33,16615465932,Painel Ripado Ecológico - Wpc - Madeirado,A,,0.0,0.0
Shopee-459,JK Peças,27/05/2026 19:33,16614248332,Filtro Eliminador Regulador Ar Agua Oleo Compressor 1/4,A,,11.0,101.0
shopee-46,JK Peças,27/05/2026 19:33,16608895097,Sensor Pressão Do Pneu Tpms Gm Captiva Camaro Malibu,A,,525.0,117.0
MLB3030582867,JK Peças,27/05/2026 19:33,16602642118,Chave Farol Luz Milha Neblina Auto Passat Jetta Tiguan Golf,A,,0.0,0.0
MLB3565994817,JK Peças,27/05/2026 19:33,16602642115,Chave Interruptor Do Farol C/ Função Auto Vw Polo Jetta Golf,A,,0.0,0.0
MLB1978142239,JK Peças,27/05/2026 19:33,16602641060,Chave Farol Luz Milha Neblina Auto Passat Jetta Tiguan Golf,A,,0.0,0.0
MLB4592635432,JK Peças,27/05/2026 19:33,16602637750,Chave Farol Auto Original Vw Golf Jetta Tsi Gti 2014 A 2018,A,,0.0,0.0
TT33,JK Peças,27/05/2026 19:33,16597227430,Apito Adestrador Profissional - Supersonico P/cachorro Regul,A,,0.0,0.0
TT111,JK Peças,27/05/2026 19:33,16597208644,Purificador Ozonio 60g,A,,0.0,0.0
shopee-377-4-k,JK Peças,27/05/2026 19:33,16595356653,2 Luz Lâmpada Subaquática 27 Leds Super Potência Barco Lancha Azul,A,,14.0,53.0
shopee-377-4,JK Peças,27/05/2026 19:33,16595342512,Luz Lâmpada Subaquática 27 Leds Super Potência Barco Lancha Cor: Azul,A,,29.0,106.0
T2023,JK Peças,27/05/2026 19:33,16595330723,"Cortador De Isopor, Acetato, Espuma Elétrico Lamina 15cm Nfe",A,,0.0,0.0
shopee-377-2,JK Peças,27/05/2026 19:33,16595328729,Luz Lâmpada Subaquática 27 Leds Super Potência Barco Lancha Cor: Branco,A,,68.0,100.0
T1181-1,JK Peças,27/05/2026 19:33,16595312864,Fechadura Digital Biométrica Eletrônica Touch Biometria App,A,,0.0,0.0
shopee-374-2,JK Peças,27/05/2026 19:33,16595307111,Grade De Luz De Nevoeiro Inferior Lado: Esquerdo,A,,17.0,100.0
shopee-374-1,JK Peças,27/05/2026 19:33,16595302006,Grade De Luz De Nevoeiro Inferior Lado: Direito,A,,13.0,100.0
T1197,JK Peças,27/05/2026 19:33,16595297988,Dispenser Bebidas Parede Uai Mineirinho Bar Butler Aluminio 4 Garrafas,A,,0.0,0.0
1-257-5,JK Peças,27/05/2026 19:33,16594498492,Puxador Interno Porta Bmw 528i 535i 550i M5 Bege,A,,19.0,3.0
1-20,JK Peças,27/05/2026 19:33,16594441935,Sensor Nível Combustível 3m519a299aa,A,,66.0,100.0
shopee-107,JK Peças,27/05/2026 19:33,16594109346,Manopla Bola Câmbio,A,,33.0,0.0
2-342,JK Peças,27/05/2026 19:33,16594035778,Marcador Medidor Sensor Nível Combustível Digital Universal,A,,570.0,163.0
1-189,JK Peças,27/05/2026 19:33,16590488812,Amortecedor Mola Gás Tampa Caçamba Lado: Direito,A,,17.0,102.0
2-189,JK Peças,27/05/2026 19:33,16590481789,Amortecedor Mola Gás Tampa Caçamba Lado: Direito,A,,2.0,109.0
shopee-124,JK Peças,27/05/2026 19:33,16590227868,Espanta Cachorro Repelente Eletrônico Preto,A,,0.0,100.0
T253,JK Peças,27/05/2026 19:33,16580624727,Chave Geral Terminal Corta Corrente para Bateria de moto Jet Ski 12v,A,,0.0,0.0
T9,JK Peças,27/05/2026 19:33,16580587216,Chave Geral Automotiva 12v 24v para baterias de Carro Barco Jeep Interruptor corta corrente 2 chavetas a prova d'agua,A,,0.0,0.0
TT66,JK Peças,27/05/2026 19:33,16580573513,Carburador Roçadeira Stihl Fs75 Fs80 Fs85 Fr85,A,,0.0,0.0
T1100,JK Peças,27/05/2026 19:33,16580520871,Indicador De Consumo Wattímetro Voltímetro Amperímetro 100a,A,,3.0,0.0
254-1-Refil,JK Peças,27/05/2026 19:33,16572835795,Reposição para Bomba Gasolina LR057235,A,,10.0,0.0
167-2K,JK Peças,27/05/2026 19:33,16568647769,Válvula Extensor Bico Pneu Moto Carro Bike 135 Grau Reforçado,A,,124.0,0.0
167-1K,JK Peças,27/05/2026 19:33,16568587858,Par Válvula Extensor Bico Pneu Moto Carro Bike 45 Grau Reforçado,A,,111.0,0.0
T351,JK Peças,27/05/2026 19:33,16565915614,Antena Shark tubarão receptiva am fm Compatível com Honda New Civic City Azera Elantra Hb20s Sedan Peugeot Corolla,A,,0.0,0.0
T200,JK Peças,27/05/2026 19:33,16565849187,Par Meias de Compressão Alívio para dores calcanhar tornozelo pés inchados dores torção fascite plantar,A,,0.0,0.0
TJ076,JK Peças,27/05/2026 19:33,16565202820,Joelheira 3d Com Silicone Patelar E Espiral De Estabilidade,A,,0.0,0.0
T2055,JK Peças,27/05/2026 19:33,16565101117,Rotulador Manual Tex Preto Rotuladora Etiquetadora E101,A,,0.0,0.0
T2064,JK Peças,27/05/2026 19:33,16564602066,Maquina Spa Facial Vapor Ozônio Limpeza Da Pele E Capilar,A,,0.0,0.0
T469,JK Peças,27/05/2026 19:33,16564574602,Atuador Inteligente Wifi Válvula Registro Água E Gás Alexa,A,,0.0,0.0
T15-0,JK Peças,27/05/2026 19:33,16564551974,Carteira Organizadora porta objetos veicular quebra sol para óculos documentos papel caneta carro dinheiro cartão,A,,5.0,0.0
T359,JK Peças,27/05/2026 19:33,16564550707,Micrômetro digital medidor de espessura especímetro com bateria,A,,0.0,0.0
T355,JK Peças,27/05/2026 19:33,16563571843,Bico Para Graxeira Pistola De Graxa Aplicador Profissional conector acoplador engraxadeira,A,,4.0,0.0
T3013,JK Peças,27/05/2026 19:33,16563561705,"Esticador Tensionador Catraca Arquear Fita Pet 13, 16 E 19mm",A,,0.0,0.0
T2028,JK Peças,27/05/2026 19:33,16563558955,Alto Falante Macbook Retina A1502 2013 2014 2015 Speaker,A,,0.0,0.0
T3011,JK Peças,27/05/2026 19:33,16563554125,Economizador Redutor Carga De Energia Elétrica Diário,A,,0.0,0.0
T200SM,JK Peças,27/05/2026 19:33,16563479413,Par Meias de Compressão Alívio para dores calcanhar tornozelo pés inchados dores torção fascite plantar,A,,0.0,0.0
TJ129,JK Peças,27/05/2026 19:33,16563458434,Adaptador P/ Até 8 Controles Sem Fio Xbox One P/ Pc Wireless,A,,0.0,0.0
T2073,JK Peças,27/05/2026 19:33,16563448163,Tarrachas Em Linha P/ Guitarra Com Travas Padrão Eua,A,,0.0,0.0
T360,JK Peças,27/05/2026 19:33,16563423012,Saca Rolamentos Extrator 3 Garras 1/2 Meia Pol 12 A 38mm Universal,A,,5.0,0.0
T154-3,JK Peças,27/05/2026 19:33,16563417233,Kit 3un Torneira Registro Combustível Gerador Universal,A,,0.0,0.0
TJ142,JK Peças,27/05/2026 19:33,16561307187,Switch Fibra 6fo + 2 Utp Rj45 P/ Ptp Ou Ftth Metro 6 Portas,A,,5.0,0.0
TJ162,JK Peças,27/05/2026 19:33,16561300797,Máquina De Solda Plástico Grampeador Quente 70w Parachoque,A,,0.0,0.0
TJ101,JK Peças,27/05/2026 19:33,16561294678,Calcanheira Gel Ortopédica Fascite Plantar Esporao Calcaneo,A,,5.0,0.0
TJ192,JK Peças,27/05/2026 19:33,16561294032,Simulador De Movimento De Mouse Mouse Jiggler Usb Mouse Move,A,,0.0,0.0
TJ190,JK Peças,27/05/2026 19:33,16561293423,Hub Adaptador Usb-c Ugreen 6 Em 2 Para Macbook Air E Pro 4k,A,,0.0,0.0
TT61,JK Peças,27/05/2026 19:33,16561289277,Diodo Retificador KBPC5010,A,,0.0,0.0
167-2,JK Peças,27/05/2026 19:33,16559941484,Válvula Extensor Bico Pneu Moto Carro Bike 135 Grau Reforçado,A,,249.0,0.0
167-1,JK Peças,27/05/2026 19:33,16559940299,Válvula Extensor Bico Pneu Moto Carro Bike 45 Grau Reforçado,A,,223.0,0.0
T2098,JK Peças,27/05/2026 19:33,16559885282,Cabo do acelerador do cabo do gatilho tubo da roçadeira 19mm universal,A,,1.0,0.0
T1109,JK Peças,27/05/2026 19:33,16559884000,Reparo Carburador Roçadeira Sth Modelo Zam. Fs160/220//,A,,5.0,0.0
T1054,JK Peças,27/05/2026 19:33,16559883154,Avr Sx460 Regulador Módulo Gerador Tensão,A,,5.0,0.0
T1090,JK Peças,27/05/2026 19:33,16559882675,"Acelerador (punho) Bicicleta , Scooter",A,,5.0,0.0
T2007,JK Peças,27/05/2026 19:33,16559881996,Chave Regulagem Carburador Motor 2 tempos,A,,0.0,0.0
T2032,JK Peças,27/05/2026 19:33,16559881221,Captador + Eq. 4 Bandas - Eq 7545r P/ Violão Aço Ou Nylon,A,,0.0,0.0
T2034,JK Peças,27/05/2026 19:33,16559879750,Captador De Contato Piezo Cristal Violão Viola Ukulele,A,,0.0,0.0
T1182,JK Peças,27/05/2026 19:33,16559878927,Maçarico Portátil Gourmet Culinário Profissional,A,,0.0,0.0
T1051,JK Peças,27/05/2026 19:33,16559877453,GERADOR DE OZONIO 110V,A,,3.0,0.0
T1176,JK Peças,27/05/2026 19:33,16559875809,Lâmpadas Para Projetor Eps.,A,,5.0,0.0
T1110,JK Peças,27/05/2026 19:33,16559874724,Vela Os N 8 Auto modelos E Aeromodelos Glow Plug Original,A,,5.0,0.0
T1177,JK Peças,27/05/2026 19:33,16559873319,Lâmpada Projetor,A,,5.0,0.0
T1111,JK Peças,27/05/2026 19:33,16559871938,Carburador Roçadeira Stihl Fs75 Fs80 Fs85 Fr85,A,,0.0,0.0
T1152,JK Peças,27/05/2026 19:33,16559870910,Equalizador 5 Bandas Viola E Violão Captador Equalizador,A,,5.0,0.0
T1077,JK Peças,27/05/2026 19:33,16559869549,Caneta Para Limpeza Sc Conectores Ópticos Fibra Optica 2.5m,A,,5.0,0.0
T362,JK Peças,27/05/2026 19:33,16557614143,Extensor Adaptador para furadeira Cortador de Chapas Ferro Alumínio Cobre Aço Galvanizado dutos,A,,5.0,0.0
T341,JK Peças,27/05/2026 19:33,16557612337,Termômetro Para Forno A Lenha Estufa Smoker Churrasqueira,A,,1.0,0.0
T509,JK Peças,27/05/2026 19:33,16556352094,"Tensiômetro elástico de correia dentada 2gt, testador de tensão de correia síncrona p bambu lab x1/p1 para creality K1",A,,0.0,0.0
T506,JK Peças,27/05/2026 19:33,16556349859,"Tubo Guia Conduíte Mangueira PTFE 1,0m para filamento de Impressora 3D 4mm",A,,1.0,0.0
T340,JK Peças,27/05/2026 19:33,16556346940,kit de agulhas mágicas costura 12 unidades com lindo estojo,A,,0.0,0.0
340,JK Peças,27/05/2026 19:33,16556343669,kit de agulhas mágicas costura 12 unidades com lindo estojo,A,,0.0,0.0
T168,JK Peças,27/05/2026 19:33,16556340055,Torneira Registro Combustível Moto Carro Gerador Universal 8 mm,A,,2.0,0.0
T137,JK Peças,27/05/2026 19:33,16556328604,Óculos Jovem Fotocromático 100% Polarizado Lente Inteligente para dirigir,A,,0.0,0.0
T539,JK Peças,27/05/2026 19:33,16556317670,Torneira Vintage Preta Black retrô classica Para Jardim Lavabo Pia Bico Mangueira,A,,2.0,0.0
322-96A-Determinar,JK Peças,27/05/2026 19:33,16549549491,Coroa Bcd 96A-Determinar,A,,0.0,0.0
322-94/96-Determinar,JK Peças,27/05/2026 19:33,16549428450,Coroa Bcd 94/96 Determinar,A,,34.0,0.0
322-104-Determinar,JK Peças,27/05/2026 19:33,16543080062,Coroa Bcd 104mm Determinar,A,,0.0,0.0
417-2,JK Peças,27/05/2026 19:33,16512942254,Tampa do Radiador De Arrefecimento 1301100U8160,A,,480.0,0.0
454,JK Peças,27/05/2026 19:33,16512889403,Botão Freio Mão Honda Civic 2016 2017 2018 2020 2021,A,,28.0,0.0
DGC,JK Peças,27/05/2026 19:33,16512704914,Guia de correntes Deckas MTB de 30 a 40 dentes,A,,0.0,0.0
DSHI,JK Peças,27/05/2026 19:33,16512692660,Coroa Unica 30 32 34 36 38 Dentes Narrow Wide DM SHI,A,,0.0,0.0
DSRAM,JK Peças,27/05/2026 19:33,16512688254,Coroa Unica 30 32 34 36 38 Dentes Narrow Wide DM SRAM,A,,0.0,0.0
D9496-O,JK Peças,27/05/2026 19:33,16512685637,Coroa Unica OVAL 32 34 36 38 Dentes Narrow Wide Bcd 94-96mm,A,,0.0,0.0
D9496,JK Peças,27/05/2026 19:33,16512684462,Coroa Unica 32 34 36 38 Dentes Narrow Wide Bcd 94-96mm,A,,0.0,0.0
D96A-O,JK Peças,27/05/2026 19:33,16512682019,Coroa Unica OVAL 32 34 36 38 Dentes Narrow Wide Bcd 96mm,A,,0.0,0.0
D96A,JK Peças,27/05/2026 19:33,16512681440,Coroa Unica 32 34 36 38 Dentes Narrow Wide Bcd 96mm,A,,0.0,0.0
D104-O,JK Peças,27/05/2026 19:33,16512679941,Coroa Unica OVAL 32 34 36 38 Dentes Narrow Wide Bcd 104mm,A,,0.0,0.0
331-1-K,JK Peças,27/05/2026 19:33,16510136841,Par Cinto Anti Alarme para  Toyota RAV4 Adaptador Cinto Segurança,A,,10.0,0.0
331-1,JK Peças,27/05/2026 19:33,16510133016,Cinto Anti Alarme para Totota RAV4 Adaptador Cinto Segurança,A,,20.0,0.0
307-K,JK Peças,27/05/2026 19:33,16508808579,Carcaça Válvula Termostática + Chicote + Sensor 308 3008 408 C4 Ds3 1.6 Thp,A,,0.0,0.0
473,JK Peças,27/05/2026 19:33,16491586492,"Manta Anti Chama Fire Blanket 1,20 X 1,80 M",A,,124.0,12.0
458,JK Peças,27/05/2026 19:33,16434975319,Grade+Frizo+Emblema do para choque 71121-T9A-T00,A,,0.0,0.0
417-1,JK Peças,27/05/2026 19:33,16387568426,Radiador De Arrefecimento 1301100U8160 S/ Tampa,A,,0.0,0.0
464-K10,JK Peças,27/05/2026 19:33,16375574179,Válvula Retenção Horizontal Metal 3/4 Latão Portinhola 2un,A,,0.0,0.0
464-K5,JK Peças,27/05/2026 19:33,16375574135,Válvula Retenção Horizontal Metal 3/4 Latão Portinhola 2un,A,,0.0,0.0
464-K3,JK Peças,27/05/2026 19:33,16375574111,Válvula Retenção Horizontal Metal 3/4 Latão Portinhola 2un,A,,0.0,0.0
464-K,JK Peças,27/05/2026 19:33,16375574047,Válvula Retenção Horizontal Metal 3/4 Latão Portinhola 2un,A,,0.0,0.0
458-3,JK Peças,27/05/2026 19:33,16373648649,Emblema do parachoque 71121-T9A-T00,A,,0.0,0.0
422-K,JK Peças,27/05/2026 19:33,16366033233,Disco Enxada Rotativa Roçadeira Capina Grama Universal 2 Un,A,,326.0,68.0
444-3K-3,JK Peças,27/05/2026 19:33,16365613042,Kit Lâminas 2 un + Masca Epi Para Roçadeira Rotativa - Lâmina Canivete + Disco Enxada,A,,49.0,0.0
444-K3-2,JK Peças,27/05/2026 19:33,16365612066,Kit Lâminas 2 un + Masca Epi Para Roçadeira Rotativa - Escova de Aço + Lâmina Canivete,A,,49.0,0.0
444-K3-1,JK Peças,27/05/2026 19:33,16365608170,Kit Lâminas 2 un + Masca Epi Para Roçadeira Rotativa - Disco Enxada + Escova de Aço,A,,110.0,1.0
444-K2-3,JK Peças,27/05/2026 19:33,16365434257,Kit Lâminas 2 un Para Roçadeira Rotativa - Lâmina Canivete + Disco Enxada,A,,49.0,0.0
444-K2-2,JK Peças,27/05/2026 19:33,16365433565,Kit Lâminas 2 un Para Roçadeira Rotativa - Escova de Aço + Lâmina Canivete,A,,49.0,0.0
444-K2-1,JK Peças,27/05/2026 19:33,16365432242,Kit Lâminas 2 un Para Roçadeira Rotativa - Disco Enxada + Escova de Aço,A,,110.0,19.0
444-K3,JK Peças,27/05/2026 19:33,16356586066,Kit Lâminas 3 un Para Roçadeira Rotativa - Disco Enxada + Escova de Aço + Lâmina Canivete,A,,49.0,0.0
459,JK Peças,27/05/2026 19:33,16349703268,Filtro Eliminador Regulador Ar Agua Oleo Compressor 1/4,A,,11.0,101.0
461,JK Peças,27/05/2026 19:33,16349694073,Conector Terminal Bateria C/ Engate Rápido Carro Par,A,,312.0,0.0
464,JK Peças,27/05/2026 19:33,16349690107,Válvula Retenção Horizontal Metal 3/4 Latão Portinhola,A,,0.0,0.0
460,JK Peças,27/05/2026 19:33,16349683007,Bomba Submersa 12v Transferência Óleo Diesel Água,A,,134.0,12.0
446,JK Peças,27/05/2026 19:33,16349673402,Talha Manual Deckas - 1 Tonelada - 10 Metros,A,,0.0,8.0
443,JK Peças,27/05/2026 19:33,16349667194,"2 Controles Remotos Ponte Rolante, Guincho, Talha",A,,0.0,0.0
307-2,JK Peças,27/05/2026 19:33,16342439006,Chicote da Carcaça Válvula Termostática 308 3008 408 C4 Ds3 1.6 Thp,A,,0.0,0.0
458-K,JK Peças,27/05/2026 19:33,16335909292,Grade+Frizo do para choque 71121-T9A-T00,A,,5.0,0.0
308-1,JK Peças,27/05/2026 19:33,16328122361,Capa Maçaneta cromada para Toyota Corolla 2015 Á 2019,A,,13.0,0.0
472,JK Peças,27/05/2026 19:33,16328117235,Esteira Câmbio Automático Audi A8 Guarda Pó 4e1713187a,A,,0.0,0.0
456,JK Peças,27/05/2026 19:33,16312932953,Alavanca Do Freio De Mão Jac J3 2010 Até 2013,A,,0.0,0.0
18-Refil,JK Peças,27/05/2026 19:33,16312931676,Reposição para Bomba Gasolina 0986580951,A,,34.0,0.0
18-Tubo,JK Peças,27/05/2026 19:33,16312930774,Reposição para Bomba Gasolina 0986580951,A,,35.0,0.0
439,JK Peças,27/05/2026 19:33,16312925449,Coletor De Admissão Jeep Compass Fiat Renegade Toro Diesel,A,,0.0,1.0
438,JK Peças,27/05/2026 19:33,16312921786,Máscara Facial Transparente Anti-embaçante Roçadeira Olhos,A,,195.0,1.0
441,JK Peças,27/05/2026 19:33,16312911113,"Sensor (tr) Posição Cambio Powershift Fiesta, Focus Ecosport",A,,19.0,3.0
440,JK Peças,27/05/2026 19:33,16312900934,Sensor Fluxo Ar Frontier 2.5 16v 2008 2009 2010 2011 2012,A,,0.0,0.0
437,JK Peças,27/05/2026 19:33,16312895148,Estator Dafra Speed 150 Sundown Hunter Max 125 Kansas 150,A,,193.0,106.0
435-1,JK Peças,27/05/2026 19:33,16304660895,Pisca Retrovisor Hyundai Ix35 Lado Direito,A,,0.0,0.0
458-1,JK Peças,27/05/2026 19:33,16288971948,Grade do para choque 71121-T9A-T00,A,,5.0,118.0
458-2,JK Peças,27/05/2026 19:33,16288951105,Frizo Cromado para choque 71121-T9A-T00,A,,16.0,0.0
457,JK Peças,27/05/2026 19:33,16288944751,Grade para choque para Mercedes-Benz C180 C200 C250 C300 | Ano 2015 a 2018,A,,0.0,0.0
449-K,JK Peças,27/05/2026 19:33,16288938887,Kit Grade Superior E Inferior Cruze 2010 A 2014 Friso Cromado,A,,44.0,0.0
449,JK Peças,27/05/2026 19:33,16288933482,Grade Superior E Inferior Cruze 2010 A 2014 Friso Cromado,A,,0.0,0.0
448,JK Peças,27/05/2026 19:33,16288929222,Console Do Teto Com Porta Oculos Ranger 2013 2014 2015 Ford,A,,347.0,102.0
452,JK Peças,27/05/2026 19:33,16288922735,Reservatório Direção Hidraúlica Ford Fiesta 2S653R700BF,A,,149.0,0.0
451-K,JK Peças,27/05/2026 19:33,16288913849,Par da Bandeja Dianteira Fusion 2013 2014 2015 2016 2017,A,,365.0,95.0
451,JK Peças,27/05/2026 19:33,16288900002,Bandeja Dianteira Fusion 2013 2014 2015 2016 2017,A,,0.0,0.0
450,JK Peças,27/05/2026 19:33,16288894033,Bomba De Direção Hidráulica Peugeot 206 / 207,A,,146.0,90.0
445,JK Peças,27/05/2026 19:33,16288406055,Caixa Segredo Mini Cofre Porta Guarda Chave Senha Alterável Cor Preto,A,,16.0,100.0
239-K,JK Peças,27/05/2026 19:33,16283309718,Olho De Gato Refletor Para-choque Traseiro Bmw 320i Par,A,,33.0,0.0
52-1,JK Peças,27/05/2026 19:33,16271415735,Motor Arranque Partida Ktm 2 Tempo 250 300 17-20,A,,0.0,0.0
434,JK Peças,27/05/2026 19:33,16257626724,Atuador Motor Trava Fechadura Porta Malas Ecosport 2013-2020,A,,0.0,0.0
436-K,JK Peças,27/05/2026 19:33,16249148589,"Kit Adaptador Luva Roçadeira De Enxada Rotativa Cardan 9 estrias, 7 estrias, Quadrado 6mm, Quadrado 5,5mm",A,,0.0,0.0
436,JK Peças,27/05/2026 19:33,16249140302,Adaptador Luva Cardan Roçadeira De Enxada Rotativa Arador,A,,0.0,0.0
407-2,JK Peças,27/05/2026 19:33,16236636081,Relógio Temperatura Umidade Termo-higrômetro Digital,A,,0.0,0.0
Estorno de Crédito ICMS,JK Peças,27/05/2026 19:33,16220338908,Estorno de crédito do ICMS (Sete Mil Trezentos e Cinquenta e Três Reais e Oitenta e Cinco Centavos),A,,0.0,0.0
426,JK Peças,27/05/2026 19:33,16215939173,Seta Pisca Retrovisor Led Sequencial para Golf Gti Mk7 Jetta Gli,A,,0.0,0.0
428,JK Peças,27/05/2026 19:33,16215760506,Guia Farol Dianteiro HR-V 2016-2018,A,,0.0,0.0
uso/consumo,JK Peças,27/05/2026 19:33,16205520344,Material de Uso e Consumo,A,,0.0,0.0
427,JK Peças,27/05/2026 19:33,16195391225,Pisca Lateral Lanterna Golf Amarok Polo Passat Bora Seta Vw,A,,96.0,8.0
433,JK Peças,27/05/2026 19:33,16181659251,"Painel Ripado De Madeira Ecológica 290x16x2,5 Cm Wpc Parede",A,,0.0,0.0
432,JK Peças,27/05/2026 19:33,16163904706,Escova De Aço Para Roçadeira Profissional Universal,A,,110.0,19.0
431,JK Peças,27/05/2026 19:33,16161254016,Grade Dianteira Corolla 2017 2018 2019 Cromada,A,,0.0,10.0
430,JK Peças,27/05/2026 19:33,16161186882,Grade Dianteira Corolla 2015 2016 2017 Cromada Com Emblema,A,,122.0,101.0
426-K,JK Peças,27/05/2026 19:33,16161057949,Seta Pisca Retrovisor Led Sequencial Golf Gti Mk7 Jetta Gli,A,,26.0,0.0
428-K,JK Peças,27/05/2026 19:33,16160118611,Par Guia Farol Dianteiro Dianteiro Hr-v  2015 2016 2017 20,A,,0.0,95.0
44-K6,JK Peças,27/05/2026 19:33,16140970203,Jogo 6 Vela Ignição Iridium Izfr6h11,A,,0.0,1.0
44-K,JK Peças,27/05/2026 19:33,16140969779,Kit 2 Velas Ignição Iridium Izfr6h11,A,,0.0,3.0
429,JK Peças,27/05/2026 19:33,16136528206,Esteira Alavanca Câmbio Mitsubishi L200 Triton Pajero Dakar,A,,38.0,1.0
425-2,JK Peças,27/05/2026 19:33,16133544737,Mangueira Intercooler Admissão Ford Ranger 3.2 Ab396k683bf,A,,196.0,99.0
425-1,JK Peças,27/05/2026 19:33,16133541239,Mangueira Intercooler Nova Ranger 3.2 Ab396k683be / DD,A,,0.0,102.0
425,JK Peças,27/05/2026 19:33,16133538378,Mangueira Intercooler Ford Ranger 2.2 Alta Performance Silicone AB396K683CE,A,,25.0,107.0
Servico,JK Peças,27/05/2026 19:33,16124447455,Serviços Tomados,A,,0.0,0.0
ICMS,JK Peças,27/05/2026 19:33,16100281759,NFe Complementar de ICMS Referente NFe,A,,0.0,0.0
424-K8,JK Peças,27/05/2026 19:33,16097313802,Jogo 8 Velas Acdelco Iridium Volvo Penta 12568387 / 41-101,A,,0.0,0.0
424-K6,JK Peças,27/05/2026 19:33,16097310691,Jogo 6 Velas Acdelco Iridium Volvo Penta 12568387 / 41-101,A,,0.0,0.0
424,JK Peças,27/05/2026 19:33,16097307011,1 Und Vela Acdelco Iridium Volvo Penta 12568387 / 41-101,A,,0.0,0.0
2424,JK Peças,27/05/2026 19:33,16083129607,Snorkel Mitsubishi L200 Bola Outdoor 100% Em Fibra De Vidro,A,,0.0,0.0
415,JK Peças,27/05/2026 19:33,16078549656,Tela Touch Screen Multimídia A211216702,A,,129.0,106.0
422,JK Peças,27/05/2026 19:33,16073878078,Disco Enxada Rotativa Roçadeira Capina Grama Universal,A,,652.0,137.0
151-K8,JK Peças,27/05/2026 19:33,16073682544,Jogo Vela Ignição Bmw Iiridium ZR5TPP33 (8Unidades),A,,5.0,0.0
291-1,JK Peças,27/05/2026 19:33,16052734169,Módulo Placa De Fusíveis Bateria Peugeot 3008 Citroen C4,A,,24.0,103.0
418,JK Peças,27/05/2026 19:33,16041417156,Cinzeiro Vw Golf Sapão 1j0857962h,A,,0.0,0.0
417,JK Peças,27/05/2026 19:33,16025909699,Radiador De Arrefecimento 1301100U8160,A,,174.0,99.0
416,JK Peças,27/05/2026 19:33,15978796985,Friso Cromado Moldura Grade Civic,A,,1.0,111.0
413,JK Peças,27/05/2026 19:33,15964339684,Válvula Reguladora de Pressão - 3/4 Deckas 9666,A,,190.0,104.0
412,JK Peças,27/05/2026 19:33,15959153449,Enxada Rotativa Aradora Para Roçadeiras 360mm ST178,A,,0.0,0.0
411,JK Peças,27/05/2026 19:33,15959153448,Carburador PZ19 CB0005G,A,,414.0,123.0
32-1,JK Peças,27/05/2026 19:33,15946148539,Radiador Honda Cb 600 Hornet 2005 2006 2007,A,,0.0,0.0
158-1,JK Peças,27/05/2026 19:33,15938249521,Sensor Pressão Flauta 0281002908,A,,0.0,0.0
410,JK Peças,27/05/2026 19:33,15938223621,Mangueira Filtro De Ar Tbi 17225-r1a-a01,A,,164.0,101.0
275-19,JK Peças,27/05/2026 19:33,15937894814,Puxador Interno Porta Bmw 528i 535i 550i M5 Oyster,A,,14.0,0.0
178-K,JK Peças,27/05/2026 19:33,15937859298,Ponteira Escapamento Cromada Inox par,A,,0.0,0.0
99-1,JK Peças,27/05/2026 19:33,15934600904,Calibrador Sincronizador Sensor Tpms EL-50448,A,,740.0,134.0
241-1,JK Peças,27/05/2026 19:33,15931894425,Suporte Celular BMW Gs1200 1250 F850 Xr 1000 Por Indução,A,,116.0,101.0
305-K,JK Peças,27/05/2026 19:33,15915976957,Led Parafuso Olho De Águia Carro Moto 18mm - 1 Par,A,,0.0,0.0
305,JK Peças,27/05/2026 19:33,15915975213,Led Parafuso Olho De Águia Carro Moto 18mm,A,,0.0,0.0
408,JK Peças,27/05/2026 19:33,15911706941,Kit 415 Presilhas Grampos Fixadores Automotivo Carro + Chave,A,,8.0,0.0
270-K,JK Peças,27/05/2026 19:33,15911324812,Mangueira Ar Quente Superior Citroen C4 Ds4 Ds5 Thp O Par,A,,0.0,0.0
60-K,JK Peças,27/05/2026 19:33,15899674302,Emblema Lateral Bmw F800 Gs 1200 Aluminium 1 Und + Brind,A,,0.0,0.0
Bico para Válvula,JK Peças,27/05/2026 19:33,15899670068,Bicos para válvula BMW,A,,1.0,0.0
409,JK Peças,27/05/2026 19:33,15894388764,Adaptador Receptor Wireless Usb Wi-fi 5ghz Dual Band,A,,0.0,0.0
384,JK Peças,27/05/2026 19:33,15890214826,Mangueira Intercooler Turbina 144635X02B 144635X00B 144635X04B,A,,157.0,6.0
407,JK Peças,27/05/2026 19:33,15887378086,Sensor De Temperatura E Umidade Wi-fi - Alexa E Google Home,A,,0.0,0.0
396,JK Peças,27/05/2026 19:33,15882973599,Kit 100 Presilhas Grampos Fixadores Carro Veiculo Parabarro GN1667,A,,33.0,120.0
406,JK Peças,27/05/2026 19:33,15882372606,Tampa Combustível Z750 Z800 Z1000,A,,2.0,15.0
404,JK Peças,27/05/2026 19:33,15881076816,Mangueira De Retorno Dos Bicos A6460700932 6460700932,A,,0.0,0.0
399,JK Peças,27/05/2026 19:33,15880498420,Radiador 20S-12461-01-00,A,,0.0,0.0
402,JK Peças,27/05/2026 19:33,15878848660,Botão Comando 6554.WA,A,,45.0,100.0
401,JK Peças,27/05/2026 19:33,15878801404,Botão Comando 98053439,A,,71.0,99.0
403,JK Peças,27/05/2026 19:33,15878739013,Comando Botão Vidro Eletrico  20455317,A,,19.0,101.0
405,JK Peças,27/05/2026 19:33,15878641227,Botão Vidro Eletrico 94728492,A,,6.0,107.0
397,JK Peças,27/05/2026 19:33,15876970848,Kit 100 Presilhas Grampos Fixadores Carro Veiculo Parabarro Com Caixa GN1667,A,,715.0,3.0
398,JK Peças,27/05/2026 19:33,15876562061,Botão Comando Vidro 254000015r,A,,51.0,6.0
395,JK Peças,27/05/2026 19:33,15870767178,Filtro da Bomba de Combustível 3M519h307LP,A,,0.0,0.0
386,JK Peças,27/05/2026 19:33,15861312948,Tapete Bandeja Protetor Porta Malas Vw. T-cross Sense - Pcd,A,,0.0,0.0
387,JK Peças,27/05/2026 19:33,15860170677,Vw T-cross Tapete Bandeja Protetor De Porta Malas,A,,0.0,0.0
392-K,JK Peças,27/05/2026 19:33,15858076639,Par Amortecedor Tampa Da Caçamba Traseira Gun125 2016 2022,A,,169.0,114.0
392,JK Peças,27/05/2026 19:33,15858076289,Amortecedor Tampa Da Caçamba Traseira Gun125 2016 2022,A,,0.0,0.0
365,JK Peças,27/05/2026 19:33,15854931613,Flange Da Bomba Combustivel Tampa Focus 2.0 16v,A,,42.0,1.0
733-K100,JK Peças,27/05/2026 19:33,15853202594,3 Chave Geral Bateria Carro Moto Barco Caminhão Universal,A,,0.0,0.0
733-K3,JK Peças,27/05/2026 19:33,15853197323,3 Chave Geral Bateria Carro Moto Barco Caminhão Universal,A,,0.0,0.0
733-K,JK Peças,27/05/2026 19:33,15853195584,2 Chave Geral Bateria Carro Moto Barco Caminhão Universal,A,,0.0,0.0
391,JK Peças,27/05/2026 19:33,15852754678,Ventosa Manual 200kg,A,,17.0,100.0
219-K6,JK Peças,27/05/2026 19:33,15851317723,Jogo 6 Velas Ignição SILZKR7B11,A,,0.0,0.0
170-K4,JK Peças,27/05/2026 19:33,15850548179,Jogo De Velas Ignição 4un 9091901164,A,,0.0,0.0
394,JK Peças,27/05/2026 19:33,15848749918,Trava Presília Mangueira Intercooler,A,,0.0,0.0
393,JK Peças,27/05/2026 19:33,15848746885,Anel Vedação Da Mangueira Intercooler,A,,0.0,0.0
388,JK Peças,27/05/2026 19:33,15846440389,Jeep Renegade Tapete Bandeja Protetor De Porta Malas,A,,0.0,0.0
306-K,JK Peças,27/05/2026 19:33,15841561068,Led Parafuso Olho De Águia Carro Moto 23mm - 1 Par,A,,0.0,0.0
44-K4,JK Peças,27/05/2026 19:33,15838863690,Jogo 4 Vela Ignição Iridium Izfr6h11,A,,0.0,1.0
149-K4,JK Peças,27/05/2026 19:33,15838813484,Jogo Velas de Ignição Ngk Iridium Lzfr6ai Airtrek Outlander 2.4,A,,0.0,0.0
Pilha,JK Peças,27/05/2026 19:33,15838806456,Pilha Palito AAA,A,,18.0,0.0
336,JK Peças,27/05/2026 19:33,15836999569,Botão Start Stop Bmw Preto Red 120i 320 M135 M235 M240 M2 M3,A,,0.0,0.0
335,JK Peças,27/05/2026 19:33,15836982282,Acessorios Bmw 120i 125i 320i 328i 420i 428i Moldura Start,A,,0.0,0.0
32-K,JK Peças,27/05/2026 19:33,15834406874,Radiador Honda Cb 600 Hornet 2005 2006 2007 + Cebolinha,A,,0.0,1.0
129-3,JK Peças,27/05/2026 19:33,15833566445,Scanner Parede Detector Tubo Cano Água Pvc Madeira Fio Metal Com Pilhas,A,,0.0,0.0
379-4,JK Peças,27/05/2026 19:33,15833284111,Trava Mangueira Intercooler (Menor),A,,198.0,6.0
379-3,JK Peças,27/05/2026 19:33,15833282932,Anéis + Travas Da Mangueira intercooler,A,,0.0,-1.0
382,JK Peças,27/05/2026 19:33,15826352799,Bomba Combustível Motor Popa 397839 395091,A,,244.0,101.0
385-4-K,JK Peças,27/05/2026 19:33,15826324849,Par Luz Subaquática Submarina 42 Leds 12v Barcos Lanchas Iates Azul,A,,96.0,55.0
254-3,JK Peças,27/05/2026 19:33,15826243256,Bomba Combustivel Gasolina AH22-9H307-AB Sem Filtro,A,,0.0,0.0
385,JK Peças,27/05/2026 19:33,15825543866,Luz Subaquática Submarina 42 Leds 12v Barcos Lanchas Iates,A,,0.0,0.0
381,JK Peças,27/05/2026 19:33,15825157405,Painel Elétrico 6 Chaves Usb Tomada Voltímetro Lancha Barco,A,,0.0,2.0
380,JK Peças,27/05/2026 19:33,15825109849,"Painel Elétrico 5 Chaves 2 Usb Com Voltímetro Para Carro, Barco, Iate, Trailer, Caminhão",A,,583.0,1.0
377-2-K4,JK Peças,27/05/2026 19:33,15822744624,4 Luz Lâmpada Subaquática 27 Leds Super Potência Barco Lancha,A,,17.0,25.0
377-K,JK Peças,27/05/2026 19:33,15822718251,2 Luz Lâmpada Subaquática 27 Leds Super Potência Barco Lancha,A,,0.0,0.0
377,JK Peças,27/05/2026 19:33,15822714576,Luz Lâmpada Subaquática 27 Leds Super Potência Barco Lancha,A,,0.0,0.0
1008,JK Peças,27/05/2026 19:33,15821784412,Mangueira radiador pegeot e c4,A,,0.0,0.0
375,JK Peças,27/05/2026 19:33,15821582433,Seta Pisca Retrovisor 87613-2P000-FC 87623-2P000-FC,A,,0.0,0.0
376,JK Peças,27/05/2026 19:33,15821516768,Bobina Ignição Motor Popa Mercury Optimax Efi 300-879984t01 339-879984t00,A,,0.0,0.0
371,JK Peças,27/05/2026 19:33,15820602254,Tampa + Flange Conexão Radiador,A,,29.0,0.0
372,JK Peças,27/05/2026 19:33,15817166831,Tubo Conexão Mangueira 55116901AA,A,,0.0,0.0
373,JK Peças,27/05/2026 19:33,15817146904,Carcaça E Válvula Termostática 68003582AB 4884569AB 68003582AA,A,,1.0,-1.0
379-5,JK Peças,27/05/2026 19:33,15816581871,Kit Anéis Presilhas Mangueira Intercooler,A,,0.0,-1.0
379-2,JK Peças,27/05/2026 19:33,15816576777,Presilhas Mangueira Intercooler,A,,122.0,2.0
379-1,JK Peças,27/05/2026 19:33,15816572026,Kit Anéis Vedação Da Mangueira Intercooler,A,,0.0,-1.0
374-K,JK Peças,27/05/2026 19:33,15814982734,Grade De Luz De Nevoeiro Inferior ( Par ),A,,13.0,100.0
374,JK Peças,27/05/2026 19:33,15814971925,Grade De Luz De Nevoeiro Inferior,A,,0.0,0.0
328,JK Peças,27/05/2026 19:33,15814596873,Alavanca Troca Cabo Marchas Original,A,,0.0,0.0
361,JK Peças,27/05/2026 19:33,15812953889,Display Satlink Tela Lcd,A,,4.0,0.0
367-K,JK Peças,27/05/2026 19:33,15812897627,Par Roda Livre Manual Gptrend Ford Ranger 4x4,A,,98.0,59.0
367,JK Peças,27/05/2026 19:33,15812889987,Roda Livre Manual Gptrend Ford Ranger 4x4,A,,196.0,119.0
79-K3,JK Peças,27/05/2026 19:33,15812818500,Kit Bomba Água 12v Circulação Água Quente Solar 800 L/h,A,,0.0,0.0
368,JK Peças,27/05/2026 19:33,15808488730,Atuador De Marcha Lenta 22270-00040,A,,1.0,1.0
369,JK Peças,27/05/2026 19:33,15808061870,Tubo Bypass Bomba De Agua 68211200AC,A,,6.0,4.0
366,JK Peças,27/05/2026 19:33,15808041339,Display Lcd Tela Do Painel Computador Bordo,A,,0.0,0.0
309.1,JK Peças,27/05/2026 19:33,15788687544,Válvula Reguladora 9109-930a Usada,A,,12.0,0.0
362,JK Peças,27/05/2026 19:33,15786248975,Flange Da Bomba Combustivel Tampa Focus 2.0 16v 3 Pçs,A,,0.0,1.0
364,JK Peças,27/05/2026 19:33,15781432799,Adaptador Sem Fio Wireless Qi Indução,A,,0.0,0.0
363,JK Peças,27/05/2026 19:33,15731082443,Botão multifuncional de controle de volante,A,,2.0,7.0
357,JK Peças,27/05/2026 19:33,15702653812,Super Broca Helicoidal P/ Solo Terra Jardim Espiral Metal,A,,23.0,3.0
358,JK Peças,27/05/2026 19:33,15692026834,Caneta Pencil Stylus 1.0mm,A,,23.0,102.0
355,JK Peças,27/05/2026 19:33,15691648031,Botão Vidro Elétrico Sprinter,A,,11.0,0.0
353,JK Peças,27/05/2026 19:33,15691222667,Filtro De Óleo Haldex Original,A,,38.0,100.0
346,JK Peças,27/05/2026 19:33,15663451898,Anel Vedação Completo Resfriador Trocador Journey 3.6 Ate 13,A,,30.0,0.0
222-2,JK Peças,27/05/2026 19:33,15657645895,Pisca Seta Retrovisor Motorista Lado: Esquerdo,A,,61.0,0.0
222-1,JK Peças,27/05/2026 19:33,15657386423,Pisca Seta Retrovisor Carona Lado: Direito,A,,98.0,98.0
198-4,JK Peças,27/05/2026 19:33,15657210140,Maçaneta Externa Kia Sorento 82650-3e010 Traseira Esquerda,A,,25.0,0.0
198-3,JK Peças,27/05/2026 19:33,15657135579,Maçaneta Externa Kia Sorento 82650-3e010 Traseira Direita,A,,23.0,1.0
198-2,JK Peças,27/05/2026 19:33,15657030446,Maçaneta Externa Kia Sorento 82650-3e010 Dianteira Esquerda,A,,35.0,100.0
198-1,JK Peças,27/05/2026 19:33,15656905062,Maçaneta Externa Kia Sorento 82650-3e010 Dianteira Direita,A,,44.0,103.0
356,JK Peças,27/05/2026 19:33,15652235823,Painel Digital Universal Para Motos Completo,A,,0.0,0.0
354,JK Peças,27/05/2026 19:33,15647338529,Sensor Nivel Combustivel Pajero,A,,55.0,106.0
349,JK Peças,27/05/2026 19:33,15584481807,Moldura Ponteira Escapamento Amg W205 Glc,A,,2.0,0.0
360,JK Peças,27/05/2026 19:33,15520831751,Retentor Virabrequim Lado Volante Honda Civic 92-06,A,,35.0,0.0
344-K,JK Peças,27/05/2026 19:33,15452977983,Roda Livre F250 2006 Até 2011 1c3z3b396cb,A,,19.0,53.0
347,JK Peças,27/05/2026 19:33,15452869023,Anel Vedação Retentor Resfriador Dodge Journey Jeep,A,,6.0,0.0
344,JK Peças,27/05/2026 19:33,15444794728,Roda Livre F250 2006 Até 2011 1c3z3b396cb,A,,39.0,107.0
414,JK Peças,27/05/2026 19:33,15416348151,Creme Clareador Natural Manchas Variadas E Melasma,A,,0.0,0.0
300,JK Peças,27/05/2026 19:33,15406306904,Scanner Automotivo Nexpeak Nx501 Obd2 Flex E Diesel,A,,0.0,0.0
189,JK Peças,27/05/2026 19:33,15394823729,Amortecedor Mola Gás Tampa Caçamba,A,,5.0,0.0
345,JK Peças,27/05/2026 19:33,15316969177,Testador Teste Faísca De Vela Ignição Motor Carro Moto Barco,A,,291.0,100.0
O063,JK Peças,27/05/2026 19:33,15314520221,Tensor Guia Corrente Bomba Oleo Ford Focus 2.0 2009 / 2014,A,,0.0,0.0
350-1,JK Peças,27/05/2026 19:33,15309313048,Tapete De Água Inflável Atividades Almofada Infantil Bebê Sem borda,A,,7.0,0.0
331-K,JK Peças,27/05/2026 19:33,15284284172,Par Cinto Anti Alarme Jetta Adaptador Cinto Segurança,A,,13.0,1.0
333-K,JK Peças,27/05/2026 19:33,15284085231,Cinto Anti Alarme Mitsubishi Pajero Adaptador Cinto Segurança,A,,8.0,0.0
332-K,JK Peças,27/05/2026 19:33,15284060848,Par Cinto Anti Alarme Golf Adaptador Cinto Segurança,A,,0.0,0.0
333,JK Peças,27/05/2026 19:33,15283656570,Cinto Anti Alarme Mitsubishi Pajero Adaptador Cinto Segurança,A,,17.0,1.0
332,JK Peças,27/05/2026 19:33,15283631027,Cinto Anti Alarme Golf Adaptador Cinto Segurança,A,,0.0,0.0
D104,JK Peças,27/05/2026 19:33,15249412558,Coroa Unica 32 34 36 38 40 42 44 46 48 50 Dentes Narrow Wide Bcd 104mm,A,,0.0,0.0
343,JK Peças,27/05/2026 19:33,15233233744,Sensor Medidor Nivel Combustivel Tanque,A,,45.0,0.0
348,JK Peças,27/05/2026 19:33,15216987783,Bomba Alta Pressão Mini Turbo 13517588879,A,,0.0,0.0
342,JK Peças,27/05/2026 19:33,15201393126,Marcador Medidor Sensor Nível Combustível Digital Universal,A,,570.0,163.0
341,JK Peças,27/05/2026 19:33,15189260940,Filtro Combustivel 16127233840,A,,4.0,106.0
147,JK Peças,27/05/2026 19:33,15156365125,Vela 1262054,A,,0.0,0.0
324,JK Peças,27/05/2026 19:33,15130547562,Tampa Filtro Ar Condicionado,A,,23.0,107.0
337,JK Peças,27/05/2026 19:33,15130256952,Valvula Controle Comando 06H109257C,A,,47.0,3.0
318,JK Peças,27/05/2026 19:33,15109302584,Fechadura Trava Tranca Tampa Porta Malas Hb20s Sedan 2016,A,,526.0,98.0
302,JK Peças,27/05/2026 19:33,15091298943,Scanner Automotivo Konnwei Kw903 Bluetooth Obd2 Can-bus Pe,A,,0.0,0.0
327,JK Peças,27/05/2026 19:33,15071084952,Flange De Água Cabeçote Alumínio,A,,30.0,0.0
325,JK Peças,27/05/2026 19:33,15068427223,Tampa Amortecedor,A,,0.0,0.0
315-K,JK Peças,27/05/2026 19:33,15067316923,Cinto Anti Alarme Toyota Corolla Adaptador Cinto (Par),A,,0.0,0.0
331,JK Peças,27/05/2026 19:33,15058445912,Cinto Anti Alarme Jetta Adaptador Cinto Segurança,A,,26.0,2.0
326,JK Peças,27/05/2026 19:33,15026007232,Difusor Ar Console Central Original,A,,24.0,0.0
316,JK Peças,27/05/2026 19:33,15025321988,Sensor Direção Hidráulica  497610324r,A,,111.0,113.0
321-K,JK Peças,27/05/2026 19:33,15014582697,Spoiler Parachoque Par,A,,93.0,0.0
321,JK Peças,27/05/2026 19:33,15014557440,Spoiler Parachoque,A,,0.0,0.0
250-K,JK Peças,27/05/2026 19:33,14995004519,Tampa Parachoque Esguicho Farol Azera ( Par ),A,,0.0,1.0
319,JK Peças,27/05/2026 19:33,14991895487,Cilindro Atuador Hidráulico Embreagem Meriva Easytronic,A,,60.0,100.0
315,JK Peças,27/05/2026 19:33,14978792295,Cinto Anti Alarme Toyota Corolla Adaptador Cinto,A,,0.0,1.0
160-K,JK Peças,27/05/2026 19:33,14966742484,Acessórios Ponteira Escapamento PAR,A,,29.0,141.0
280-K,JK Peças,27/05/2026 19:33,14959596445,Retentor Do Comando De Valvulas 55563374 2un,A,,70.0,51.0
238-K,JK Peças,27/05/2026 19:33,14959101850,Tela Grade Para Choque Dianteiro Jeep Renegade 735618579l 735618580r Par,A,,0.0,0.0
272-K8,JK Peças,27/05/2026 19:33,14933633172,Filtro Peneira Eixo Balanceador (8pçs),A,,0.0,12.0
272-K4,JK Peças,27/05/2026 19:33,14933606971,Filtro Peneira Eixo Balanceador (4pçs),A,,0.0,25.0
219-K4,JK Peças,27/05/2026 19:33,14881112881,Jogo 4 Velas Ignição SILZKR7B11,A,,0.0,0.0
252-K,JK Peças,27/05/2026 19:33,14856240845,Tampa Lavador Esguicho Farol Focus 2014a 2015,A,,1.0,3.0
221,JK Peças,27/05/2026 19:33,14851864917,Placa Do Led Lanterna b003809.2,A,,76.0,1.0
320,JK Peças,27/05/2026 19:33,14851312307,Par Lâmpada Xenon Hid D1s 6000k,A,,24.0,104.0
313,JK Peças,27/05/2026 19:33,14780272996,Esteira Trilho Alavanca Câmbio 8015a066,A,,98.0,0.0
10-K,JK Peças,27/05/2026 19:33,14775304530,Base Para Antena + Mini Antena Haste Carbono 8cm,A,,0.0,0.0
230-K,JK Peças,27/05/2026 19:33,14756922599,Tampa Esguicho Parachoque 61677211209 (Par),A,,88.0,1.0
224-K,JK Peças,27/05/2026 19:33,14756355795,Tampa C/ Bico Esguicho Farol 984502j000 (Par),A,,0.0,0.0
222-K,JK Peças,27/05/2026 19:33,14747410287,Pisca Seta Retrovisor Carona Motorista Lado (Par Direito esquerdo),A,,61.0,0.0
169-K,JK Peças,27/05/2026 19:33,14745890203,Válvulas Bico Esportivo Para Pneu De Moto 90 Graus (Par),A,,107.0,99.0
157-K4,JK Peças,27/05/2026 19:33,14743775522,Jogo Vela Iridium Mitsubishi Outlander 2.4 Fr5ei 1822a030 163235 (4 Unidades),A,,0.0,0.0
167-K,JK Peças,27/05/2026 19:33,14741342916,Válvula Extensor Bico Pneu Moto Carro Bike 90 Grau Reforçado (2 Unidades),A,,36.0,60.0
151,JK Peças,27/05/2026 19:33,14740830748,Vela Ignição Bmw Iiridium ZR5TPP33 (1 Unidade),A,,44.0,4.0
220,JK Peças,27/05/2026 19:33,14720937414,Vela Ignição Platinium Santa Fé 2.7 2001-2006 Ilfr5b11 (1 Unidades),A,,0.0,6.0
312,JK Peças,27/05/2026 19:33,14717311024,Esteira Do Câmbio Automático 4at,A,,60.0,100.0
195-K,JK Peças,27/05/2026 19:33,14706096928,Par Lâmpada Xenon D4s 6000k 35w,A,,0.0,51.0
152-K6,JK Peças,27/05/2026 19:33,14705410916,06 Velas Ignição Pfr5n11 Platinun,A,,17.0,17.0
189-K,JK Peças,27/05/2026 19:33,14703217944,Par Amortecedor Mola Gás Tampa Caçamba (Par),A,,2.0,102.0
70-K,JK Peças,27/05/2026 19:33,14685499016,70 Roda Livre Automatica Original Par,A,,117.0,8.0
60-K4,JK Peças,27/05/2026 19:33,14684047355,Emblema Lateral Bmw F800 Gs 1200 Aluminium 4 Und,A,,0.0,0.0
314-K,JK Peças,27/05/2026 19:33,14675439363,Acessórios Hilux Cinto De Segurança Anti Som Par,A,,0.0,0.0
314,JK Peças,27/05/2026 19:33,14675389112,Acessórios Hilux Cinto De Segurança Anti Som,A,,1.0,1.0
309,JK Peças,27/05/2026 19:33,14661994796,Válvula Reguladora 9109-930a,A,,0.0,0.0
310,JK Peças,27/05/2026 19:33,14659038799,Medidor Fluxo Ar 13800-65D00,A,,1.0,1.0
81-K,JK Peças,27/05/2026 19:33,14653573122,Par Lampada Xenon D4r 35w 6000k,A,,934.0,66.0
38-K,JK Peças,27/05/2026 19:33,14651302074,Par Refil Para Limpador De Parabrisa,A,,0.0,0.0
27-K,JK Peças,27/05/2026 19:33,14643410526,Engrenagem Caixa De Transferencia Bmw X3 3.0 KIT (Preta+Branca) 27107566296 8473227771,A,,24.0,0.0
308,JK Peças,27/05/2026 19:33,14620368965,Filete Maçaneta Toyota Corolla 2015 Á 2019,A,,0.0,0.0
303,JK Peças,27/05/2026 19:33,14612274025,Válvula Acionamento Diferencial Diant Diafragma S10 Blazer,A,,0.0,0.0
307-1,JK Peças,27/05/2026 19:33,14606183851,Carcaça Válvula Termostática 308 3008 408 C4 Ds3 1.6 Thp,A,,0.0,100.0
293,JK Peças,27/05/2026 19:33,14599960554,Difusor De Ar Do Teto Pajero Full 2008 Até 2016 Mitsubishi,A,,0.0,0.0
247,JK Peças,27/05/2026 19:33,14563388138,Reparo Bico Cruze Tracker Hatch Sedan Turbo,A,,0.0,0.0
299,JK Peças,27/05/2026 19:33,14492661968,Chave Interruptora,A,,0.0,0.0
298-K,JK Peças,27/05/2026 19:33,14467851327,Par Brucutu Esguicho Para Brisas 986302E100,A,,232.0,0.0
297-K,JK Peças,27/05/2026 19:33,14415946800,Par Esguicho Agua Brucutu Cruze 2012 2013 2014 2015 2016,A,,595.0,105.0
16,JK Peças,27/05/2026 19:33,14399480993,Cebolão Interruptor Ventoinha 37760P00003,A,,0.0,79.0
306,JK Peças,27/05/2026 19:33,14346317749,Led Parafuso Olho De Águia Carro Moto 23mm,A,,0.0,0.0
286,JK Peças,27/05/2026 19:33,14295915131,Válvula De Nível Do Banco Pneumático 20443641,A,,665.0,101.0
294,JK Peças,27/05/2026 19:33,14286005518,Tubo Cano Óleo Retorno Turbina Peugeot Thp 1613571980 037989,A,,0.0,0.0
291,JK Peças,27/05/2026 19:33,14280633992,Placa De Fusíveis Bateria Peugeot 3008 C4 Picasso 6500gr,A,,0.0,0.0
290,JK Peças,27/05/2026 19:33,14269614775,"Caixa Bsm Peugeot 206, 207, 307 1.4 E 1.6 - Nova E Original",A,,392.0,125.0
289,JK Peças,27/05/2026 19:33,14269307425,Medidor De Fluxo Ar 7 Pinos Mitsubishi Pajero Tr4 2.0 16v,A,,1.0,0.0
295,JK Peças,27/05/2026 19:33,14237711180,Bomba De Vácuo Para Peugeot E Citroen Thp 1.6 16v Turbo 3008,A,,74.0,100.0
292,JK Peças,27/05/2026 19:33,14202509218,Sensor Oleo Citroen Picasso Peugeot 307 308 407 408 2.0 16v,A,,13.0,0.0
287,JK Peças,27/05/2026 19:33,14044830039,Medidor Fluxo De Ar Pajero Tr4 Io E5t08471 Md343605 Original,A,,0.0,0.0
285,JK Peças,27/05/2026 19:33,14039046655,Comando Vidro Eletrico Kia Sorento 2009 A 2013,A,,25.0,102.0
278,JK Peças,27/05/2026 19:33,14035321699,Mangueira De Entrada De Ar 2700900382,A,,35.0,0.0
283,JK Peças,27/05/2026 19:33,14026551471,Sensor Rotação Frontier 2.5 Diesel 16v 949979-033 23731ec00a,A,,0.0,0.0
282,JK Peças,27/05/2026 19:33,14026185812,Roda Fonica Ssangyong Actyon Kyron Rexton Korando 4151009000,A,,0.0,0.0
274,JK Peças,27/05/2026 19:33,14013157818,Sensor Temperatura Ar Condicionado 97143-1m000,A,,44.0,6.0
276,JK Peças,27/05/2026 19:33,13779404932,Comando Vidro Elétrico Kia Sorento 2011 A 2014 ( 2 Auto ),A,,37.0,0.0
279,JK Peças,27/05/2026 19:33,13759781041,Mangueira De Entrada De Ar Mercedes A200 B200 Cla E Gla,A,,70.0,2.0
277,JK Peças,27/05/2026 19:33,13759548975,Mangueira Filtro Ar Tbi 2710900982 2710900682,A,,10.0,0.0
38,JK Peças,27/05/2026 19:33,13759256879,Refil Para Limpador De Parabrisa,A,,0.0,0.0
232,JK Peças,27/05/2026 19:33,13757310156,Par Puxador Porta Bmw 320i 328i F30 2013 Á 2017,A,,0.0,0.0
281,JK Peças,27/05/2026 19:33,13723983496,Válvula Do Vácuo Coletor Admissão Cruze Sonic Track 55568437,A,,72.0,5.0
280,JK Peças,27/05/2026 19:33,13722938922,Retentor Do Comando De Valvulas 55563374,A,,141.0,102.0
275-5,JK Peças,27/05/2026 19:33,13722651531,Puxador Interno Porta Bmw 528i 535i 550i M5 Bege,A,,19.0,3.0
272,JK Peças,27/05/2026 19:33,13721966499,Filtro Peneira Eixo Balanceador,A,,1.0,100.0
273,JK Peças,27/05/2026 19:33,13686567362,Comando Botão Vidro Eletrico Ford Ranger 2012 2013 2014 2015,A,,76.0,102.0
23,JK Peças,27/05/2026 19:33,13568733845,"Piloto Automático Controle De Velocidade Focus Mk2,5",A,,0.0,0.0
271,JK Peças,27/05/2026 19:33,13549872506,Mangueira Ar Quente Superior Citroen 6466tz,A,,0.0,0.0
270,JK Peças,27/05/2026 19:33,13549699495,Mangueira Ar Quente Inferior 6466XV,A,,0.0,0.0
264,JK Peças,27/05/2026 19:33,13549036936,Cebolinha Direção Hidarulica 575353k00,A,,0.0,102.0
107-1,JK Peças,27/05/2026 19:33,13483517543,Manopla Bola Câmbio Manual 6 Marchas,A,,146.0,0.0
129,JK Peças,27/05/2026 19:33,13432881137,Scanner Parede Detector Tubo Cano Água Pvc Madeira Fio Metal,A,,0.0,0.0
008,JK Peças,27/05/2026 19:33,13400040117,Base Para Antena De Carros 1087087,A,,256.0,120.0
268,JK Peças,27/05/2026 19:33,13193905286,Emblema Logo Estrela Capo A2108800186,A,,0.0,2.0
267,JK Peças,27/05/2026 19:33,13193528383,Bomba Alta Pressão 13517592429,A,,0.0,0.0
127,JK Peças,27/05/2026 19:33,13188705991,Vibrador Duplo U C Clitóris Controle Casal Tipo We-vibe Usb,A,,0.0,0.0
261,JK Peças,27/05/2026 19:33,13177561843,Fluxo De Ar 5wk97008,A,,0.0,0.0
262,JK Peças,27/05/2026 19:33,13172075118,Kit 10 Ponta Montada Fresa Dremel Tugstênio Retifica Metal,A,,0.0,0.0
259,JK Peças,27/05/2026 19:33,13119587884,Moldura Aplique Braço Retrovisor Jeep Compass,A,,0.0,0.0
258,JK Peças,27/05/2026 19:33,13118609140,Capas Cromadas Maçanetas 4 Portas E Tampa Mala Dodge Ram 2500,A,,0.0,0.0
31,JK Peças,27/05/2026 19:33,13051895557,Difusor Duto Ar Mitsubishi Lancer,A,,0.0,0.0
124,JK Peças,27/05/2026 19:33,13050633987,Espanta Cachorro Repelente Eletrônico Preto,A,,0.0,100.0
194-K,JK Peças,27/05/2026 19:33,13047183890,Fita Par Led Flexível Fina Sequencial Farol Drl 60 Cm Carro,A,,37.0,6.0
20,JK Peças,27/05/2026 19:33,12960745007,Sensor Nível Combustível 3m519a299aa,A,,66.0,100.0
18,JK Peças,27/05/2026 19:33,12948078288,Gasolina Bomba Gasolina 0986580951,A,,0.0,3.0
19-1,JK Peças,27/05/2026 19:33,12948073353,Manopla De Câmbio Automático,A,,46.0,7.0
24,JK Peças,27/05/2026 19:33,12937841162,Antena Haste Carbono Mini 8cm,A,,0.0,0.0
257,JK Peças,27/05/2026 19:33,12855784213,Botão Vidro Eletrico 9065451913,A,,105.0,107.0
246,JK Peças,27/05/2026 19:33,12855068539,Esteira Cambio 8699465,A,,32.0,100.0
254,JK Peças,27/05/2026 19:33,12854070053,Bomba Combustivel Gasolina AH22-9H307-AB,A,,1.0,0.0
255,JK Peças,27/05/2026 19:33,12832278873,Organizador Porta Treco,A,,0.0,0.0
256,JK Peças,27/05/2026 19:33,12830079559,Snow Foam Esguicho Shampoozeira Lavagem Cera Reservatório,A,,198.0,98.0
252,JK Peças,27/05/2026 19:33,12744922955,Tampa Lavador Esguicho Farol Focus 2014a 2015,A,,0.0,0.0
52,JK Peças,27/05/2026 19:33,12740242769,Motor Partida Ktm 55140001000,A,,61.0,100.0
250,JK Peças,27/05/2026 19:33,12673887710,Tampa Parachoque Esguicho Farol Azera,A,,0.0,0.0
244,JK Peças,27/05/2026 19:33,12673444939,Tampa Combustível 3 4,A,,0.0,100.0
253,JK Peças,27/05/2026 19:33,12670559759,Reator Módulo Xenon D4s D4r 8596745010,A,,0.0,0.0
199,JK Peças,27/05/2026 19:33,12662092033,Atuador Marcha Lenta 22270,A,,0.0,100.0
231-1,JK Peças,27/05/2026 19:33,12661177390,Botão Comando Freio Mão Honda Hrv 2015 A 2019,A,,0.0,100.0
124-1,JK Peças,27/05/2026 19:33,12583555915,Aparelho Anti Latido Ultrasonico Apito Adestramento Cães,A,,247.0,111.0
241,JK Peças,27/05/2026 19:33,12546303252,Suporte Celular BMW Gps R 1200 R 1250 Gs F 850 F 800,A,,61.0,120.0
245,JK Peças,27/05/2026 19:33,12546130899,Esteira Câmbio Automático 6q0713273a,A,,132.0,105.0
Mini Bomba,JK Peças,27/05/2026 19:33,12530092267,Mini Bomba D'água,A,,2.0,0.0
207,JK Peças,27/05/2026 19:33,12529660780,Coleira Com Controle Adestramento Som Vibração Choque Remoto,A,,18.0,0.0
317,JK Peças,27/05/2026 19:33,12500432523,Velcro Com Adesivo Dupla Face 25mm,A,,0.0,0.0
251,JK Peças,27/05/2026 19:33,12480314143,Bico Aspersor Nebulizador Irrigação Pulverização Regulável,A,,114.0,101.0
116,JK Peças,27/05/2026 19:33,12456915360,Mangueira Retorno Reservatório Água Cruze Tracker 2012 À 2016,A,,154.0,0.0
239,JK Peças,27/05/2026 19:33,12364171500,Olho De Gato Refletor Para-choque Traseiro Bmw 320i,A,,0.0,0.0
242,JK Peças,27/05/2026 19:33,12363301175,Selim Banco Acento Aranha Tipo Fibra De Carbono Speed Ou Mtb,A,,0.0,1.0
243,JK Peças,27/05/2026 19:33,12358454988,Sensor De Pressão Do Óleo 1997 - 2000,A,,0.0,0.0
238,JK Peças,27/05/2026 19:33,12321647029,Tela Grade Para Choque Dianteiro Jeep Renegade 735618579l 735618580r,A,,0.0,0.0
235,JK Peças,27/05/2026 19:33,12320830777,Sensor abs traseiro esquerdo/direito 9665386880,A,,0.0,0.0
230,JK Peças,27/05/2026 19:33,12238241359,Tampa Esguicho Parachoque 61677211209,A,,0.0,0.0
60,JK Peças,27/05/2026 19:33,12226588750,Emblema Lateral Bmw F800 Gs 1200 Aluminium 1 Und,A,,0.0,2.0
236,JK Peças,27/05/2026 19:33,12197922405,Resistência Ventoinha 9673999980,A,,0.0,100.0
350-2,JK Peças,27/05/2026 19:33,12197922309,Tapete De Água Inflável Atividades Almofada Infantil Bebê Com Borda,A,,61.0,0.0
228,JK Peças,27/05/2026 19:33,12197920162,Farol Lanterna Traseira Pisca Moto Custom Race Fita 48 Leds,A,,25.0,0.0
200,JK Peças,27/05/2026 19:33,12197918181,Display (lcd) Velocímetro Painel Titanium,A,,66.0,104.0
220-K6,JK Peças,27/05/2026 19:33,12197916886,Vela Ignição Platinium Santa Fé 2.7 2001-2006 Ilfr5b11 (6 Unidades),A,,0.0,1.0
231,JK Peças,27/05/2026 19:33,12197916124,Botão Freio Mão Estacionamento 35355-t7a-j01 35355t7aj01,A,,100.0,0.0
218,JK Peças,27/05/2026 19:33,12197915450,Esquadro Digital Laser Grau Laser Nível Horizontal Vertical,A,,0.0,2.0
215-K,JK Peças,27/05/2026 19:33,12197913648,Par de Lâmpadas HID Xenon D1S 35w 12v,A,,0.0,0.0
214,JK Peças,27/05/2026 19:33,12197912991,Comutador De Ignição 931102d000,A,,406.0,117.0
211,JK Peças,27/05/2026 19:33,12197912840,Valvula Solenoide Audi Fusca Jetta Passat Tiguan 06f906283f,A,,0.0,0.0
160,JK Peças,27/05/2026 19:33,12064955926,Acessórios Ponteira Escapamento S,A,,59.0,282.0
151-K6,JK Peças,27/05/2026 19:33,12022178799,Jogo Vela Ignição Bmw Iiridium ZR5TPP33 (6 Unidades),A,,7.0,0.0
178,JK Peças,27/05/2026 19:33,12022177414,Ponteira Escapamento Cromada Inox,A,,0.0,0.0
177,JK Peças,27/05/2026 19:33,12022177219,Ponteira Escape Preto Fume Par,A,,0.0,0.0
219,JK Peças,27/05/2026 19:33,12022176124,Velas Ignição Hyundai Original SILZKR7B11,A,,0.0,0.0
190,JK Peças,27/05/2026 19:33,12022170004,Reservatório Carvão Ativo Canister 1K0201797AE,A,,23.0,3.0
188,JK Peças,27/05/2026 19:33,12022169767,Kit Junta Da Bomba De Vácuo New Beetle - 07k145215a,A,,2.0,0.0
187,JK Peças,27/05/2026 19:33,12022168875,Sensor De Pressão Map Coletor 0281002573,A,,0.0,0.0
173,JK Peças,27/05/2026 19:33,12022168655,Modulo Ventoinha 1k0959455,A,,0.0,0.0
170,JK Peças,27/05/2026 19:33,12022168567,Vela Ignição 9091901164,A,,0.0,0.0
152,JK Peças,27/05/2026 19:33,12022166377,Vela Ignição Pfr5n11 Platinun,A,,102.0,106.0
154,JK Peças,27/05/2026 19:33,12022165943,Sensor Pressão Map Turbina Mr577031,A,,30.0,0.0
158,JK Peças,27/05/2026 19:33,12022164189,Sensor Pressão Flauta 0281002908,A,,0.0,0.0
149,JK Peças,27/05/2026 19:33,12022163902,Velas de Ignição Ngk Iridium Lzfr6ai Airtrek Outlander 2.4,A,,0.0,0.0
155,JK Peças,27/05/2026 19:33,12022163779,Novo Bateria Auxiliar  a2059053414,A,,16.0,0.0
146,JK Peças,27/05/2026 19:33,12022162324,Cabo Adaptador Hub Usb Type 3 Portas,A,,0.0,0.0
150,JK Peças,27/05/2026 19:33,12022162171,Tampa Reservatório Água 13502353,A,,45.0,3.0
141,JK Peças,27/05/2026 19:33,12022161322,Adaptador Hub Rede 2usb-c Hdmi,A,,36.0,0.0
139,JK Peças,27/05/2026 19:33,12022160783,Sensor Map Cummins 0281002576,A,,0.0,0.0
134,JK Peças,27/05/2026 19:33,12022160327,Mangueira De Retorno Dos Bicos Sprinter 415/515 Original A6510700132,A,,35.0,4.0
137,JK Peças,27/05/2026 19:33,12022160200,Valvula Reguladora Pressao Rail Flauta 1110010028,A,,0.0,0.0
126,JK Peças,27/05/2026 19:33,12022156072,Vibrador U C Clitóris Casal Recarregável Usb Tipo We-vibe,A,,3.0,0.0
115,JK Peças,27/05/2026 19:33,12022151864,Tubo Saída Corpo Borboleta Tbi  55559353,A,,43.0,100.0
28,JK Peças,27/05/2026 19:33,12022150416,Hub Adaptador 6x1 2 Usb 3.0 Cartão Sd E Micr,A,,0.0,0.0
153,JK Peças,27/05/2026 19:33,12022139616,Scanner Automotivo Forscan Usb Ftdi Interruptor Hs Ms Can,A,,0.0,0.0
47,JK Peças,27/05/2026 19:33,12022137250,Sensor De Pressão Pneu Hyundai Creta Nova Tucson Tpms Sonata,A,,425.0,19.0
94,JK Peças,27/05/2026 19:33,12022136701,Emblema Lateral VW,A,,0.0,0.0
33,JK Peças,27/05/2026 19:33,12022136355,Mangueira Agua Aquecedor  1.8  1.6 16v 55574685,A,,98.0,4.0
66,JK Peças,27/05/2026 19:33,12022135489,Filtro Tampa Bomba De Combustivel Evoque Land Rover Gasolina 036127,A,,24.0,8.0
100,JK Peças,27/05/2026 19:33,12022134498,Cabo Auxiliar Aux Cd P2 Stereo,A,,13.0,101.0
89,JK Peças,27/05/2026 19:33,12022133336,Bola Manopla De Cambio 6 Marchas Manual,A,,-1.0,0.0
99,JK Peças,27/05/2026 19:33,12022133046,Calibrador Sincronizador Sensor Tpms EL-50449,A,,303.0,120.0
15-1,JK Peças,27/05/2026 19:33,12019596853,Sensor Detonação XL-7 18640-78G0,A,,0.0,101.0
226,JK Peças,27/05/2026 19:33,12015066450,Filtro De Ar Esportivo E Lavável Harley Davidson 883 Iron,A,,0.0,0.0
733-K4,JK Peças,27/05/2026 19:33,11871734936,4 Chave Geral Bateria Carro Moto Barco Caminhão Universal,A,,0.0,0.0
120,JK Peças,27/05/2026 19:33,11871419476,Kit Junta Valvula Vtec Civic Ex 1998-2005 1.6 1.7 Original,A,,206.0,0.0
224,JK Peças,27/05/2026 19:33,11871418809,Tampa C/ Bico Esguicho Farol 984502j000,A,,0.0,0.0
202,JK Peças,27/05/2026 19:33,11871417965,Base Para Maquina Serra Corte 45 Graus Porcelanato Ceramica,A,,0.0,0.0
206,JK Peças,27/05/2026 19:33,11871417827,Disco Moedor De Serra Para Madeira Corrente Motosserra 100mm,A,,0.0,0.0
210,JK Peças,27/05/2026 19:33,11871417104,Receptor Transmissor Veicular Com Bluetooth Fm Mp3 Usb Pendr,A,,0.0,0.0
196,JK Peças,27/05/2026 19:33,11871416774,Torneira Gasolina Combustivel,A,,68.0,97.0
213,JK Peças,27/05/2026 19:33,11871416635,Detector De Correte E Tensão Carregador Celular Testador,A,,0.0,0.0
208,JK Peças,27/05/2026 19:33,11871416414,Tampa Lateral Cabeçote 06h103269h,A,,0.0,100.0
192,JK Peças,27/05/2026 19:33,11871415638,Torneira Gasolina Combustivel Cb 500,A,,72.0,105.0
195,JK Peças,27/05/2026 19:33,11871415487,Lâmpada Xenon D4s 6000k 35w,A,,0.0,103.0
197,JK Peças,27/05/2026 19:33,11871415440,Display / Tela / Lcd Com Touch Do Garmin Edge 1000,A,,0.0,0.0
171,JK Peças,27/05/2026 19:33,11871414786,Sensor bico 45pp3-5,A,,0.0,1.0
136,JK Peças,27/05/2026 19:33,11871414751,Válvula Rail  A6110780549 0281002698,A,,0.0,0.0
172,JK Peças,27/05/2026 19:33,11871413998,Sensor De Combustível New Flex Original Vw 06k907811b,A,,0.0,0.0
176,JK Peças,27/05/2026 19:33,11871412830,Sensor Da Flauta Rail 3.2 55pp40-01,A,,42.0,0.0
81,JK Peças,27/05/2026 19:33,11871407959,Lâmpada Xenon D4r 6000k,A,,1869.0,133.0
32,JK Peças,27/05/2026 19:33,11871403394,Radiador Honda Cb 600 Hornet 2005 2006 2007,A,,0.0,1.0
107,JK Peças,27/05/2026 19:33,11871402403,Manopla Bola Câmbio,A,,33.0,0.0
263,JK Peças,27/05/2026 19:33,11871400395,Bico Injetor 55577403,A,,0.0,0.0
105,JK Peças,27/05/2026 19:33,11871398455,Boia Sensor Nivel Combustível  Gasolina,A,,26.0,99.0
453,JK Peças,27/05/2026 19:33,11871397185,Lamina 6 Pontas Motopoda Canivete Nakasaki Para Roçadeiras,A,,49.0,0.0
72,JK Peças,27/05/2026 19:33,11871396560,Manopla Ccoifa Alavanca Marcha,A,,0.0,0.0
77,JK Peças,27/05/2026 19:33,11871394303,Maçaneta Puxador Dianteiro Esquerdo Interno,A,,0.0,0.0
71,JK Peças,27/05/2026 19:33,11871391605,Capa de freio de mão HONDA Civic 47115-sna-a82za,A,,15.0,100.0
61,JK Peças,27/05/2026 19:33,11871390236,Suporte Tampa Tanque 2009-2019,A,,55.0,2.0
62,JK Peças,27/05/2026 19:33,11871389578,Manopla Cambio Automatico,A,,242.0,100.0
55,JK Peças,27/05/2026 19:33,11871388886,Rolamento Coxin Mancal Com Coifa Cardan,A,,10.0,100.0
53,JK Peças,27/05/2026 19:33,11871387401,Mangueira Filtro Ar Tbi Sentra 2.0 2007 2008 DECKAS,A,,762.0,123.0
44-1,JK Peças,27/05/2026 19:33,11871385623,Valvula Moduladora Turbina 14956-EB300,A,,19.0,0.0
44,JK Peças,27/05/2026 19:33,11871383991,Vela Ignição Iridium Izfr6h11,A,,0.0,7.0
22,JK Peças,27/05/2026 19:33,11871370438,Conj Cilindro E Encaixe Fecho Capo Focus Após 09 Ref 2168/70,A,,0.0,0.0
51,JK Peças,27/05/2026 19:33,11871370176,Valvula Solenoide Pressao 1k0906627a,A,,0.0,0.0
27,JK Peças,27/05/2026 19:33,11871368957,Engrenagem Caixa de Transferencia Bmw X3 3.0,A,,0.0,0.0
240,JK Peças,27/05/2026 19:33,11871368098,Reator Led Xenon  A2189009303,A,,0.0,0.0
12,JK Peças,27/05/2026 19:33,11871333251,Bomba Combustível 1987-2000 HT-DZB11,A,,0.0,120.0
248,JK Peças,27/05/2026 19:33,11871317815,Sensor Velocidade 2501074p01,A,,0.0,0.0
227,JK Peças,27/05/2026 19:33,11871301587,Botão Shifter De Câmbio,A,,0.0,0.0
234,JK Peças,27/05/2026 19:33,11871296135,Comando Botao Vidro Eletrico Exclusive,A,,3.0,104.0
225,JK Peças,27/05/2026 19:33,11871290116,Válvula Canister  06h906517b 0280142459,A,,39.0,5.0
352,JK Peças,27/05/2026 19:33,11871289554,Comando Botao Vidro Eletrico Sprinter 311/ 415/ 515 3 Plugs,A,,35.0,100.0
351,JK Peças,27/05/2026 19:33,11871277077,Bóia Sensor Nivel Combustível Tanque Outlander,A,,0.0,0.0
4-1,JK Peças,27/05/2026 19:33,11871263829,Manopla Marcha Cambio  2008 2013 Preta,A,,11.0,101.0
002,JK Peças,27/05/2026 19:33,11871248767,Tampa Portinhola Tanque Combustivel Ford Focus 2009 a 2013,A,,414.0,100.0
167,JK Peças,27/05/2026 19:33,11843403701,Válvula Extensor Bico Pneu Moto Carro Bike 90 Grau Reforçado,A,,72.0,121.0
57,JK Peças,27/05/2026 19:33,11841288224,Mangueira Caixa Filtro Ar 1j0129684,A,,0.0,0.0
82-K,JK Peças,27/05/2026 19:33,11841287337,Par Lampada Xenon D4r 35w 4300k,A,,361.0,3.0
82,JK Peças,27/05/2026 19:33,11841286196,Lampada Xenon D4r Original 35w 4300k,A,,723.0,6.0
49,JK Peças,27/05/2026 19:33,11841282213,Engrenagem Bucha Caixa Direção  Original,A,,0.0,10.0
37,JK Peças,27/05/2026 19:33,11841279118,Sensor De Rotação Câmbio Automático A3 Golf Bora 01m927321b,A,,8.0,1.0
80,JK Peças,27/05/2026 19:33,11841263911,Válvula Termostática,A,,12.0,0.0
001,JK Peças,27/05/2026 19:33,11841262148,Cebolão Do Radiador Sensor Temperatura,A,,182.0,23.0
46,JK Peças,27/05/2026 19:33,11841260646,Sensor Pressão Do Pneu Tpms Gm Captiva Camaro Malibu,A,,525.0,117.0
203,JK Peças,27/05/2026 19:33,11841260124,Válvula Reguladora Sprinter 9109930a,A,,14.0,0.0
43,JK Peças,27/05/2026 19:33,11841258998,Sensor Pressão Pneumático Pneu Tpms 68193586AA,A,,0.0,0.0
59,JK Peças,27/05/2026 19:33,11841256886,Sensor Tps Posição Borboleta Honda Civic 96 97 98 99 00,A,,62.0,109.0
005,JK Peças,27/05/2026 19:33,11841256412,Sensor Pressão Combustível 5WS40039,A,,0.0,100.0
223,JK Peças,27/05/2026 19:33,11821054890,Sensor Nível Boia De Combustível Hyundai Ix-35 Gasolina,A,,110.0,1.0
147-K4,JK Peças,27/05/2026 19:33,11777714545,Jogo Vela Captiva 2.4 2011/ Gm 12620540 04 Unidades 185cv,A,,0.0,0.0
181,JK Peças,27/05/2026 19:33,11713833880,Par Pisca Seta Espelho Retrovisor mk2 mk3 mondeo mk4,A,,76.0,120.0
157,JK Peças,27/05/2026 19:33,11696983229,Vela Iridium Mitsubishi Outlander 2.4 Fr5ei1822a030,A,,3.0,0.0
70,JK Peças,27/05/2026 19:33,11452415123,Roda Livre Automatica Original Frontier - 2.8 40260-1s700,A,,235.0,17.0
35,JK Peças,27/05/2026 19:33,11450779859,Sensor Pressão Direção Hidráulica,A,,135.0,109.0
237,JK Peças,27/05/2026 19:33,11447386566,Reator Farol Lampada Xenon D3s A2229003300 Q04,A,,0.0,0.0
733,JK Peças,27/05/2026 19:33,11447193134,Chave Geral Bateria Carro Moto Barco Caminhão Universal,A,,0.0,0.0
D104-30,JK Peças,27/05/2026 19:33,16638374565,Coroa Unica 32 34 36 38 40 42 44 46 48 50 Dentes Narrow Wide Bcd 104mm Tamanho:30T,A,,0.0,0.0
D104-52,JK Peças,27/05/2026 19:33,16630969543,Coroa Unica 32 34 36 38 40 42 44 46 48 50 Dentes Narrow Wide Bcd 104mm Tamanho:52T,A,,15.0,0.0
D104-50,JK Peças,27/05/2026 19:33,16630969539,Coroa Unica 32 34 36 38 40 42 44 46 48 50 Dentes Narrow Wide Bcd 104mm Tamanho:50T,A,,14.0,0.0
D104-48,JK Peças,27/05/2026 19:33,16630969537,Coroa Unica 32 34 36 38 40 42 44 46 48 50 Dentes Narrow Wide Bcd 104mm Tamanho:48T,A,,14.0,0.0
D104-46,JK Peças,27/05/2026 19:33,16630969534,Coroa Unica 32 34 36 38 40 42 44 46 48 50 Dentes Narrow Wide Bcd 104mm Tamanho:46T,A,,13.0,0.0
D104-44,JK Peças,27/05/2026 19:33,16630969532,Coroa Unica 32 34 36 38 40 42 44 46 48 50 Dentes Narrow Wide Bcd 104mm Tamanho:44T,A,,3.0,0.0
D104-42,JK Peças,27/05/2026 19:33,16630969529,Coroa Unica 32 34 36 38 40 42 44 46 48 50 Dentes Narrow Wide Bcd 104mm Tamanho:42T,A,,0.0,0.0
D104-40,JK Peças,27/05/2026 19:33,16630969526,Coroa Unica 32 34 36 38 40 42 44 46 48 50 Dentes Narrow Wide Bcd 104mm Tamanho:40T,A,,1.0,0.0
520-3,JK Peças,27/05/2026 19:33,16630828582,Botão Vidro Elétrico compativel com Mercedes C180 C200 C250 C300 2015 À 2019 Cor:Prata/Bege,A,,19.0,0.0
520-2,JK Peças,27/05/2026 19:33,16630828579,Botão Vidro Elétrico compativel com Mercedes C180 C200 C250 C300 2015 À 2019 Cor:Prata/Marrom,A,,20.0,0.0
520-1,JK Peças,27/05/2026 19:33,16630828578,Botão Vidro Elétrico compativel com Mercedes C180 C200 C250 C300 2015 À 2019 Cor:Prata/Preto,A,,20.0,0.0
518-2,JK Peças,27/05/2026 19:33,16630817186,Par Guia Suporte para Parachoque Dianteiro compatível com Honda Crv 2007/2011 Lado:Esquerdo,A,,10.0,0.0
518-1,JK Peças,27/05/2026 19:33,16630817181,Par Guia Suporte para Parachoque Dianteiro compatível com Honda Crv 2007/2011 Lado:Direito,A,,10.0,0.0
517-2,JK Peças,27/05/2026 19:33,16630813641,Guia Suporte Parachoque Dianteiro compatível com Elantra 2012 A 2016 Lado:Esquerdo,A,,9.0,0.0
517-1,JK Peças,27/05/2026 19:33,16630813640,Guia Suporte Parachoque Dianteiro compatível com Elantra 2012 A 2016 Lado:Direito,A,,9.0,0.0
516-2,JK Peças,27/05/2026 19:33,16630800768,Dobradiça Capô compatível vomHonda Civic 2012 2013 2014 2015 2016 G9 Lado: Esquerdo,A,,20.0,0.0
516-1,JK Peças,27/05/2026 19:33,16630800765,Dobradiça Capô compatível vomHonda Civic 2012 2013 2014 2015 2016 G9 Lado: Direito,A,,20.0,0.0
512-2,JK Peças,27/05/2026 19:33,16630780035,Dobradiça Capô compatível com Honda Civic 2017 2018 2019 2020 2021 G10 Lado: Esquerdo,A,,20.0,0.0
512-1,JK Peças,27/05/2026 19:33,16630780033,Dobradiça Capô compatível com Honda Civic 2017 2018 2019 2020 2021 G10 Lado: Direito,A,,20.0,0.0
T107,JK Peças,27/05/2026 19:33,16565938160,Antena Shark tubarão receptiva am fm Compatível com Honda New Civic City Azera Elantra Hb20s Sedan Peugeot Corolla Cor:P,A,,5.0,0.0
T105,JK Peças,27/05/2026 19:33,16565938158,Antena Shark tubarão receptiva am fm Compatível com Honda New Civic City Azera Elantra Hb20s Sedan Peugeot Corolla Cor:B,A,,4.0,0.0
T103,JK Peças,27/05/2026 19:33,16565938156,Antena Shark tubarão receptiva am fm Compatível com Honda New Civic City Azera Elantra Hb20s Sedan Peugeot Corolla Cor:P,A,,5.0,0.0
T200-LXL,JK Peças,27/05/2026 19:33,16565876044,Par Meias de Compressão Alívio para dores calcanhar tornozelo pés inchados dores torção fascite plantar Tamanho:G,A,,0.0,0.0
T200-SM,JK Peças,27/05/2026 19:33,16565876042,Par Meias de Compressão Alívio para dores calcanhar tornozelo pés inchados dores torção fascite plantar Tamanho:M,A,,0.0,0.0
TJ076-GG,JK Peças,27/05/2026 19:33,16565241118,Joelheira 3d Com Silicone Patelar E Espiral De Estabilidade Tamanho:GG,A,,5.0,0.0
TJ076-G,JK Peças,27/05/2026 19:33,16565241117,Joelheira 3d Com Silicone Patelar E Espiral De Estabilidade Tamanho:G,A,,5.0,0.0
TJ076-M,JK Peças,27/05/2026 19:33,16565241115,Joelheira 3d Com Silicone Patelar E Espiral De Estabilidade Tamanho:M,A,,5.0,0.0
DGC-05,JK Peças,27/05/2026 19:33,16512704919,Guia de correntes Deckas MTB de 30 a 40 dentes Tamanho: ISCG05,A,,0.0,0.0
DGC-03,JK Peças,27/05/2026 19:33,16512704917,Guia de correntes Deckas MTB de 30 a 40 dentes Tamanho: ISCG03,A,,14.0,0.0
DGC-BB,JK Peças,27/05/2026 19:33,16512704916,Guia de correntes Deckas MTB de 30 a 40 dentes Tamanho: BB 30t-40t,A,,56.0,0.0
DSHI-30,JK Peças,27/05/2026 19:33,16512692666,Coroa Unica 30 32 34 36 38 Dentes Narrow Wide DM SHI Tamanho:30T,A,,0.0,0.0
DSHI-38,JK Peças,27/05/2026 19:33,16512692665,Coroa Unica 30 32 34 36 38 Dentes Narrow Wide DM SHI Tamanho: 38T,A,,0.0,0.0
DSHI-32,JK Peças,27/05/2026 19:33,16512692663,Coroa Unica 30 32 34 36 38 Dentes Narrow Wide DM SHI Tamanho: 32T,A,,12.0,0.0
DSHI-34,JK Peças,27/05/2026 19:33,16512692662,Coroa Unica 30 32 34 36 38 Dentes Narrow Wide DM SHI Tamanho: 34T,A,,0.0,0.0
DSHI-36,JK Peças,27/05/2026 19:33,16512692661,Coroa Unica 30 32 34 36 38 Dentes Narrow Wide DM SHI Tamanho: 36T,A,,0.0,0.0
DSRAM-30,JK Peças,27/05/2026 19:33,16512690314,Coroa Unica 30 32 34 36 38 Dentes Narrow Wide DM SRAM Tamanho:30T,A,,0.0,0.0
DSRAM-38,JK Peças,27/05/2026 19:33,16512688260,Coroa Unica 30 32 34 36 38 Dentes Narrow Wide DM SRAM Tamanho: 38T,A,,0.0,0.0
DSRAM-32,JK Peças,27/05/2026 19:33,16512688259,Coroa Unica 30 32 34 36 38 Dentes Narrow Wide DM SRAM Tamanho: 32T,A,,1.0,0.0
DSRAM-34,JK Peças,27/05/2026 19:33,16512688256,Coroa Unica 30 32 34 36 38 Dentes Narrow Wide DM SRAM Tamanho: 34T,A,,0.0,0.0
DSRAM-36,JK Peças,27/05/2026 19:33,16512688255,Coroa Unica 30 32 34 36 38 Dentes Narrow Wide DM SRAM Tamanho: 36T,A,,0.0,0.0
D9496-38-O,JK Peças,27/05/2026 19:33,16512685643,Coroa Unica OVAL 32 34 36 38 Dentes Narrow Wide Bcd 94-96mm Tamanho: 38T-OVAL,A,,45.0,0.0
D9496-32-O,JK Peças,27/05/2026 19:33,16512685642,Coroa Unica OVAL 32 34 36 38 Dentes Narrow Wide Bcd 94-96mm Tamanho: 32T-OVAL,A,,33.0,0.0
D9496-34-O,JK Peças,27/05/2026 19:33,16512685640,Coroa Unica OVAL 32 34 36 38 Dentes Narrow Wide Bcd 94-96mm Tamanho: 34T-OVAL,A,,44.0,0.0
D9496-36-O,JK Peças,27/05/2026 19:33,16512685639,Coroa Unica OVAL 32 34 36 38 Dentes Narrow Wide Bcd 94-96mm Tamanho: 36T-OVAL,A,,24.0,0.0
D9496-38,JK Peças,27/05/2026 19:33,16512684468,Coroa Unica 32 34 36 38 Dentes Narrow Wide Bcd 94-96mm Tamanho: 38T,A,,34.0,0.0
D9496-32,JK Peças,27/05/2026 19:33,16512684467,Coroa Unica 32 34 36 38 Dentes Narrow Wide Bcd 94-96mm Tamanho: 32T,A,,36.0,0.0
D9496-34,JK Peças,27/05/2026 19:33,16512684466,Coroa Unica 32 34 36 38 Dentes Narrow Wide Bcd 94-96mm Tamanho: 34T,A,,56.0,0.0
D9496-36,JK Peças,27/05/2026 19:33,16512684465,Coroa Unica 32 34 36 38 Dentes Narrow Wide Bcd 94-96mm Tamanho: 36T,A,,48.0,0.0
D96A-38-O,JK Peças,27/05/2026 19:33,16512682024,Coroa Unica OVAL 32 34 36 38 Dentes Narrow Wide Bcd 96mm Tamanho: 38T-OVAL,A,,32.0,0.0
D96A-32-O,JK Peças,27/05/2026 19:33,16512682023,Coroa Unica OVAL 32 34 36 38 Dentes Narrow Wide Bcd 96mm Tamanho: 32T-OVAL,A,,31.0,0.0
D96A-34-O,JK Peças,27/05/2026 19:33,16512682022,Coroa Unica OVAL 32 34 36 38 Dentes Narrow Wide Bcd 96mm Tamanho: 34T-OVAL,A,,23.0,0.0
D96A-36-O,JK Peças,27/05/2026 19:33,16512682020,Coroa Unica OVAL 32 34 36 38 Dentes Narrow Wide Bcd 96mm Tamanho: 36T-OVAL,A,,11.0,0.0
D96A-38,JK Peças,27/05/2026 19:33,16512681445,Coroa Unica 32 34 36 38 Dentes Narrow Wide Bcd 96mm Tamanho: 38T,A,,30.0,0.0
D96A-32,JK Peças,27/05/2026 19:33,16512681444,Coroa Unica 32 34 36 38 Dentes Narrow Wide Bcd 96mm Tamanho: 32T,A,,2.0,0.0
D96A-34,JK Peças,27/05/2026 19:33,16512681443,Coroa Unica 32 34 36 38 Dentes Narrow Wide Bcd 96mm Tamanho: 34T,A,,0.0,0.0
D96A-36,JK Peças,27/05/2026 19:33,16512681442,Coroa Unica 32 34 36 38 Dentes Narrow Wide Bcd 96mm Tamanho: 36T,A,,0.0,0.0
D104-38-O,JK Peças,27/05/2026 19:33,16512679947,Coroa Unica OVAL 32 34 36 38 Dentes Narrow Wide Bcd 104mm Tamanho: 38T-OVAL,A,,0.0,0.0
D104-32-O,JK Peças,27/05/2026 19:33,16512679946,Coroa Unica OVAL 32 34 36 38 Dentes Narrow Wide Bcd 104mm Tamanho: 32T-OVAL,A,,15.0,0.0
D104-34-O,JK Peças,27/05/2026 19:33,16512679945,Coroa Unica OVAL 32 34 36 38 Dentes Narrow Wide Bcd 104mm Tamanho: 34T-OVAL,A,,11.0,0.0
D104-36-O,JK Peças,27/05/2026 19:33,16512679943,Coroa Unica OVAL 32 34 36 38 Dentes Narrow Wide Bcd 104mm Tamanho: 36T-OVAL,A,,0.0,0.0
412-9,JK Peças,27/05/2026 19:33,16452294609,Enxada Rotativa Aradora Para Roçadeiras 360mm ST178 28mm Quadrado 6.0,A,,0.0,0.0
412-8,JK Peças,27/05/2026 19:33,16452294608,Enxada Rotativa Aradora Para Roçadeiras 360mm ST178 28mm Quadrado 5.5,A,,3.0,0.0
412-7,JK Peças,27/05/2026 19:33,16452294606,Enxada Rotativa Aradora Para Roçadeiras 360mm ST178 26mm Quadrado 6.0,A,,4.0,0.0
458-K3,JK Peças,27/05/2026 19:33,16434976390,Grade+Frizo+Emblema do para choque 71121-T9A-T00 Cor:Preto/Chromado,A,,0.0,0.0
457-2,JK Peças,27/05/2026 19:33,16288946845,Grade para choque para Mercedes-Benz C180 C200 C250 C300 | Ano 2015 a 2018 Cor:Prata,A,,0.0,100.0
457-1,JK Peças,27/05/2026 19:33,16288946844,Grade para choque para Mercedes-Benz C180 C200 C250 C300 | Ano 2015 a 2018 Cor:Preta,A,,0.0,0.0
449-2,JK Peças,27/05/2026 19:33,16288936782,Grade Superior E Inferior Cruze 2010 A 2014 Friso Cromado Lado:Inferior,A,,48.0,0.0
449-1,JK Peças,27/05/2026 19:33,16288936781,Grade Superior E Inferior Cruze 2010 A 2014 Friso Cromado Lado:Superior,A,,44.0,0.0
451-2,JK Peças,27/05/2026 19:33,16288910039,Bandeja Dianteira Fusion 2013 2014 2015 2016 2017 Lado:Esquerdo,A,,401.0,95.0
451-1,JK Peças,27/05/2026 19:33,16288910038,Bandeja Dianteira Fusion 2013 2014 2015 2016 2017 Lado:Direito,A,,365.0,104.0
412-6,JK Peças,27/05/2026 19:33,16255396980,Enxada Rotativa Aradora Para Roçadeiras 360mm ST178 26mm 7 estrias,A,,0.0,0.0
412-5,JK Peças,27/05/2026 19:33,16255396978,Enxada Rotativa Aradora Para Roçadeiras 360mm ST178 26mm Quadrada 5.5,A,,4.0,0.0
436-4,JK Peças,27/05/2026 19:33,16249140308,"Adaptador Luva Cardan Roçadeira De Enxada Rotativa Arador Cardan Quadrado 5,5 mm",A,,12.0,3.0
436-3,JK Peças,27/05/2026 19:33,16249140307,Adaptador Luva Cardan Roçadeira De Enxada Rotativa Arador Cardan Quadrado 6mm,A,,0.0,3.0
436-2,JK Peças,27/05/2026 19:33,16249140305,Adaptador Luva Cardan Roçadeira De Enxada Rotativa Arador Cardan 7 estrias,A,,27.0,2.0
436-1,JK Peças,27/05/2026 19:33,16249140303,Adaptador Luva Cardan Roçadeira De Enxada Rotativa Arador Cardan 9 estrias,A,,1.0,0.0
385-3,JK Peças,27/05/2026 19:33,16217331131,Luz Subaquática Submarina 42 Leds 12v Barcos Lanchas Iates Cor:Verde,A,,58.0,103.0
426-2,JK Peças,27/05/2026 19:33,16215941963,Seta Pisca Retrovisor Led Sequencial para Golf Gti Mk7 Jetta Gli Lado:Esquerdo,A,,29.0,1.0
426-1,JK Peças,27/05/2026 19:33,16215941956,Seta Pisca Retrovisor Led Sequencial para Golf Gti Mk7 Jetta Gli Lado:Direito,A,,26.0,0.0
428-2,JK Peças,27/05/2026 19:33,16215865669,Guia Farol Dianteiro HR-V 2016-2018 Lado:Esquerdo 71190-T7A-000,A,,0.0,101.0
428-1,JK Peças,27/05/2026 19:33,16215865667,Guia Farol Dianteiro HR-V 2016-2018 Lado:Direito 71140-T7A-000,A,,1.0,95.0
433-2,JK Peças,27/05/2026 19:33,16181692852,"Painel Ripado De Madeira Ecológica 290x16x2,5 Cm Wpc Parede Cor:Mogno",A,,0.0,0.0
433-1,JK Peças,27/05/2026 19:33,16181676121,"Painel Ripado De Madeira Ecológica 290x16x2,5 Cm Wpc Parede Cor:Carvalho",A,,0.0,0.0
414-1,JK Peças,27/05/2026 19:33,16134663680,Creme Clareador Natural Manchas Variadas E Melasma 20 G:Dimollaure,A,,0.0,0.0
412-4,JK Peças,27/05/2026 19:33,16084664133,Enxada Rotativa Aradora Para Roçadeiras 360mm ST178 28mm Quadrado 5.0,A,,11.0,0.0
412-3,JK Peças,27/05/2026 19:33,16084664132,Enxada Rotativa Aradora Para Roçadeiras 360mm ST178 28mm 9 Estrias,A,,34.0,4.0
412-2,JK Peças,27/05/2026 19:33,15959153452,Enxada Rotativa Aradora Para Roçadeiras 360mm ST178 26 Quadrado 5.0,A,,27.0,0.0
412-1,JK Peças,27/05/2026 19:33,15959153451,Enxada Rotativa Aradora Para Roçadeiras 360mm ST178 26mm 9 Estrias,A,,112.0,18.0
305-2-K,JK Peças,27/05/2026 19:33,15915976962,Led Parafuso Olho De Águia Carro Moto 18mm - 1 Par Cor: Preto,A,,0.0,1.0
305-10-K,JK Peças,27/05/2026 19:33,15915976960,Led Parafuso Olho De Águia Carro Moto 18mm - 1 Par Cor: Prata,A,,0.0,0.0
305-2,JK Peças,27/05/2026 19:33,15915975215,Led Parafuso Olho De Águia Carro Moto 18mm COR: Preto,A,,1.0,2.0
305-10,JK Peças,27/05/2026 19:33,15915975214,Led Parafuso Olho De Águia Carro Moto 18mm COR: Prata,A,,0.0,0.0
79,JK Peças,27/05/2026 19:33,15898870103,Mini Bomba D'água Voltagem: 19w 5m 800l/h 12v Dc,A,,663.0,108.0
78,JK Peças,27/05/2026 19:33,15898870101,Mini Bomba D'água Voltagem: 22w 5m 800l/h 24v Dc,A,,27.0,153.0
392-2,JK Peças,27/05/2026 19:33,15858388662,Amortecedor Tampa Da Caçamba Traseira Gun125 2016 2022 Lado: Esquerdo,A,,191.0,114.0
392-1,JK Peças,27/05/2026 19:33,15858388659,Amortecedor Tampa Da Caçamba Traseira Gun125 2016 2022 Lado: Direito,A,,169.0,116.0
94-2,JK Peças,27/05/2026 19:33,15854297204,Emblema Lateral VW Logo: 4 Motion,A,,0.0,0.0
94-1,JK Peças,27/05/2026 19:33,15854297045,Emblema Lateral VW Logo: Clean,A,,0.0,100.0
394-2,JK Peças,27/05/2026 19:33,15848749928,Trava Presília Mangueira Intercooler Menor,A,,198.0,6.0
394-1,JK Peças,27/05/2026 19:33,15848749922,Trava Presília Mangueira Intercooler Maior,A,,122.0,2.0
393-2,JK Peças,27/05/2026 19:33,15848746890,Anel Vedação Da Mangueira Intercooler Menor,A,,5.0,0.0
393-1,JK Peças,27/05/2026 19:33,15848746888,Anel Vedação Da Mangueira Intercooler Maior,A,,0.0,-1.0
306-2-K,JK Peças,27/05/2026 19:33,15841561080,Led Parafuso Olho De Águia Carro Moto 23mm - 1 Par Cor: Preto,A,,0.0,1.0
306-10-K,JK Peças,27/05/2026 19:33,15841561077,Led Parafuso Olho De Águia Carro Moto 23mm - 1 Par Cor: Prata,A,,0.0,4.0
306-2,JK Peças,27/05/2026 19:33,15841481926,Led Parafuso Olho De Águia Carro Moto 23mm COR: Preto,A,,0.0,2.0
306-10,JK Peças,27/05/2026 19:33,15841481342,Led Parafuso Olho De Águia Carro Moto 23mm COR: Prata,A,,0.0,8.0
335-7,JK Peças,27/05/2026 19:33,15836982288,Acessorios Bmw 120i 125i 320i 328i 420i 428i Moldura Start Vermelho,A,,0.0,0.0
335-10,JK Peças,27/05/2026 19:33,15836982286,Acessorios Bmw 120i 125i 320i 328i 420i 428i Moldura Start Prata,A,,0.0,0.0
335-4,JK Peças,27/05/2026 19:33,15836982284,Acessorios Bmw 120i 125i 320i 328i 420i 428i Moldura Start Azul,A,,0.0,0.0
D104-38,JK Peças,27/05/2026 19:33,15833833125,Coroa Unica 32 34 36 38 40 42 44 46 48 50 Dentes Narrow Wide Bcd 104mm Tamanho: 38T,A,,0.0,0.0
D104-32,JK Peças,27/05/2026 19:33,15833833124,Coroa Unica 32 34 36 38 40 42 44 46 48 50 Dentes Narrow Wide Bcd 104mm Tamanho: 32T,A,,28.0,0.0
232-2,JK Peças,27/05/2026 19:33,15833206902,Par Puxador Porta Bmw 320i 328i F30 2013 Á 2017 Cor: Preto Traseiro,A,,0.0,95.0
227-2,JK Peças,27/05/2026 19:33,15827310179,Botão Shifter De Câmbio 54132 sda a81,A,,16.0,100.0
227-1,JK Peças,27/05/2026 19:33,15827310178,Botão Shifter De Câmbio 54132 s84 a81za,A,,46.0,100.0
226-17,JK Peças,27/05/2026 19:33,15827185801,Filtro De Ar Esportivo E Lavável Harley Davidson 883 Iron Cor: Roxo,A,,0.0,0.0
226-7,JK Peças,27/05/2026 19:33,15827185799,Filtro De Ar Esportivo E Lavável Harley Davidson 883 Iron Cor: Vermelho,A,,0.0,0.0
254-1,JK Peças,27/05/2026 19:33,15826203284,Bomba Combustivel Gasolina AH22-9H307-AB Com: Filtro LR057235 LR044427 LR026192,A,,258.0,105.0
385-4,JK Peças,27/05/2026 19:33,15825543879,Luz Subaquática Submarina 42 Leds 12v Barcos Lanchas Iates Cor: Azul,A,,192.0,111.0
385-2,JK Peças,27/05/2026 19:33,15825543872,Luz Subaquática Submarina 42 Leds 12v Barcos Lanchas Iates Cor: Branco,A,,164.0,106.0
377-4-K,JK Peças,27/05/2026 19:33,15822718253,2 Luz Lâmpada Subaquática 27 Leds Super Potência Barco Lancha Azul,A,,14.0,53.0
377-4,JK Peças,27/05/2026 19:33,15822714579,Luz Lâmpada Subaquática 27 Leds Super Potência Barco Lancha Cor: Azul,A,,29.0,106.0
377-2,JK Peças,27/05/2026 19:33,15822714577,Luz Lâmpada Subaquática 27 Leds Super Potência Barco Lancha Cor: Branco,A,,68.0,100.0
375-2,JK Peças,27/05/2026 19:33,15821582435,Seta Pisca Retrovisor 87613-2P000-FC 87623-2P000-FC Esquerdo: ( Motorista ),A,,0.0,1.0
375-1,JK Peças,27/05/2026 19:33,15821582434,Seta Pisca Retrovisor 87613-2P000-FC 87623-2P000-FC Direito: ( Passageiro ),A,,0.0,0.0
299-2,JK Peças,27/05/2026 19:33,15817804922,Chave Interruptora Luzes com Farol de Neblina 3c8 941 431b,A,,0.0,0.0
299-1,JK Peças,27/05/2026 19:33,15817804921,Chave Interruptora Luzes com Farol Milha e Neblina 1z0 941 431,A,,0.0,109.0
374-2,JK Peças,27/05/2026 19:33,15814971928,Grade De Luz De Nevoeiro Inferior Lado: Esquerdo,A,,17.0,100.0
374-1,JK Peças,27/05/2026 19:33,15814971927,Grade De Luz De Nevoeiro Inferior Lado: Direito,A,,13.0,100.0
127-17,JK Peças,27/05/2026 19:33,15814908625,Vibrador Duplo U C Clitóris Controle Casal Tipo We-vibe Usb Cor: Roxo,A,,0.0,0.0
127-9,JK Peças,27/05/2026 19:33,15814908624,Vibrador Duplo U C Clitóris Controle Casal Tipo We-vibe Usb Cor: Rosa,A,,0.0,0.0
189-2,JK Peças,27/05/2026 19:33,15811136694,Amortecedor Mola Gás Tampa Caçamba Lado: Esquerdo,A,,2.0,109.0
189-1,JK Peças,27/05/2026 19:33,15811136692,Amortecedor Mola Gás Tampa Caçamba Lado: Direito,A,,17.0,102.0
364-4,JK Peças,27/05/2026 19:33,15781432810,Adaptador Sem Fio Wireless Qi Indução Type: iPhone,A,,18.0,0.0
364-3,JK Peças,27/05/2026 19:33,15781432806,Adaptador Sem Fio Wireless Qi Indução Type: C,A,,0.0,100.0
364-2,JK Peças,27/05/2026 19:33,15781432804,Adaptador Sem Fio Wireless Qi Indução Type: B,A,,21.0,0.0
364-1,JK Peças,27/05/2026 19:33,15781432802,Adaptador Sem Fio Wireless Qi Indução Type: A,A,,23.0,8.0
D104-34,JK Peças,27/05/2026 19:33,15735022446,Coroa Unica 32 34 36 38 40 42 44 46 48 50 Dentes Narrow Wide Bcd 104mm Tamanho: 34T,A,,10.0,0.0
D104-36,JK Peças,27/05/2026 19:33,15249429528,Coroa Unica 32 34 36 38 40 42 44 46 48 50 Dentes Narrow Wide Bcd 104mm Tamanho: 36T,A,,0.0,0.0
325-2,JK Peças,27/05/2026 19:33,15068441970,Tampa Amortecedor Lado: Esquerdo 8K0 803 593,A,,0.0,0.0
325-1,JK Peças,27/05/2026 19:33,15068441959,Tampa Amortecedor Lado: Direito 8K0 803 594,A,,0.0,0.0
321-2,JK Peças,27/05/2026 19:33,15014557451,Spoiler Parachoque Lado: Esquerdo,A,,93.0,101.0
321-1,JK Peças,27/05/2026 19:33,15014557444,Spoiler Parachoque Lado: Direito,A,,96.0,0.0
250-2,JK Peças,27/05/2026 19:33,14994976227,Tampa Parachoque Esguicho Farol Azera Lado: Esquerdo,A,,1.0,1.0
250-1,JK Peças,27/05/2026 19:33,14994976219,Tampa Parachoque Esguicho Farol Azera Lado: Direito,A,,0.0,100.0
317-25,JK Peças,27/05/2026 19:33,14931534415,Velcro Com Adesivo Dupla Face 25mm 25M,A,,0.0,0.0
252-2,JK Peças,27/05/2026 19:33,14856147933,Tampa Lavador Esguicho Farol Focus 2014a 2015 Lado: Esquerdo,A,,24.0,3.0
252-1,JK Peças,27/05/2026 19:33,14856147928,Tampa Lavador Esguicho Farol Focus 2014a 2015 Lado: Direito,A,,1.0,100.0
317-4,JK Peças,27/05/2026 19:33,14810511486,Velcro Com Adesivo Dupla Face 25mm 4M,A,,0.0,0.0
317-20,JK Peças,27/05/2026 19:33,14810511479,Velcro Com Adesivo Dupla Face 25mm 20M,A,,0.0,0.0
317-12,JK Peças,27/05/2026 19:33,14810511471,Velcro Com Adesivo Dupla Face 25mm 12M,A,,0.0,0.0
317-2,JK Peças,27/05/2026 19:33,14810511463,Velcro Com Adesivo Dupla Face 25mm 2M,A,,0.0,0.0
238-1,JK Peças,27/05/2026 19:33,14762378997,Tela Grade Para Choque Dianteiro Jeep Renegade 735618579l 735618580r Lado: Direito,A,,0.0,0.0
238-2,JK Peças,27/05/2026 19:33,14762378996,Tela Grade Para Choque Dianteiro Jeep Renegade 735618579l 735618580r Lado: Esquerdo,A,,0.0,1.0
232-5,JK Peças,27/05/2026 19:33,14759508972,Par Puxador Porta Bmw 320i 328i F30 2013 Á 2017 Cor: Bege Frontal,A,,53.0,97.0
232-1,JK Peças,27/05/2026 19:33,14759508959,Par Puxador Porta Bmw 320i 328i F30 2013 Á 2017 Cor: Preto Frontal,A,,21.0,101.0
230-2,JK Peças,27/05/2026 19:33,14757052002,Tampa Esguicho Parachoque 61677211209 Lado: Esquerdo,A,,89.0,1.0
230-1,JK Peças,27/05/2026 19:33,14757051981,Tampa Esguicho Parachoque 61677211209 Lado: Direito,A,,88.0,2.0
224-2,JK Peças,27/05/2026 19:33,14756259955,Tampa C/ Bico Esguicho Farol 984502j000 Lado: Esquerdo,A,,0.0,0.0
224-1,JK Peças,27/05/2026 19:33,14756259950,Tampa C/ Bico Esguicho Farol 984502j000 Lado: Direito,A,,0.0,0.0
31-D,JK Peças,27/05/2026 19:33,14657599549,Difusor Duto Ar Mitsubishi Lancer Cor: Preto Direito Lateral,A,,0.0,0.0
31-C,JK Peças,27/05/2026 19:33,14657599546,Difusor Duto Ar Mitsubishi Lancer Cor: Preto Direito Medial,A,,0.0,0.0
31-B,JK Peças,27/05/2026 19:33,14657599540,Difusor Duto Ar Mitsubishi Lancer Cor: Preto Esquerdo Medial,A,,0.0,0.0
31-A,JK Peças,27/05/2026 19:33,14657599536,Difusor Duto Ar Mitsubishi Lancer Cor: Preto Esquerdo Lateral,A,,0.0,0.0
27-2,JK Peças,27/05/2026 19:33,14632144011,Engrenagem Caixa de Transferencia Bmw X3 3.0 Cor: Branco 27107566296,A,,31.0,0.0
27-1,JK Peças,27/05/2026 19:33,14632144004,Engrenagem Caixa de Transferencia Bmw X3 3.0 Cor: Preto 8473227771,A,,24.0,0.0
293-11,JK Peças,27/05/2026 19:33,14618883537,Difusor De Ar Do Teto Pajero Full 2008 Até 2016 Mitsubishi COR: CINZA,A,,0.0,0.0
293-18,JK Peças,27/05/2026 19:33,14618883527,Difusor De Ar Do Teto Pajero Full 2008 Até 2016 Mitsubishi COR: CREME,A,,0.0,0.0
239-2,JK Peças,27/05/2026 19:33,14551190751,Olho De Gato Refletor Para-choque Traseiro Bmw 320i Lado: ESQUERDO,A,,34.0,0.0
239-1,JK Peças,27/05/2026 19:33,14551190746,Olho De Gato Refletor Para-choque Traseiro Bmw 320i Lado: DIREITO,A,,33.0,6.0
317-10,JK Peças,27/05/2026 19:33,13702139814,Velcro Com Adesivo Dupla Face 25mm 10M,A,,0.0,0.0
317-6,JK Peças,27/05/2026 19:33,13702139813,Velcro Com Adesivo Dupla Face 25mm 6M,A,,0.0,0.0
317-5,JK Peças,27/05/2026 19:33,13702139812,Velcro Com Adesivo Dupla Face 25mm 5M,A,,0.0,0.0
317-3,JK Peças,27/05/2026 19:33,13702139811,Velcro Com Adesivo Dupla Face 25mm 3M,A,,0.0,0.0
317-1,JK Peças,27/05/2026 19:33,13702139810,Velcro Com Adesivo Dupla Face 25mm 1M,A,,0.0,0.0
MLB2715347850,Uai Mineirinho,27/05/2026 19:33,16613795828,"Bomba D'agua Solar, Aquario, Alta Pressão 12v/24v Dc 19w Mo",A,,0.0,0.0
MLB2715330273,Uai Mineirinho,27/05/2026 19:33,16613795809,"Bomba D'agua Solar, Aquario, Alta Pressão 12v Dc 19w Mo",A,,0.0,0.0
MLB1181512611,Uai Mineirinho,27/05/2026 19:33,16613795773,"Bomba D'agua Solar, Aquario, Alta Pressão 12v/24v Dc 19w",A,,0.0,0.0
1617,Uai Mineirinho,27/05/2026 19:33,16612342294,Kit Botão Câmbio Honda Accord 94 À 02 Com Mola 54132s84a81za,A,,0.0,0.0
309.1,Uai Mineirinho,27/05/2026 19:33,16608652906,Válvula Reguladora 9109-930a Usada,A,,0.0,0.0
shopee-250-k,Uai Mineirinho,27/05/2026 19:33,16604799239,Tampa Parachoque Esguicho Farol Azera ( Par ),A,,96.0,99.0
008-K,Uai Mineirinho,27/05/2026 19:33,16597660232,Base + Antena para Carros 1087087,A,,0.0,0.0
484-2,Uai Mineirinho,27/05/2026 19:33,16563460497,"Cadeira de escritório azul, Material: Metal e Plástico, Caixa de papelão",A,,15.0,0.0
484-1,Uai Mineirinho,27/05/2026 19:33,16563459473,"Cadeira de escritório preta, Material: Metal e Plástico, caixa de papelão",A,,11.0,0.0
479-K5,Uai Mineirinho,27/05/2026 19:33,16536850133,5 Mochila Flexível Anti-incêndio 20l,A,,0.0,0.0
479-K3,Uai Mineirinho,27/05/2026 19:33,16536850052,3 Mochila Flexível Anti-incêndio 20l,A,,0.0,0.0
479-K,Uai Mineirinho,27/05/2026 19:33,16536849894,2 Mochila Flexível Anti-incêndio 20l,A,,0.0,0.0
307-K,Uai Mineirinho,27/05/2026 19:33,16508868111,Carcaça Válvula Termostática + Chicote + Sensor 308 3008 408 C4 Ds3 1.6 Thp,A,,18.0,0.0
307-2,Uai Mineirinho,27/05/2026 19:33,16508866362,Chicote da Carcaça Válvula Termostática 308 3008 408 C4 Ds3 1.6 Thp,A,,41.0,0.0
008-1,Uai Mineirinho,27/05/2026 19:33,16498592773,Antena para Carros 1087087,A,,40.0,0.0
008-Kitt,Uai Mineirinho,27/05/2026 19:33,16498212232,Base + Antena para Carros 1087087,A,,0.0,0.0
94-4,Uai Mineirinho,27/05/2026 19:33,16491683564,Emblema Lateral VW Logo: Fumê,A,,0.0,0.0
480,Uai Mineirinho,27/05/2026 19:33,16444748802,"Motor Redutor Motoredutor 12v,  ZD2560R-12V, 40RPM",A,,1.0,1.0
482,Uai Mineirinho,27/05/2026 19:33,16444746939,"Motor Redutor Motoredutor 12v ZD2560R-12V, 60RPM",A,,0.0,100.0
481,Uai Mineirinho,27/05/2026 19:33,16444745851,"Motor Redutor Motoredutor 12v, ZD2560R-12V, 20RPM",A,,1.0,2.0
477,Uai Mineirinho,27/05/2026 19:33,16444743051,Motor 12v Dc 90 Rpm Com Caixa De Redução 90rpm ZDS1510L,A,,0.0,0.0
475,Uai Mineirinho,27/05/2026 19:33,16444741656,"Motor Redutor Motoredutor 24v Dc 160 Rpm 100501924, Sinomore motor: ZD2802, 24V 160RPM",A,,0.0,101.0
476,Uai Mineirinho,27/05/2026 19:33,16444741172,Motor 12v Dc 45 Rpm Com Caixa De Redução 45rpm,A,,0.0,2.0
474,Uai Mineirinho,27/05/2026 19:33,16444646439,"Motor Redutor Motoredutor 24v Dc 82 Rpm (100501924, Sinomore motor: ZD2802, 24V 82RPM)",A,,6.0,0.0
423-2,Uai Mineirinho,27/05/2026 19:33,16375815438,Proteção Farol BMW1200 Fumê,A,,74.0,5.0
479,Uai Mineirinho,27/05/2026 19:33,16371838569,Mochila Flexível Anti-incêndio 20l,A,,0.0,0.0
447,Uai Mineirinho,27/05/2026 19:33,16371834403,Porta Luvas Polo Maçaneta Puxador Acionador 2003 A 2014 Vw,A,,0.0,0.0
471,Uai Mineirinho,27/05/2026 19:33,16371830809,Painel Digital Completo Honda Cg 160 Fan 2018 2019 2020,A,,6.0,0.0
469,Uai Mineirinho,27/05/2026 19:33,16371824986,Atuador Inteligente Wifi Válvula Registro Água E Gás Alexa,A,,0.0,0.0
420,Uai Mineirinho,27/05/2026 19:33,16348599554,Brake Light Luz Freio Traseiro P/ Vw Polo Hatch 6QE945097,A,,0.0,15.0
468,Uai Mineirinho,27/05/2026 19:33,16347056477,Comando Vidro Elétrico 935701s005,A,,0.0,0.0
467,Uai Mineirinho,27/05/2026 19:33,16347049972,Valvula Diafragma Peugeot E Citroen Thp Flex 308 C4 3008,A,,0.0,2.0
462,Uai Mineirinho,27/05/2026 19:33,16346991899,Sensor Terminal Polo Bateria Fiat Toro Freemont Jeep Compas,A,,2.0,4.0
435-K,Uai Mineirinho,27/05/2026 19:33,16321508252,Par Pisca Retrovisor Hyundai Ix35,A,,0.0,2.0
308-1,Uai Mineirinho,27/05/2026 19:33,16304832276,Capa Maçaneta cromada para Toyota Corolla 2015 Á 2019,A,,5.0,0.0
465,Uai Mineirinho,27/05/2026 19:33,16294413441,Adaptador de Mergulho Primeiro Estágio,A,,0.0,0.0
442,Uai Mineirinho,27/05/2026 19:33,16277340006,Macaco Pneumático Tipo Bolsa 3 Gomos - 3 Toneladas,A,,196.0,0.0
414,Uai Mineirinho,27/05/2026 19:33,16259957684,Creme Clareador Natural Manchas Variadas E Melasma,A,,0.0,0.0
434,Uai Mineirinho,27/05/2026 19:33,16257679220,Atuador Motor Trava Fechadura Porta Malas Ecosport 2013-2020,A,,2.0,2.0
407-2,Uai Mineirinho,27/05/2026 19:33,16236632264,Relógio Temperatura Umidade Termo-higrômetro Digital,A,,0.0,0.0
407-1,Uai Mineirinho,27/05/2026 19:33,16187352828,Sensor De Temperatura E Umidade Wi-fi - Alexa E Google Home de MESA,A,,0.0,0.0
322-34,Uai Mineirinho,27/05/2026 19:33,16187348903,Coroa Unica 32 34 36 38 Dentes Narrow Wide Bcd 104mm,A,,1.0,0.0
435-2,Uai Mineirinho,27/05/2026 19:33,16183949463,Pisca Retrovisor Hyundai Ix35 Lado Esquerdo,A,,7.0,4.0
435-1,Uai Mineirinho,27/05/2026 19:33,16183947085,Pisca Retrovisor Hyundai Ix35 Lado Direito,A,,0.0,2.0
313-K,Uai Mineirinho,27/05/2026 19:33,16130807392,Kit Esteira Trilho Alavanca da tração e câmbio Pajero Full,A,,0.0,0.0
313-1,Uai Mineirinho,27/05/2026 19:33,16130806809,Esteira Trilho Alavanca da tração Pajero Full,A,,6.0,0.0
364,Uai Mineirinho,27/05/2026 19:33,16118528004,Adaptador Sem Fio Wireless Qi Indução Receptor Universal,A,,0.0,0.0
ICMS ST,Uai Mineirinho,27/05/2026 19:33,16118525648,Complemento de ICMS ST,A,,0.0,0.0
239,Uai Mineirinho,27/05/2026 19:33,16118524889,Olho De Gato Refletor Para-choque Traseiro Bmw 320i,A,,0.0,0.0
4-2,Uai Mineirinho,27/05/2026 19:33,16100343238,Manopla Marcha Cambio  2008 2013 Preta 6 machas,A,,0.0,0.0
423,Uai Mineirinho,27/05/2026 19:33,16099067230,Protetor De Farol Bmw R1200gs R1250gs Lc Policarbonato,A,,42.0,1.0
257-1,Uai Mineirinho,27/05/2026 19:33,16096779962,Botão Vidro Eletrico 9065451913,A,,93.0,3.0
320-1,Uai Mineirinho,27/05/2026 19:33,16060435095,Par Lâmpada Xenon Hid D1s 8000k,A,,0.0,0.0
417,Uai Mineirinho,27/05/2026 19:33,16025973833,Radiador De Arrefecimento 1301100U8160,A,,0.0,0.0
178-K,Uai Mineirinho,27/05/2026 19:33,15994974936,Ponteira Escapamento Cromada Inox (Par),A,,0.0,0.0
415,Uai Mineirinho,27/05/2026 19:33,15986843031,Tela Touch Screen Multimídia A211216702,A,,1.0,100.0
416,Uai Mineirinho,27/05/2026 19:33,15982194125,Friso Cromado Moldura Grade Civic,A,,0.0,0.0
413,Uai Mineirinho,27/05/2026 19:33,15964386765,Válvula Reguladora de Pressão - 3/4 Deckas 9666,A,,0.0,0.0
271,Uai Mineirinho,27/05/2026 19:33,15960917214,Mangueira Ar Quente Superior Citroen 6466tz,A,,0.0,0.0
351,Uai Mineirinho,27/05/2026 19:33,15959362361,Bóia Sensor Nivel Combustível Tanque Outlander,A,,0.0,0.0
412,Uai Mineirinho,27/05/2026 19:33,15959152903,Enxada Rotativa Aradora Para Roçadeiras 360mm ST178,A,,0.0,0.0
411,Uai Mineirinho,27/05/2026 19:33,15959152902,Carburador PZ19 CB0005G,A,,0.0,0.0
368,Uai Mineirinho,27/05/2026 19:33,15950917866,Atuador Marcha Lenta Toyota Corolla 1.8 16v 2002 2008,A,,0.0,101.0
350-1,Uai Mineirinho,27/05/2026 19:33,15950561314,Tapete De Água Inflável Atividades Almofada Infantil Bebê Sem borda,A,,0.0,0.0
302,Uai Mineirinho,27/05/2026 19:33,15949899738,Scanner Automotivo Konnwei Kw903 Bluetooth Obd2 Can-bus Pe,A,,0.0,1.0
237,Uai Mineirinho,27/05/2026 19:33,15949855616,Reator Farol Lampada Xenon D3s A2229003300 Q04,A,,0.0,0.0
280-K,Uai Mineirinho,27/05/2026 19:33,15948913921,Retentor Do Comando De Valvulas 55563374 2un,A,,3.0,51.0
19-1,Uai Mineirinho,27/05/2026 19:33,15948454163,Manopla De Câmbio Automático,A,,0.0,0.0
384,Uai Mineirinho,27/05/2026 19:33,15948448582,Mangueira Intercooler Turbina 144635X02B 144635X00B 144635X04B,A,,0.0,0.0
399,Uai Mineirinho,27/05/2026 19:33,15948448581,Radiador 20S-12461-01-00,A,,0.0,0.0
32-K,Uai Mineirinho,27/05/2026 19:33,15948448580,Radiador Honda Cb 600 Hornet 2005 2006 2007 + Cebolinha,A,,0.0,0.0
160-K,Uai Mineirinho,27/05/2026 19:33,15948448579,Acessórios Ponteira Escapamento PAR,A,,0.0,0.0
70-K,Uai Mineirinho,27/05/2026 19:33,15948448578,70 Roda Livre Automatica Original Par,A,,30.0,65.0
124,Uai Mineirinho,27/05/2026 19:33,15948448577,Espanta Cachorro Repelente Eletrônico Preto,A,,0.0,113.0
18,Uai Mineirinho,27/05/2026 19:33,15948448575,Gasolina Bomba Gasolina 0986580951,A,,6.0,1.0
124-1,Uai Mineirinho,27/05/2026 19:33,15948448574,Aparelho Anti Latido Ultrasonico Apito Adestramento Cães,A,,0.0,104.0
Mini Bomba,Uai Mineirinho,27/05/2026 19:33,15948448572,Mini Bomba D'água,A,,0.0,0.0
160,Uai Mineirinho,27/05/2026 19:33,15948448571,Acessórios Ponteira Escapamento S,A,,0.0,0.0
32,Uai Mineirinho,27/05/2026 19:33,15948448570,Radiador Honda Cb 600 Hornet 2005 2006 2007,A,,0.0,0.0
53,Uai Mineirinho,27/05/2026 19:33,15948448569,Mangueira Filtro Ar Tbi Sentra 2.0 2007 2008 DECKAS,A,,137.0,1.0
002,Uai Mineirinho,27/05/2026 19:33,15948448568,Tampa Portinhola Tanque Combustivel Ford Focus 2009 a 2013,A,,0.0,0.0
001,Uai Mineirinho,27/05/2026 19:33,15948448567,Cebolão Do Radiador Sensor Temperatura,A,,81.0,122.0
46,Uai Mineirinho,27/05/2026 19:33,15948448566,Sensor Pressão Do Pneu Tpms Gm Captiva Camaro Malibu,A,,47.0,18.0
70,Uai Mineirinho,27/05/2026 19:33,15948448565,Roda Livre Automatica Original Frontier - 2.8 40260-1s700,A,,61.0,131.0
410,Uai Mineirinho,27/05/2026 19:33,15948288045,Mangueira Filtro De Ar Tbi 17225-r1a-a01,A,,37.0,108.0
305-K,Uai Mineirinho,27/05/2026 19:33,15948288044,Led Parafuso Olho De Águia Carro Moto 18mm - 1 Par,A,,0.0,0.0
305,Uai Mineirinho,27/05/2026 19:33,15948288043,Led Parafuso Olho De Águia Carro Moto 18mm,A,,0.0,0.0
408,Uai Mineirinho,27/05/2026 19:33,15948288042,Kit 415 Presilhas Grampos Fixadores Automotivo Carro + Chave,A,,0.0,0.0
409,Uai Mineirinho,27/05/2026 19:33,15948288040,Adaptador Receptor Wireless Usb Wi-fi 5ghz Dual Band,A,,0.0,0.0
407,Uai Mineirinho,27/05/2026 19:33,15948288039,Sensor De Temperatura E Umidade Wi-fi - Alexa E Google Home,A,,0.0,1.0
396,Uai Mineirinho,27/05/2026 19:33,15948288038,Kit 100 Presilhas Grampos Fixadores Carro Veiculo Parabarro GN1667,A,,28.0,104.0
406,Uai Mineirinho,27/05/2026 19:33,15948288037,Tampa Combustível Z750 Z800 Z1000,A,,0.0,1.0
404,Uai Mineirinho,27/05/2026 19:33,15948288036,Mangueira De Retorno Dos Bicos A6460700932 6460700932,A,,0.0,0.0
402,Uai Mineirinho,27/05/2026 19:33,15948288035,Botão Comando 6554.WA,A,,0.0,100.0
401,Uai Mineirinho,27/05/2026 19:33,15948288034,Botão Comando 98053439,A,,29.0,101.0
403,Uai Mineirinho,27/05/2026 19:33,15948288033,Comando Botão Vidro Eletrico  20455317,A,,0.0,1.0
405,Uai Mineirinho,27/05/2026 19:33,15948288032,Botão Vidro Eletrico 94728492,A,,0.0,4.0
397,Uai Mineirinho,27/05/2026 19:33,15948288031,Kit 100 Presilhas Grampos Fixadores Carro Veiculo Parabarro Com Caixa GN1667,A,,26.0,101.0
398,Uai Mineirinho,27/05/2026 19:33,15948288030,Botão Comando Vidro 254000015r,A,,0.0,100.0
395,Uai Mineirinho,27/05/2026 19:33,15948288029,Filtro da Bomba de Combustível 3M519h307LP,A,,0.0,0.0
392-K,Uai Mineirinho,27/05/2026 19:33,15948288028,Par Amortecedor Tampa Da Caçamba Traseira Gun125 2016 2022,A,,0.0,100.0
392,Uai Mineirinho,27/05/2026 19:33,15948288027,Amortecedor Tampa Da Caçamba Traseira Gun125 2016 2022,A,,0.0,0.0
365,Uai Mineirinho,27/05/2026 19:33,15948288026,Flange Da Bomba Combustivel Tampa Focus 2.0 16v,A,,0.0,100.0
391,Uai Mineirinho,27/05/2026 19:33,15948288025,Ventosa Manual 200kg,A,,11.0,1.0
394,Uai Mineirinho,27/05/2026 19:33,15948288024,Trava Presília Mangueira Intercooler,A,,0.0,0.0
393,Uai Mineirinho,27/05/2026 19:33,15948288023,Anel Vedação Da Mangueira Intercooler,A,,0.0,0.0
306-K,Uai Mineirinho,27/05/2026 19:33,15948288022,Led Parafuso Olho De Águia Carro Moto 23mm - 1 Par,A,,0.0,0.0
336,Uai Mineirinho,27/05/2026 19:33,15948288021,Botão Start Stop Bmw Preto Red 120i 320 M135 M235 M240 M2 M3,A,,0.0,0.0
379-4,Uai Mineirinho,27/05/2026 19:33,15948288020,Trava Mangueira Intercooler (Menor),A,,1.0,3.0
379-3,Uai Mineirinho,27/05/2026 19:33,15948287973,Anéis + Travas Da Mangueira intercooler,A,,0.0,0.0
382,Uai Mineirinho,27/05/2026 19:33,15948287972,Bomba Combustível Motor Popa 397839 395091,A,,0.0,121.0
385-4-K,Uai Mineirinho,27/05/2026 19:33,15948287971,Par Luz Subaquática Submarina 42 Leds 12v Barcos Lanchas Iates Azul,A,,61.0,51.0
385,Uai Mineirinho,27/05/2026 19:33,15948287970,Luz Subaquática Submarina 42 Leds 12v Barcos Lanchas Iates,A,,0.0,0.0
381,Uai Mineirinho,27/05/2026 19:33,15948287969,Painel Elétrico 6 Chaves Usb Tomada Voltímetro Lancha Barco,A,,0.0,0.0
380,Uai Mineirinho,27/05/2026 19:33,15948287968,"Painel Elétrico 5 Chaves 2 Usb Com Voltímetro Para Carro, Barco, Iate, Trailer, Caminhão",A,,0.0,44.0
377-2-K4,Uai Mineirinho,27/05/2026 19:33,15948287966,4 Luz Lâmpada Subaquática 27 Leds Super Potência Barco Lancha,A,,3.0,23.0
377-K,Uai Mineirinho,27/05/2026 19:33,15948287965,2 Luz Lâmpada Subaquática 27 Leds Super Potência Barco Lancha,A,,0.0,0.0
377,Uai Mineirinho,27/05/2026 19:33,15948287964,Luz Lâmpada Subaquática 27 Leds Super Potência Barco Lancha,A,,0.0,0.0
375,Uai Mineirinho,27/05/2026 19:33,15948287963,Seta Pisca Retrovisor 87613-2P000-FC 87623-2P000-FC,A,,0.0,0.0
376,Uai Mineirinho,27/05/2026 19:33,15948287962,Bobina Ignição Motor Popa Mercury Optimax Efi 300-879984t01 339-879984t00,A,,8.0,0.0
371,Uai Mineirinho,27/05/2026 19:33,15948287961,Tampa + Flange Conexão Radiador,A,,0.0,0.0
372,Uai Mineirinho,27/05/2026 19:33,15948287960,Tubo Conexão Mangueira 55116901AA,A,,6.0,0.0
373,Uai Mineirinho,27/05/2026 19:33,15948287959,Carcaça E Válvula Termostática 68003582AB 4884569AB 68003582AA,A,,0.0,0.0
379-5,Uai Mineirinho,27/05/2026 19:33,15948287958,Kit Anéis Presilhas Mangueira Intercooler,A,,0.0,0.0
379-2,Uai Mineirinho,27/05/2026 19:33,15948287956,Presilhas Mangueira Intercooler,A,,1.0,1.0
379-1,Uai Mineirinho,27/05/2026 19:33,15948287955,Kit Anéis Vedação Da Mangueira Intercooler,A,,0.0,0.0
374-K,Uai Mineirinho,27/05/2026 19:33,15948287954,Grade De Luz De Nevoeiro Inferior ( Par ),A,,0.0,0.0
374,Uai Mineirinho,27/05/2026 19:33,15948287953,Grade De Luz De Nevoeiro Inferior,A,,0.0,0.0
361,Uai Mineirinho,27/05/2026 19:33,15948287952,Display Satlink Tela Lcd,A,,0.0,0.0
367-K,Uai Mineirinho,27/05/2026 19:33,15948287951,Par Roda Livre Manual Gptrend Ford Ranger 4x4,A,,5.0,58.0
367,Uai Mineirinho,27/05/2026 19:33,15948287950,Roda Livre Manual Gptrend Ford Ranger 4x4,A,,10.0,116.0
369,Uai Mineirinho,27/05/2026 19:33,15948287949,Tubo Bypass Bomba De Agua 68211200AC,A,,0.0,0.0
366,Uai Mineirinho,27/05/2026 19:33,15948287948,Display Lcd Tela Do Painel Computador Bordo,A,,0.0,0.0
362,Uai Mineirinho,27/05/2026 19:33,15948287947,Flange Da Bomba Combustivel Tampa Focus 2.0 16v 3 Pçs,A,,0.0,0.0
363,Uai Mineirinho,27/05/2026 19:33,15948287945,Botão multifuncional de controle de volante,A,,0.0,1.0
357,Uai Mineirinho,27/05/2026 19:33,15948287944,Super Broca Helicoidal P/ Solo Terra Jardim Espiral Metal,A,,20.0,105.0
358,Uai Mineirinho,27/05/2026 19:33,15948287943,Caneta Pencil Stylus 1.0mm,A,,19.0,4.0
355,Uai Mineirinho,27/05/2026 19:33,15948287942,Botão Vidro Elétrico Sprinter,A,,0.0,0.0
353,Uai Mineirinho,27/05/2026 19:33,15948287941,Filtro Haldex Tiguan 4 Motion  Para Audi Q3 Tiguan Passat,A,,2.0,0.0
346,Uai Mineirinho,27/05/2026 19:33,15948287940,Anel Vedação Completo Resfriador Trocador Journey 3.6 Ate 13,A,,5.0,1.0
354,Uai Mineirinho,27/05/2026 19:33,15948287939,Sensor Nivel Combustivel Pajero,A,,32.0,0.0
349,Uai Mineirinho,27/05/2026 19:33,15948287937,Moldura Ponteira Escapamento Amg W205 Glc,A,,0.0,0.0
360,Uai Mineirinho,27/05/2026 19:33,15948287936,Retentor Virabrequim Lado Volante Honda Civic 92-06,A,,64.0,0.0
344-K,Uai Mineirinho,27/05/2026 19:33,15948287935,Roda Livre F250 2006 Até 2011 1c3z3b396cb,A,,31.0,51.0
347,Uai Mineirinho,27/05/2026 19:33,15948287934,Anel Vedação Retentor Resfriador Dodge Journey Jeep,A,,7.0,0.0
344,Uai Mineirinho,27/05/2026 19:33,15948287933,Roda Livre F250 2006 Até 2011 1c3z3b396cb,A,,62.0,102.0
345,Uai Mineirinho,27/05/2026 19:33,15948287932,Testador Teste Faísca De Vela Ignição Motor Carro Moto Barco,A,,0.0,101.0
331-K,Uai Mineirinho,27/05/2026 19:33,15948287931,Par Cinto Anti Alarme Jetta Adaptador Cinto Segurança,A,,0.0,0.0
333-K,Uai Mineirinho,27/05/2026 19:33,15948287930,Par Cinto Anti Alarme Mitsubishi Pajero Adaptador Cinto Segurança,A,,0.0,0.0
332-K,Uai Mineirinho,27/05/2026 19:33,15948287929,Par Cinto Anti Alarme Golf Adaptador Cinto Segurança,A,,0.0,0.0
333,Uai Mineirinho,27/05/2026 19:33,15948287928,Cinto Anti Alarme Mitsubishi Pajero Adaptador Cinto Segurança,A,,0.0,0.0
332,Uai Mineirinho,27/05/2026 19:33,15948287927,Cinto Anti Alarme Golf Adaptador Cinto Segurança,A,,0.0,0.0
343,Uai Mineirinho,27/05/2026 19:33,15948287926,Sensor Medidor Nivel Combustivel Tanque,A,,0.0,3.0
342,Uai Mineirinho,27/05/2026 19:33,15948287925,Marcador Medidor Sensor Nível Combustível Digital Universal,A,,0.0,0.0
341,Uai Mineirinho,27/05/2026 19:33,15948287924,Filtro Combustivel 16127233840,A,,34.0,104.0
324,Uai Mineirinho,27/05/2026 19:33,15948287923,Tampa Filtro Ar Condicionado,A,,0.0,0.0
337,Uai Mineirinho,27/05/2026 19:33,15948287922,Valvula Controle Comando 06H109257C,A,,0.0,100.0
318,Uai Mineirinho,27/05/2026 19:33,15948287921,Fechadura Trava Tranca Tampa Porta Malas Hb20s Sedan 2016,A,,77.0,109.0
327,Uai Mineirinho,27/05/2026 19:33,15948287920,Flange De Água Cabeçote Alumínio,A,,0.0,0.0
325,Uai Mineirinho,27/05/2026 19:33,15948287919,Tampa Amortecedor,A,,0.0,0.0
315-K,Uai Mineirinho,27/05/2026 19:33,15948287918,Cinto Anti Alarme Toyota Corolla Adaptador Cinto (Par),A,,0.0,0.0
331,Uai Mineirinho,27/05/2026 19:33,15948287917,Cinto Anti Alarme Jetta Adaptador Cinto Segurança,A,,0.0,0.0
326,Uai Mineirinho,27/05/2026 19:33,15948287915,Difusor Ar Console Central Original,A,,16.0,0.0
316,Uai Mineirinho,27/05/2026 19:33,15948287914,Sensor Direção Hidráulica  497610324r,A,,0.0,0.0
321-K,Uai Mineirinho,27/05/2026 19:33,15948287913,Spoiler Parachoque Par,A,,0.0,100.0
321,Uai Mineirinho,27/05/2026 19:33,15948287911,Spoiler Parachoque,A,,0.0,0.0
319,Uai Mineirinho,27/05/2026 19:33,15948287910,Cilindro Atuador Hidráulico Embreagem Meriva Easytronic,A,,0.0,100.0
315,Uai Mineirinho,27/05/2026 19:33,15948287909,Cinto Anti Alarme Toyota Corolla Adaptador Cinto,A,,1.0,0.0
320,Uai Mineirinho,27/05/2026 19:33,15948287908,Par Lâmpada Xenon Hid D1s 6000k,A,,0.0,99.0
313,Uai Mineirinho,27/05/2026 19:33,15948287907,Esteira Trilho Alavanca Câmbio 8015a066,A,,0.0,100.0
312,Uai Mineirinho,27/05/2026 19:33,15948287905,Esteira Do Câmbio Automático 4at,A,,0.0,2.0
314-K,Uai Mineirinho,27/05/2026 19:33,15948287904,Acessórios Hilux Cinto De Segurança Anti Som Par,A,,0.0,0.0
314,Uai Mineirinho,27/05/2026 19:33,15948287903,Acessórios Hilux Cinto De Segurança Anti Som,A,,1.0,0.0
310,Uai Mineirinho,27/05/2026 19:33,15948287902,Medidor Fluxo Ar 13800-65D00,A,,0.0,2.0
308,Uai Mineirinho,27/05/2026 19:33,15948287901,Filete Maçaneta Toyota Corolla 2015 Á 2019,A,,0.0,0.0
303,Uai Mineirinho,27/05/2026 19:33,15948287900,Válvula Acionamento Diferencial Diant Diafragma S10 Blazer,A,,0.0,0.0
307-1,Uai Mineirinho,27/05/2026 19:33,15948287899,Carcaça Válvula Termostática 308 3008 408 C4 Ds3 1.6 Thp,A,,18.0,100.0
299,Uai Mineirinho,27/05/2026 19:33,15948287898,Chave Interruptora,A,,0.0,0.0
298-K,Uai Mineirinho,27/05/2026 19:33,15948287897,Par Brucutu Esguicho Para Brisas 986302E100,A,,95.0,141.0
297-K,Uai Mineirinho,27/05/2026 19:33,15948287896,Par Esguicho Agua Brucutu Cruze 2012 2013 2014 2015 2016,A,,140.0,64.0
306,Uai Mineirinho,27/05/2026 19:33,15948287894,Led Parafuso Olho De Águia Carro Moto 23mm,A,,0.0,0.0
294,Uai Mineirinho,27/05/2026 19:33,15948287893,Tubo Cano Óleo Retorno Turbina Peugeot Thp 1613571980 037989,A,,5.0,0.0
291,Uai Mineirinho,27/05/2026 19:33,15948287891,Placa De Fusíveis Bateria Peugeot 3008 C4 Picasso 6500gr,A,,0.0,0.0
295,Uai Mineirinho,27/05/2026 19:33,15948287890,Bomba De Vácuo Para Peugeot E Citroen Thp 1.6 16v Turbo 3008,A,,0.0,1.0
292,Uai Mineirinho,27/05/2026 19:33,15948287889,Sensor Oleo Citroen Picasso Peugeot 307 308 407 408 2.0 16v,A,,3.0,101.0
352,Uai Mineirinho,27/05/2026 19:33,15948287888,Comando Botao Vidro Eletrico Sprinter 311/ 415/ 515 3 Plugs,A,,31.0,103.0
158-1,Uai Mineirinho,27/05/2026 19:33,15948271205,Sensor Pressão Flauta 0281002908,A,,0.0,0.0
275-19,Uai Mineirinho,27/05/2026 19:33,15948271204,Puxador Interno Porta Bmw 528i 535i 550i M5 Oyster,A,,19.0,0.0
99-1,Uai Mineirinho,27/05/2026 19:33,15948271203,Calibrador Sincronizador Sensor Tpms EL-50448,A,,0.0,129.0
241-1,Uai Mineirinho,27/05/2026 19:33,15948271202,Suporte Celular BMW Gs1200 1250 F850 Xr 1000 Por Indução,A,,5.0,9.0
219-K6,Uai Mineirinho,27/05/2026 19:33,15948271201,Jogo 6 Velas Ignição SILZKR7B11,A,,0.0,0.0
170-K4,Uai Mineirinho,27/05/2026 19:33,15948271200,Jogo De Velas Ignição 4un 9091901164,A,,0.0,1.0
44-K4,Uai Mineirinho,27/05/2026 19:33,15948271199,Jogo 4 Vela Ignição Iridium Izfr6h11,A,,0.0,0.0
149-K4,Uai Mineirinho,27/05/2026 19:33,15948271198,Jogo Velas de Ignição Ngk Iridium Lzfr6ai Airtrek Outlander 2.4,A,,0.0,0.0
Pilha,Uai Mineirinho,27/05/2026 19:33,15948271197,Pilha Palito AAA,A,,6.0,0.0
129-3,Uai Mineirinho,27/05/2026 19:33,15948271196,Scanner Parede Detector Tubo Cano Água Pvc Madeira Fio Metal Com Pilhas,A,,0.0,0.0
254-3,Uai Mineirinho,27/05/2026 19:33,15948271195,Bomba Combustivel Gasolina AH22-9H307-AB Sem Filtro,A,,0.0,0.0
J237-K4,Uai Mineirinho,27/05/2026 19:33,15948271194,Capa Cortina Proteção Solar Janela Carro 4 UN,A,,0.0,0.0
J237-K,Uai Mineirinho,27/05/2026 19:33,15948271193,Capa Cortina Proteção Solar Janela Carro 2 UN,A,,0.0,0.0
222-2,Uai Mineirinho,27/05/2026 19:33,15948271192,Pisca Seta Retrovisor Carona Motorista Lado: Esquerdo,A,,2.0,0.0
222-1,Uai Mineirinho,27/05/2026 19:33,15948271191,Pisca Seta Retrovisor Carona Motorista Lado: Direito,A,,0.0,0.0
198-4,Uai Mineirinho,27/05/2026 19:33,15948271190,Maçaneta Externa Kia Sorento 82650-3e010 Traseira Esquerda,A,,20.0,100.0
198-3,Uai Mineirinho,27/05/2026 19:33,15948271189,Maçaneta Externa Kia Sorento 82650-3e010 Traseira Direita,A,,11.0,0.0
198-2,Uai Mineirinho,27/05/2026 19:33,15948271188,Maçaneta Externa Kia Sorento 82650-3e010 Dianteira Esquerda,A,,15.0,100.0
198-1,Uai Mineirinho,27/05/2026 19:33,15948271187,Maçaneta Externa Kia Sorento 82650-3e010 Dianteira Direita,A,,0.0,100.0
189,Uai Mineirinho,27/05/2026 19:33,15948271186,Amortecedor Mola Gás Tampa Caçamba,A,,0.0,0.0
147,Uai Mineirinho,27/05/2026 19:33,15948271185,Vela 1262054,A,,0.0,0.0
250-K,Uai Mineirinho,27/05/2026 19:33,15948271184,Tampa Parachoque Esguicho Farol Azera ( Par ),A,,96.0,99.0
238-K,Uai Mineirinho,27/05/2026 19:33,15948271183,Tela Grade Para Choque Dianteiro Jeep Renegade 735618579l 735618580r Par,A,,1.0,1.0
272-K8,Uai Mineirinho,27/05/2026 19:33,15948271181,Filtro Peneira Eixo Balanceador (8pçs),A,,0.0,2.0
272-K4,Uai Mineirinho,27/05/2026 19:33,15948271180,Filtro Peneira Eixo Balanceador (4pçs),A,,0.0,4.0
219-K4,Uai Mineirinho,27/05/2026 19:33,15948271179,Jogo 4 Velas Ignição SILZKR7B11,A,,0.0,0.0
252-K,Uai Mineirinho,27/05/2026 19:33,15948271178,Tampa Lavador Esguicho Farol Focus 2014a 2015,A,,0.0,104.0
221,Uai Mineirinho,27/05/2026 19:33,15948271177,Placa Do Led Lanterna b003809.2,A,,118.0,101.0
230-K,Uai Mineirinho,27/05/2026 19:33,15948271176,Tampa Esguicho Parachoque 61677211209 (Par),A,,0.0,104.0
222-K,Uai Mineirinho,27/05/2026 19:33,15948271175,Pisca Seta Retrovisor Carona Motorista Lado (Par Direito esquerdo),A,,0.0,0.0
169-K,Uai Mineirinho,27/05/2026 19:33,15948271174,Válvulas Bico Esportivo Para Pneu De Moto 90 Graus (Par),A,,0.0,103.0
167-K,Uai Mineirinho,27/05/2026 19:33,15948271172,Válvula Extensor Bico Pneu Moto Carro Bike 90 Grau Reforçado (2 Unidades),A,,0.0,3.0
151,Uai Mineirinho,27/05/2026 19:33,15948271171,Vela Ignição Bmw Iiridium ZR5TPP33 (1 Unidade),A,,0.0,0.0
220,Uai Mineirinho,27/05/2026 19:33,15948271169,Vela Ignição Platinium Santa Fé 2.7 2001-2006 Ilfr5b11 (1 Unidades),A,,0.0,0.0
195-K,Uai Mineirinho,27/05/2026 19:33,15948271168,Par Lâmpada Xenon D4s 6000k 35w,A,,18.0,55.0
152-K6,Uai Mineirinho,27/05/2026 19:33,15948271167,06 Velas Ignição Pfr5n11 Platinun,A,,3.0,17.0
189-K,Uai Mineirinho,27/05/2026 19:33,15948271166,Par Amortecedor Mola Gás Tampa Caçamba (Par),A,,5.0,102.0
60-K4,Uai Mineirinho,27/05/2026 19:33,15948271165,Emblema Lateral Bmw F800 Gs 1200 Aluminium 4 Und,A,,0.0,0.0
81-K,Uai Mineirinho,27/05/2026 19:33,15948271163,Par Lampada Xenon D4r 35w 6000k,A,,1.0,51.0
27-K,Uai Mineirinho,27/05/2026 19:33,15948271162,Engrenagem Caixa De Transferencia Bmw X3 3.0 KIT (Preta+Branca) 27107566296 8473227771,A,,0.0,0.0
16,Uai Mineirinho,27/05/2026 19:33,15948271161,Cebolão Interruptor Ventoinha 37760P00003,A,,0.0,111.0
286,Uai Mineirinho,27/05/2026 19:33,15948271159,Válvula De Nível Do Banco Pneumático 20443641,A,,0.0,109.0
290,Uai Mineirinho,27/05/2026 19:33,15948271156,"Caixa Bsm Peugeot 206, 207, 307 1.4 E 1.6 - Nova E Original",A,,0.0,129.0
289,Uai Mineirinho,27/05/2026 19:33,15948271155,Medidor De Fluxo Ar 7 Pinos Mitsubishi Pajero Tr4 2.0 16v,A,,0.0,0.0
287,Uai Mineirinho,27/05/2026 19:33,15948271154,Medidor Fluxo De Ar Pajero Tr4 Io E5t08471 Md343605 Original,A,,42.0,101.0
285,Uai Mineirinho,27/05/2026 19:33,15948271153,Comando Vidro Eletrico Kia Sorento 2009 A 2013,A,,1.0,101.0
278,Uai Mineirinho,27/05/2026 19:33,15948271152,Mangueira De Entrada De Ar 2700900382,A,,35.0,0.0
283,Uai Mineirinho,27/05/2026 19:33,15948271151,Sensor Rotação Frontier 2.5 Diesel 16v 949979-033 23731ec00a,A,,0.0,0.0
282,Uai Mineirinho,27/05/2026 19:33,15948271150,Roda Fonica Ssangyong Actyon Kyron Rexton Korando 4151009000,A,,9.0,100.0
274,Uai Mineirinho,27/05/2026 19:33,15948271149,Sensor Temperatura Ar Condicionado 97143-1m000,A,,0.0,101.0
276,Uai Mineirinho,27/05/2026 19:33,15948271148,Comando Vidro Elétrico Kia Sorento 2011 A 2014 ( 2 Auto ),A,,75.0,0.0
279,Uai Mineirinho,27/05/2026 19:33,15948271147,Mangueira De Entrada De Ar Mercedes A200 B200 Cla E Gla,A,,0.0,0.0
277,Uai Mineirinho,27/05/2026 19:33,15948271146,Mangueira Filtro Ar Tbi 2710900982 2710900682,A,,9.0,100.0
232,Uai Mineirinho,27/05/2026 19:33,15948271145,Par Puxador Porta Bmw 320i 328i F30 2013 Á 2017,A,,0.0,0.0
281,Uai Mineirinho,27/05/2026 19:33,15948271144,Válvula Do Vácuo Coletor Admissão Cruze Sonic Track 55568437,A,,0.0,0.0
280,Uai Mineirinho,27/05/2026 19:33,15948271143,Retentor Do Comando De Valvulas 55563374,A,,6.0,102.0
275-5,Uai Mineirinho,27/05/2026 19:33,15948271142,Puxador Interno Porta Bmw 528i 535i 550i M5 Bege,A,,23.0,102.0
272,Uai Mineirinho,27/05/2026 19:33,15948271141,Filtro Peneira Eixo Balanceador,A,,3.0,16.0
273,Uai Mineirinho,27/05/2026 19:33,15948271140,Comando Botão Vidro Eletrico Ford Ranger 2012 2013 2014 2015,A,,100.0,100.0
23,Uai Mineirinho,27/05/2026 19:33,15948271139,"Piloto Automático Controle De Velocidade Focus Mk2,5",A,,15.0,3.0
270,Uai Mineirinho,27/05/2026 19:33,15948271138,Mangueira Ar Quente Inferior 6466XV,A,,0.0,0.0
264,Uai Mineirinho,27/05/2026 19:33,15948271137,Cebolinha Direção Hidarulica 575353k00,A,,0.0,0.0
107-1,Uai Mineirinho,27/05/2026 19:33,15948271136,Manopla Bola Câmbio Manual 6 Marchas,A,,93.0,100.0
129,Uai Mineirinho,27/05/2026 19:33,15948271135,Scanner Parede Detector Tubo Cano Água Pvc Madeira Fio Metal,A,,0.0,0.0
008,Uai Mineirinho,27/05/2026 19:33,15948271134,Base Para Antena De Carros 1087087,A,,0.0,90.0
268,Uai Mineirinho,27/05/2026 19:33,15948271133,Emblema Logo Estrela Capo A2108800186,A,,0.0,5.0
127,Uai Mineirinho,27/05/2026 19:33,15948271132,Vibrador Duplo U C Clitóris Controle Casal Tipo We-vibe Usb,A,,0.0,0.0
266-K,Uai Mineirinho,27/05/2026 19:33,15948271131,Led Placa T10 led w5w 194 led 3014 24smd,A,,0.0,0.0
259,Uai Mineirinho,27/05/2026 19:33,15948271130,Moldura Aplique Braço Retrovisor Jeep Compass,A,,0.0,0.0
258,Uai Mineirinho,27/05/2026 19:33,15948271088,Capas Cromadas Maçanetas 4 Portas E Tampa Mala Dodge Ram 2500,A,,0.0,0.0
31,Uai Mineirinho,27/05/2026 19:33,15948271086,Difusor Duto Ar Mitsubishi Lancer,A,,0.0,0.0
194-K,Uai Mineirinho,27/05/2026 19:33,15948271085,Fita Par Led Flexível Fina Sequencial Farol Drl 60 Cm Carro,A,,30.0,0.0
20,Uai Mineirinho,27/05/2026 19:33,15948271083,Sensor Nível Combustível 3m519a299aa,A,,56.0,100.0
257,Uai Mineirinho,27/05/2026 19:33,15948271082,Botão Vidro Eletrico 9065451913,A,,91.0,4.0
246,Uai Mineirinho,27/05/2026 19:33,15948271078,Esteira Cambio 8699465,A,,10.0,0.0
254,Uai Mineirinho,27/05/2026 19:33,15948271077,Bomba Combustivel Gasolina AH22-9H307-AB,A,,0.0,0.0
256,Uai Mineirinho,27/05/2026 19:33,15948271075,Snow Foam Esguicho Shampoozeira Lavagem Cera Reservatório,A,,30.0,0.0
252,Uai Mineirinho,27/05/2026 19:33,15948271074,Tampa Lavador Esguicho Farol Focus 2014a 2015,A,,0.0,0.0
52,Uai Mineirinho,27/05/2026 19:33,15948271072,Motor Partida Ktm 55140001000,A,,0.0,0.0
250,Uai Mineirinho,27/05/2026 19:33,15948271070,Tampa Parachoque Esguicho Farol Azera,A,,0.0,0.0
244,Uai Mineirinho,27/05/2026 19:33,15948271069,Tampa Combustível 3 4,A,,0.0,0.0
199,Uai Mineirinho,27/05/2026 19:33,15948271065,Atuador Marcha Lenta 22270,A,,0.0,100.0
231-1,Uai Mineirinho,27/05/2026 19:33,15948271064,Botão Comando Freio Mão Honda Hrv 2015 A 2019,A,,1.0,5.0
241,Uai Mineirinho,27/05/2026 19:33,15948271063,Suporte Celular BMW Gps R 1200 R 1250 Gs F 850 F 800,A,,38.0,112.0
245,Uai Mineirinho,27/05/2026 19:33,15948271062,Esteira Câmbio Automático 6q0713273a,A,,79.0,100.0
207,Uai Mineirinho,27/05/2026 19:33,15948271061,Coleira Com Controle Adestramento Som Vibração Choque Remoto,A,,0.0,0.0
251,Uai Mineirinho,27/05/2026 19:33,15948271059,Bico Aspersor Nebulizador Irrigação Pulverização Regulável,A,,109.0,107.0
116,Uai Mineirinho,27/05/2026 19:33,15948271058,Mangueira Retorno Reservatório Água Cruze Tracker 2012 À 2016,A,,93.0,111.0
242,Uai Mineirinho,27/05/2026 19:33,15948271055,Selim Banco Acento Aranha Tipo Fibra De Carbono Speed Ou Mtb,A,,0.0,0.0
243,Uai Mineirinho,27/05/2026 19:33,15948271054,Sensor De Pressão Do Óleo 1997 - 2000,A,,0.0,0.0
238,Uai Mineirinho,27/05/2026 19:33,15948271053,Tela Grade Para Choque Dianteiro Jeep Renegade 735618579l 735618580r,A,,0.0,0.0
230,Uai Mineirinho,27/05/2026 19:33,15948271052,Tampa Esguicho Parachoque 61677211209,A,,0.0,0.0
60,Uai Mineirinho,27/05/2026 19:33,15948271050,Emblema Lateral Bmw F800 Gs 1200 Aluminium 1 Und,A,,0.0,0.0
236,Uai Mineirinho,27/05/2026 19:33,15948271049,Resistência Ventoinha 9673999980,A,,0.0,101.0
228,Uai Mineirinho,27/05/2026 19:33,15948271048,Farol Lanterna Traseira Pisca Moto Custom Race Fita 48 Leds,A,,0.0,0.0
200,Uai Mineirinho,27/05/2026 19:33,15948271047,Display (lcd) Velocímetro Painel Titanium,A,,0.0,104.0
220-K6,Uai Mineirinho,27/05/2026 19:33,15948271045,Vela Ignição Platinium Santa Fé 2.7 2001-2006 Ilfr5b11 (6 Unidades),A,,0.0,0.0
231,Uai Mineirinho,27/05/2026 19:33,15948271044,Botão Freio De Mão Hrv 2015 2016 2017 2020 Original Honda,A,,194.0,101.0
218,Uai Mineirinho,27/05/2026 19:33,15948271043,Esquadro Digital Laser Grau Laser Nível Horizontal Vertical,A,,0.0,0.0
214,Uai Mineirinho,27/05/2026 19:33,15948271042,Comutador De Ignição 931102d000,A,,0.0,103.0
151-K6,Uai Mineirinho,27/05/2026 19:33,15948271040,Jogo Vela Ignição Bmw Iiridium ZR5TPP33 (6 Unidades),A,,0.0,0.0
178,Uai Mineirinho,27/05/2026 19:33,15948271038,Ponteira Escapamento Cromada Inox,A,,0.0,0.0
219,Uai Mineirinho,27/05/2026 19:33,15948271037,Velas Ignição Hyundai Original SILZKR7B11,A,,0.0,0.0
190,Uai Mineirinho,27/05/2026 19:33,15948271036,Reservatório Carvão Ativo Canister 1K0201797AE,A,,0.0,0.0
188,Uai Mineirinho,27/05/2026 19:33,15948271035,Kit Junta Da Bomba De Vácuo New Beetle - 07k145215a,A,,0.0,0.0
187,Uai Mineirinho,27/05/2026 19:33,15948271034,Sensor De Pressão Map Coletor 0281002573,A,,18.0,3.0
173,Uai Mineirinho,27/05/2026 19:33,15948271032,Modulo Ventoinha 1k0959455,A,,34.0,0.0
170,Uai Mineirinho,27/05/2026 19:33,15948271031,Vela Ignição 9091901164,A,,0.0,4.0
152,Uai Mineirinho,27/05/2026 19:33,15948271030,Vela Ignição Pfr5n11 Platinun,A,,20.0,106.0
154,Uai Mineirinho,27/05/2026 19:33,15948271029,Sensor Pressão Map Turbina Mr577031,A,,0.0,0.0
158,Uai Mineirinho,27/05/2026 19:33,15948271027,Sensor Pressao Rail Flauta Master 2.5 0281002908 0281002734,A,,0.0,0.0
149,Uai Mineirinho,27/05/2026 19:33,15948271026,Velas de Ignição Ngk Iridium Lzfr6ai Airtrek Outlander 2.4,A,,0.0,0.0
155,Uai Mineirinho,27/05/2026 19:33,15948271025,Novo Bateria Auxiliar  a2059053414,A,,0.0,0.0
146,Uai Mineirinho,27/05/2026 19:33,15948271024,Cabo Adaptador Hub Usb Type 3 Portas,A,,0.0,0.0
150,Uai Mineirinho,27/05/2026 19:33,15948271022,Tampa Reservatório Água 13502353,A,,0.0,101.0
141,Uai Mineirinho,27/05/2026 19:33,15948271021,Adaptador Hub Rede 2usb-c Hdmi,A,,27.0,101.0
139,Uai Mineirinho,27/05/2026 19:33,15948271020,Sensor Map Cummins Bosch 0281002576,A,,0.0,0.0
134,Uai Mineirinho,27/05/2026 19:33,15948271019,Mangueira De Retorno Dos Bicos Sprinter 415/515 Original A6510700132,A,,0.0,0.0
137,Uai Mineirinho,27/05/2026 19:33,15948271018,Valvula Reguladora Pressao Rail Flauta 1110010028,A,,0.0,0.0
126,Uai Mineirinho,27/05/2026 19:33,15948271016,Vibrador U C Clitóris Casal Recarregável Usb Tipo We-vibe,A,,0.0,0.0
115,Uai Mineirinho,27/05/2026 19:33,15948271015,Tubo Saída Corpo Borboleta Tbi  55559353,A,,37.0,0.0
153,Uai Mineirinho,27/05/2026 19:33,15948271013,Scanner Automotivo Forscan Usb Ftdi Interruptor Hs Ms Can,A,,0.0,0.0
47,Uai Mineirinho,27/05/2026 19:33,15948271012,Sensor De Pressão Pneu Hyundai Creta Nova Tucson Tpms Sonata,A,,161.0,9.0
94,Uai Mineirinho,27/05/2026 19:33,15948271011,Emblema Lateral VW,A,,0.0,0.0
33,Uai Mineirinho,27/05/2026 19:33,15948271010,Mangueira Agua Aquecedor  1.8  1.6 16v 55574685,A,,35.0,0.0
66,Uai Mineirinho,27/05/2026 19:33,15948271008,Filtro Tampa Bomba De Combustivel Evoque Land Rover Gasolina 036127,A,,0.0,1.0
100,Uai Mineirinho,27/05/2026 19:33,15948271007,Cabo Auxiliar Aux Cd P2 Stereo,A,,3.0,3.0
99,Uai Mineirinho,27/05/2026 19:33,15948271006,Calibrador Sincronizador Sensor Tpms EL-50449,A,,59.0,106.0
15-1,Uai Mineirinho,27/05/2026 19:33,15948271004,Sensor Detonação XL-7 18640-78G0,A,,29.0,7.0
120,Uai Mineirinho,27/05/2026 19:33,15948271002,Kit Junta Valvula Vtec Civic Ex 1998-2005 1.6 1.7 Original,A,,0.0,100.0
210,Uai Mineirinho,27/05/2026 19:33,15948271001,Receptor Transmissor Veicular Com Bluetooth Fm Mp3 Usb Pendr,A,,0.0,0.0
196,Uai Mineirinho,27/05/2026 19:33,15948271000,Torneira Gasolina Combustivel,A,,4.0,6.0
208,Uai Mineirinho,27/05/2026 19:33,15948270999,Tampa Lateral Cabeçote 06h103269h,A,,12.0,0.0
192,Uai Mineirinho,27/05/2026 19:33,15948270998,Torneira Gasolina Combustivel Cb 500,A,,4.0,128.0
195,Uai Mineirinho,27/05/2026 19:33,15948270997,Lâmpada Xenon D4s 6000k 35w,A,,37.0,111.0
171,Uai Mineirinho,27/05/2026 19:33,15948270996,Sensor bico 45pp3-5,A,,0.0,0.0
176,Uai Mineirinho,27/05/2026 19:33,15948270995,Sensor Da Flauta Rail 3.2 55pp40-01,A,,37.0,104.0
J237,Uai Mineirinho,27/05/2026 19:33,15948270994,Capa Cortina Proteção Solar Janela Carro 1 UN,A,,0.0,0.0
81,Uai Mineirinho,27/05/2026 19:33,15948270993,Lâmpada Xenon D4r 6000k,A,,3.0,102.0
107,Uai Mineirinho,27/05/2026 19:33,15948270991,Manopla Bola Câmbio,A,,21.0,0.0
105,Uai Mineirinho,27/05/2026 19:33,15948270990,Boia Sensor Nivel Combustível  Gasolina,A,,72.0,5.0
71,Uai Mineirinho,27/05/2026 19:33,15948270989,Capa de freio de mão HONDA Civic 47115-sna-a82za,A,,58.0,100.0
61,Uai Mineirinho,27/05/2026 19:33,15948270987,Suporte Tampa Tanque 2009-2019,A,,31.0,100.0
62,Uai Mineirinho,27/05/2026 19:33,15948270986,Manopla Cambio Automatico,A,,0.0,100.0
55,Uai Mineirinho,27/05/2026 19:33,15948270985,Rolamento Coxin Mancal Com Coifa Cardan,A,,0.0,0.0
44-1,Uai Mineirinho,27/05/2026 19:33,15948270984,Valvula Moduladora Turbina 14956-EB300,A,,0.0,100.0
44,Uai Mineirinho,27/05/2026 19:33,15948270982,Vela Ignição Iridium Izfr6h11,A,,0.0,0.0
27,Uai Mineirinho,27/05/2026 19:33,15948270981,Engrenagem Caixa de Transferencia Bmw X3 3.0,A,,0.0,0.0
240,Uai Mineirinho,27/05/2026 19:33,15948270980,Reator Led Xenon  A2189009303,A,,0.0,0.0
12,Uai Mineirinho,27/05/2026 19:33,15948270979,Bomba Combustível 1987-2000 HT-DZB11,A,,0.0,1.0
248,Uai Mineirinho,27/05/2026 19:33,15948270977,Sensor Velocidade 2501074p01,A,,0.0,2.0
227,Uai Mineirinho,27/05/2026 19:33,15948270976,Botão Shifter De Câmbio 54132-S84-A81ZA,A,,0.0,0.0
234,Uai Mineirinho,27/05/2026 19:33,15948270975,Comando Botao Vidro Eletrico Exclusive,A,,0.0,100.0
225,Uai Mineirinho,27/05/2026 19:33,15948270974,Válvula Canister  06h906517b 0280142459,A,,0.0,2.0
4-1,Uai Mineirinho,27/05/2026 19:33,15948270971,Manopla Marcha Cambio  2008 2013 Preta,A,,0.0,2.0
167,Uai Mineirinho,27/05/2026 19:33,15948270970,Válvula Extensor Bico Pneu Moto Carro Bike 90 Grau Reforçado,A,,0.0,6.0
82-K,Uai Mineirinho,27/05/2026 19:33,15948270969,Par Lampada Xenon D4r 35w 4300k,A,,0.0,0.0
82,Uai Mineirinho,27/05/2026 19:33,15948270968,Lampada Xenon D4r Original 35w 4300k,A,,0.0,0.0
49,Uai Mineirinho,27/05/2026 19:33,15948270966,Engrenagem Bucha Caixa Direção  Original,A,,0.0,0.0
37,Uai Mineirinho,27/05/2026 19:33,15948270965,Sensor De Rotação Câmbio Automático A3 Golf Bora 01m927321b,A,,19.0,1.0
80,Uai Mineirinho,27/05/2026 19:33,15948270964,Válvula Termostática,A,,0.0,2.0
203,Uai Mineirinho,27/05/2026 19:33,15948270962,Válvula Reguladora Sprinter 9109930a,A,,0.0,0.0
59,Uai Mineirinho,27/05/2026 19:33,15948270961,Sensor Tps Posição Borboleta Honda Civic 96 97 98 99 00,A,,128.0,100.0
005,Uai Mineirinho,27/05/2026 19:33,15948270960,Sensor Pressão Combustível 5WS40039,A,,67.0,108.0
223,Uai Mineirinho,27/05/2026 19:33,15948270959,Sensor Nível Boia De Combustível Hyundai Ix-35 Gasolina,A,,53.0,18.0
147-K4,Uai Mineirinho,27/05/2026 19:33,15948270957,Jogo Vela Captiva 2.4 2011/ Gm 12620540 04 Unidades 185cv,A,,0.0,0.0
181,Uai Mineirinho,27/05/2026 19:33,15948270956,Par Pisca Seta Espelho Retrovisor mk2 mk3 mondeo mk4,A,,0.0,108.0
35,Uai Mineirinho,27/05/2026 19:33,15948270955,Sensor Pressão Direção Hidráulica,A,,0.0,104.0
94-3,Uai Mineirinho,27/05/2026 19:33,16544421381,Emblema Lateral VW Logo:Preto,A,,20.0,0.0
414-1,Uai Mineirinho,27/05/2026 19:33,16259957686,Creme Clareador Natural Manchas Variadas E Melasma 20 G:Dimollaure,A,,0.0,0.0
412-2,Uai Mineirinho,27/05/2026 19:33,15959152905,Enxada Rotativa Aradora Para Roçadeiras 360mm ST178 Diâmetro:Quadrado,A,,0.0,0.0
412-1,Uai Mineirinho,27/05/2026 19:33,15959152904,Enxada Rotativa Aradora Para Roçadeiras 360mm ST178 Diâmetro:9 Estrias,A,,0.0,0.0
79,Uai Mineirinho,27/05/2026 19:33,15948448585,Mini Bomba D'água Voltagem: 19w 5m 800l/h 12v Dc,A,,0.0,109.0
78,Uai Mineirinho,27/05/2026 19:33,15948448584,Mini Bomba D'água Voltagem: 22w 5m 800l/h 24v Dc,A,,9.0,102.0
305-2-K,Uai Mineirinho,27/05/2026 19:33,15948288062,Led Parafuso Olho De Águia Carro Moto 18mm - 1 Par Cor: Preto,A,,0.0,0.0
305-10-K,Uai Mineirinho,27/05/2026 19:33,15948288061,Led Parafuso Olho De Águia Carro Moto 18mm - 1 Par Cor: Prata,A,,0.0,0.0
305-2,Uai Mineirinho,27/05/2026 19:33,15948288060,Led Parafuso Olho De Águia Carro Moto 18mm COR: Preto,A,,0.0,0.0
305-10,Uai Mineirinho,27/05/2026 19:33,15948288058,Led Parafuso Olho De Águia Carro Moto 18mm COR: Prata,A,,0.0,0.0
392-2,Uai Mineirinho,27/05/2026 19:33,15948288057,Amortecedor Tampa Da Caçamba Traseira Gun125 2016 2022 Lado: Esquerdo,A,,0.0,101.0
392-1,Uai Mineirinho,27/05/2026 19:33,15948288056,Amortecedor Tampa Da Caçamba Traseira Gun125 2016 2022 Lado: Direito,A,,0.0,100.0
394-2,Uai Mineirinho,27/05/2026 19:33,15948288055,Trava Presília Mangueira Intercooler Menor,A,,1.0,3.0
394-1,Uai Mineirinho,27/05/2026 19:33,15948288054,Trava Presília Mangueira Intercooler Maior,A,,1.0,1.0
393-2,Uai Mineirinho,27/05/2026 19:33,15948288053,Anel Vedação Da Mangueira Intercooler Menor,A,,14.0,0.0
393-1,Uai Mineirinho,27/05/2026 19:33,15948288052,Anel Vedação Da Mangueira Intercooler Maior,A,,0.0,0.0
306-2-K,Uai Mineirinho,27/05/2026 19:33,15948288051,Led Parafuso Olho De Águia Carro Moto 23mm - 1 Par Cor: Preto,A,,0.0,0.0
306-10-K,Uai Mineirinho,27/05/2026 19:33,15948288050,Led Parafuso Olho De Águia Carro Moto 23mm - 1 Par Cor: Prata,A,,0.0,0.0
306-2,Uai Mineirinho,27/05/2026 19:33,15948288049,Led Parafuso Olho De Águia Carro Moto 23mm COR: Preto,A,,0.0,0.0
306-10,Uai Mineirinho,27/05/2026 19:33,15948288047,Led Parafuso Olho De Águia Carro Moto 23mm COR: Prata,A,,0.0,0.0
385-4,Uai Mineirinho,27/05/2026 19:33,15948287996,Luz Subaquática Submarina 42 Leds 12v Barcos Lanchas Iates Cor: Azul,A,,123.0,103.0
385-2,Uai Mineirinho,27/05/2026 19:33,15948287994,Luz Subaquática Submarina 42 Leds 12v Barcos Lanchas Iates Cor: Branco,A,,65.0,102.0
377-4-K,Uai Mineirinho,27/05/2026 19:33,15948287993,2 Luz Lâmpada Subaquática 27 Leds Super Potência Barco Lancha Azul,A,,18.0,51.0
377-4,Uai Mineirinho,27/05/2026 19:33,15948287992,Luz Lâmpada Subaquática 27 Leds Super Potência Barco Lancha Cor: Azul,A,,36.0,103.0
377-2,Uai Mineirinho,27/05/2026 19:33,15948287991,Luz Lâmpada Subaquática 27 Leds Super Potência Barco Lancha Cor: Branco,A,,14.0,92.0
375-2,Uai Mineirinho,27/05/2026 19:33,15948287990,Seta Pisca Retrovisor 87613-2P000-FC 87623-2P000-FC Esquerdo: ( Motorista ),A,,0.0,3.0
375-1,Uai Mineirinho,27/05/2026 19:33,15948287988,Seta Pisca Retrovisor 87613-2P000-FC 87623-2P000-FC Direito: ( Passageiro ),A,,0.0,2.0
299-2,Uai Mineirinho,27/05/2026 19:33,15948287987,Chave Interruptora Luzes com Farol de Neblina 3c8 941 431b,A,,0.0,0.0
299-1,Uai Mineirinho,27/05/2026 19:33,15948287986,Chave Interruptora Luzes com Farol Milha e Neblina 1z0 941 431,A,,41.0,108.0
374-2,Uai Mineirinho,27/05/2026 19:33,15948287984,Grade De Luz De Nevoeiro Inferior Lado: Esquerdo,A,,0.0,0.0
374-1,Uai Mineirinho,27/05/2026 19:33,15948287983,Grade De Luz De Nevoeiro Inferior Lado: Direito,A,,0.0,0.0
364-4,Uai Mineirinho,27/05/2026 19:33,15948287982,Adaptador Sem Fio Wireless Qi Indução Receptor Universal Cor:iPhone,A,,0.0,0.0
364-3,Uai Mineirinho,27/05/2026 19:33,15948287981,Adaptador Sem Fio Wireless Qi Indução Receptor Universal Cor:Type-C,A,,0.0,0.0
364-2,Uai Mineirinho,27/05/2026 19:33,15948287980,Adaptador Sem Fio Wireless Qi Indução Receptor Universal Cor:Type-B,A,,0.0,0.0
364-1,Uai Mineirinho,27/05/2026 19:33,15948287979,Adaptador Sem Fio Wireless Qi Indução Receptor Universal Cor:Type-A,A,,0.0,0.0
325-2,Uai Mineirinho,27/05/2026 19:33,15948287978,Tampa Amortecedor Lado: Esquerdo 8K0 803 593,A,,0.0,101.0
325-1,Uai Mineirinho,27/05/2026 19:33,15948287977,Tampa Amortecedor Lado: Direito 8K0 803 594,A,,6.0,100.0
321-2,Uai Mineirinho,27/05/2026 19:33,15948287976,Spoiler Parachoque Lado: Esquerdo,A,,0.0,100.0
321-1,Uai Mineirinho,27/05/2026 19:33,15948287975,Spoiler Parachoque Lado: Direito,A,,0.0,100.0
94-2,Uai Mineirinho,27/05/2026 19:33,15948271236,Emblema Lateral VW Logo: 4 Motion,A,,0.0,0.0
94-1,Uai Mineirinho,27/05/2026 19:33,15948271235,Emblema Lateral VW Logo: Clean,A,,0.0,0.0
232-2,Uai Mineirinho,27/05/2026 19:33,15948271234,Par Puxador Porta Bmw 320i 328i F30 2013 Á 2017 Cor: Preto Traseiro,A,,0.0,100.0
227-2,Uai Mineirinho,27/05/2026 19:33,15948271233,Botão Shifter De Câmbio 54132-S84-A81ZA Codigo: 54132 sda a81,A,,0.0,0.0
227-1,Uai Mineirinho,27/05/2026 19:33,15948271232,Botão Shifter De Câmbio 54132-S84-A81ZA Codigo: 54132 s84 a81za,A,,20.0,101.0
254-1,Uai Mineirinho,27/05/2026 19:33,15948271231,Bomba Combustivel Gasolina AH22-9H307-AB Com: Filtro LR057235 LR044427 LR026192,A,,0.0,0.0
127-17,Uai Mineirinho,27/05/2026 19:33,15948271230,Vibrador Duplo U C Clitóris Controle Casal Tipo We-vibe Usb Cor: Roxo,A,,0.0,0.0
127-9,Uai Mineirinho,27/05/2026 19:33,15948271229,Vibrador Duplo U C Clitóris Controle Casal Tipo We-vibe Usb Cor: Rosa,A,,0.0,0.0
189-2,Uai Mineirinho,27/05/2026 19:33,15948271228,Amortecedor Mola Gás Tampa Caçamba Lado: Esquerdo,A,,7.0,102.0
189-1,Uai Mineirinho,27/05/2026 19:33,15948271227,Amortecedor Mola Gás Tampa Caçamba Lado: Direito,A,,5.0,102.0
250-2,Uai Mineirinho,27/05/2026 19:33,15948271226,Tampa Parachoque Esguicho Farol Azera Lado: Esquerdo,A,,192.0,99.0
250-1,Uai Mineirinho,27/05/2026 19:33,15948271225,Tampa Parachoque Esguicho Farol Azera Lado: Direito,A,,96.0,100.0
252-2,Uai Mineirinho,27/05/2026 19:33,15948271224,Tampa Lavador Esguicho Farol Focus 2014a 2015 Lado: Esquerdo,A,,48.0,104.0
252-1,Uai Mineirinho,27/05/2026 19:33,15948271223,Tampa Lavador Esguicho Farol Focus 2014a 2015 Lado: Direito,A,,0.0,112.0
238-1,Uai Mineirinho,27/05/2026 19:33,15948271222,Tela Grade Para Choque Dianteiro Jeep Renegade 735618579l 735618580r Lado: Direito,A,,1.0,100.0
238-2,Uai Mineirinho,27/05/2026 19:33,15948271221,Tela Grade Para Choque Dianteiro Jeep Renegade 735618579l 735618580r Lado: Esquerdo,A,,1.0,1.0
232-5,Uai Mineirinho,27/05/2026 19:33,15948271220,Par Puxador Porta Bmw 320i 328i F30 2013 Á 2017 Cor: Bege Frontal,A,,0.0,100.0
232-1,Uai Mineirinho,27/05/2026 19:33,15948271219,Par Puxador Porta Bmw 320i 328i F30 2013 Á 2017 Cor: Preto Frontal,A,,0.0,100.0
230-2,Uai Mineirinho,27/05/2026 19:33,15948271218,Tampa Esguicho Parachoque 61677211209 Lado: Esquerdo,A,,2.0,104.0
230-1,Uai Mineirinho,27/05/2026 19:33,15948271216,Tampa Esguicho Parachoque 61677211209 Lado: Direito,A,,0.0,106.0
31-D,Uai Mineirinho,27/05/2026 19:33,15948271215,Difusor Duto Ar Mitsubishi Lancer Cor: Preto Direito Lateral,A,,0.0,0.0
31-C,Uai Mineirinho,27/05/2026 19:33,15948271213,Difusor Duto Ar Mitsubishi Lancer Cor: Preto Direito Medial,A,,0.0,0.0
31-B,Uai Mineirinho,27/05/2026 19:33,15948271212,Difusor Duto Ar Mitsubishi Lancer Cor: Preto Esquerdo Medial,A,,0.0,0.0
31-A,Uai Mineirinho,27/05/2026 19:33,15948271211,Difusor Duto Ar Mitsubishi Lancer Cor: Preto Esquerdo Lateral,A,,0.0,0.0
27-2,Uai Mineirinho,27/05/2026 19:33,15948271210,Engrenagem Caixa de Transferencia Bmw X3 3.0 Cor: Branco 27107566296,A,,3.0,0.0
27-1,Uai Mineirinho,27/05/2026 19:33,15948271208,Engrenagem Caixa de Transferencia Bmw X3 3.0 Cor: Preto 8473227771,A,,0.0,0.0
239-2,Uai Mineirinho,27/05/2026 19:33,15948271207,Olho De Gato Refletor Para-choque Traseiro Bmw 320i Cor:Lado (Esquerdo),A,,0.0,0.0
239-1,Uai Mineirinho,27/05/2026 19:33,15948271206,Olho De Gato Refletor Para-choque Traseiro Bmw 320i Cor:Lado (Direito),A,,0.0,0.0
