sku,nome,categoria,marca,custo,imposto,preco,descricao,mlb_principal,mlb_ids,qtd_anuncios_mlb,updated_at,sku_key,cg_unnamed: 0,cg_sku,cg_oem,cg_product name,cg_product description,cg_tradução ptbr  ou nome na bling,cg_material,cg_material ptbr,cg_embalagem individual,cg_embalagem individual ptbr,cg_medidas individuas,cg_unnamed: 12,cg_unnamed: 13,cg_m³ individual,cg_peso individual,cg_individual size,cg_para quer serve,cg_onde será ultilizado,cg_finalizade,"cg_país do 
fabricante / produtor","cg_fabricante/produtor 
conhecido",cg_nome (fabricante / produtor),"cg_logradouro 
(fabricante / produtor)","cg_número 
(fabricante / produtor)","cg_cidade 
(fabricante / produtor)","cg_complemento 
(fabricante / produtor)","cg_estado 
(fabricante / produtor)","cg_denominação 
do produto","cg_detalhamento complementar 
do produto",titulos_anuncios_mlb,gtins_mlb,custos_frete_mlb,modalidades_mlb,custo_attr,imposto_attr,foto
---------,,,,,,,,MLB1978142239,MLB1978142239|MLB1988895735|MLB1988895736|MLB2000704908|MLB2041010779|MLB2041023649|MLB2041042829|MLB2041090853|MLB2055821664|MLB2136935860|MLB2136951134|MLB2158495340|MLB2172002283|MLB2177030246|MLB2177030248|MLB2181951634|MLB2181971176|MLB2891591278|MLB2891885208|MLB2891885210|MLB2926358623|MLB2927075510|MLB2989066400|MLB2991685459|MLB2996495088|MLB2996495099|MLB2997016830|MLB2997023189|MLB2997613063|MLB2997727098|MLB2997738939|MLB3030582867|MLB3285225831|MLB3285238549|MLB3306414961|MLB3306436271|MLB3551731589|MLB3565994817|MLB3607193023|MLB3608112939|MLB3618050495|MLB3655081809|MLB3660376395|MLB3660399513|MLB3675268379|MLB3728618216|MLB3988605943|MLB4038971489|MLB4155642956|MLB4321924928|MLB4471323400|MLB4473685750|MLB4473697112|MLB4473710012|MLB4592635432|MLB4597740872|MLB4644655270|MLB4644694108|MLB4644705176|MLB4938751960|MLB4939982806|MLB4942973510|MLB4942973736|MLB5111579736|MLB5139569464|MLB5360780658,66.0,25/03/2026 12:53,---------,,,,,,,,,,,,,,,,,,,,,,,,,,,,,,"Adaptador Luva Roçadeira 9 Estrias De Enxada Rotativa Arador || Adaptador Luva Roçadeira Cardam Stihl Quadrado 5,5mm Ou 6mm. || Adaptador Luva Roçadeira Cardam Stihl Stihl Fs160/220/280 || Adaptador Receptor Carregador Indução Wireless Micro Usb || Adaptador Sem Fio Wireless Qi Indução Receptor Universal || Amortecedor A Gás Caçamba Chevrolet S10 Lt Ltz 2013 2022 || Amortecedor De Caçamba Tampa Traseira S10 Lt Ltz 2013 2022 || Amortecedor Gás Ford Hilux 789123400224 1 Unidade || Amortecedor Mola Gás Tampa Caçamba Ranger S10 Hilux Nissan || Amortecedor Tampa Caçamba Traseira Ford Ranger 2013 À 2023 || Bandeja Dianteira L Direito Fusion 2013 2014 2015 16 || Bandeja Dianteira Lado Direito Fusion 2013 2014 2015 2016 || Bomba D'agua Solar, Aquario, Alta Pressão  12v  Dc 19w Mo || Bomba D'água Solar, Aquario, Alta Pressão 12v/24 Dc 19w || Bomba Água 12v Circulação Água Quente Solar 800 L/h || Botão Alavanca Câmbio Automático Honda Accord 1998-2002 || Botão Da Alavanca Câmbio Automático Honda Accord 03 04 05 || Botão Da Alavanca Do Câmbio Automático Honda Accord 03-05 || Botão Do Cambio Automático Do Honda Accord 98 A 02 || Braco Bandeja Dianteira Direita Fusion 2013 2014 2015 || Chave Farol Auto Original Vw Golf Jetta Tsi Gti 2014 A 2018 || Chave Farol Luz Milha Neblina Auto Passat Jetta Tiguan Golf || Chave Interruptor Do Farol C/ Função Auto Vw Polo Jetta Golf || Engrenagem Caixa De Transferencia Bmw X3 3.0 || Enxada Rotativa Para Roçadeira Stihl 360mm Grande || Enxada Rotativa Para Roçadeira Stihl Fs160 Fs220 Fs280 Fs290 || Enxada Rotativa Para Roçadeira Stihl Fs80 Fs85 Fs120 Fs200 || Grade Inferior Farol Milha Bmw E90 320i 325i 330i 08-12 || Grade Inferior Milha Bmw Série 3 E90 Lci 2009 A 2012 Premium || Guia Farol Dianteiro Dianteiro Hr-v 2015 2016 2017 2018 2019 || Guia Farol Dianteiro Dianteiro Hrv Hr-v 2015 2016 17 Á 2019 || Guia Farol Dianteiro Honda Hr-v 2015 2016 2017 2018 || Guia Farol Dianteiro Hrv Hr-v 2015 2016 17 Á 2019 || Kit Botão Câmbio Honda Accord 1994 À 2002 Com Mola || Luz Subaquática 27 Leds Potência 50w Barco Lancha Ip68 12v || Luz Subaquática Submarina 27 Led's 12v Barcos Lanchas Iates || Luz Subaquática Submarina 42 Led's 12v Barcos Lanchas Azul || Luz Subaquática Submarina 42 Led's 12v Barcos Lanchas Iates || Mini Bomba D'agua 12 Volts 800 Litros/h Coluna 5m 19w || Mini Bomba D'agua 12v 800 Litros/h Para Fontes De Jardim || Mini Bomba D'agua 800 Litro/h 12v Para Fontes De Jardim || Mini Bomba D'água 12v 22w 800 Litros/h Coluna 5m || Mini Bomba D'água 22w 5m 800l/h 24v Dc Solar/bateria/convers || Par Puxador Porta Dianteira Bmw 320i 328i 335 2012-2018 || Par Puxador Porta Dianteira Bmw 320i 328i 335i 316i F30 F31. || Par Puxador Porta Dianteira Bmw 320i 328i F30 2013 2018 || Par Puxador Porta Dianteira Bmw 320i 328i F30 2013 Á 2017 || Par Puxador Porta Dianteira Bmw 320i 328i F30 2013-2017 || Pisca Seta Retrovisor Sorento 2011 2012 2013 2014 2015 || Receptor Adaptador Carregador Universal Indução Wireless Qi || Receptor Adaptador Qi Carregador Universal Indução Wireless || Receptor Carregador Adaptador Sem Fio Wireless Qi Indução Nf || Seta Pisca Retrovisor Led Sequencial Golf Gti Mk7 Jetta Gli || Seta Retrovisor Sequencial Dinâmica Golf Mk7 Gti Jetta Gli || Seta Retrovisor Sequencial Dinâmica Golf Mk7 Mk7.5 Jetta Gli",,"R$ 14,35|R$ 16,45|R$ 18,45|R$ 18,85|R$ 19,85|R$ 20,75|R$ 20,95|R$ 21,15|R$ 21,65|R$ 22,55|R$ 23,65|R$ 24,65|R$ 26,25|R$ 28,35|R$ 30,75|R$ 39,75|R$ 48,05|R$ 6,55|R$ 6,65|R$ 7,75|R$ 7,85",Clássico|Premium,,,
008-1,Car roof antenna,Manutenção automotiva,"Tianmen Fengcheng Trading Co. Ltd.
",,,,"Antena para teto de carro, Material: Plástico e metal, Tamanho individual 60x2x2cm, caixa de papelão",,,,25/03/2026 12:53,008-1,SKU 008-1,008-1,95GP18828AF,Car roof antenna,"Car roof antenna,  Material: Plastic and metal , Individual Size 60x2x2CM, cardboard box","Antena para teto de carro, Material: Plástico e metal, Tamanho individual 60x2x2cm, caixa de papelão", Material: Plastic and metal ,Material: Plástico e metal,cardboard box,caixa de papelão,60.0,2.0,2.0,0.00024,35,Individual Size 60x2x2CM,Manutenção automotiva,Em veículos automotores compatíveis,Revenda online,"160 - CHINA, REPÚBLICA POPULAR","Tianmen Fengcheng Trading Co. Ltd.
","Tianmen Fengcheng Trading Co. Ltd.
","Jingling Street, E-Commerce Industrial Park",S/N,Tianmen,Room 301,Hubei Province,Antena de teto do carro,"Antena para teto de carro, Material: Plástico e metal, Tamanho individual 60x2x2cm, caixa de papelão",,,,,,,cadastro_fotos/008-1.png
008-K,Car roof antenna and base,Manutenção automotiva,"Tianmen Fengcheng Trading Co. Ltd.
",,,,"Antena de teto para carro com base, Material: Plástico e metal, Tamanho individual 60x2x3,5CM, caixa de papelão",,,,25/03/2026 12:53,008-K,SKU 008-K,008-K,95GP18828AF,Car roof antenna and base,"Car roof antenna and base,  Material: Plastic and metal , Individual Size 60x2x3,5CM, cardboard box","Antena de teto para carro com base, Material: Plástico e metal, Tamanho individual 60x2x3,5CM, caixa de papelão", Material: Plastic and metal ,Material: Plástico e metal,cardboard box,caixa de papelão,60.0,2.0,3.5,0.00042,35,"Individual Size 60x2x3,5CM",Manutenção automotiva,Em veículos automotores compatíveis,Revenda online,"160 - CHINA, REPÚBLICA POPULAR","Tianmen Fengcheng Trading Co. Ltd.
","Tianmen Fengcheng Trading Co. Ltd.
","Jingling Street, E-Commerce Industrial Park",S/N,Tianmen,Room 301,Hubei Province,Antena e base para teto de carro,"Antena de teto para carro com base, Material: Plástico e metal, Tamanho individual 60x2x3,5CM, caixa de papelão",,,,,,,cadastro_fotos/008-K.png
4-1,5-Speed vehicle gear lever,Manutenção automotiva,"Tianmen Fengcheng Trading Co. Ltd.
",25.78,24.0,,"Alavanca de câmbio de 5 velocidades para veículo, Material: Couro + Plástico ABS, Tamanho individual 9x5x5CM, caixa de papelão",,,,25/03/2026 12:53,4-1,SKU 4-1,4-1,"CFF0813
",5-Speed vehicle gear lever,"5-Speed vehicle gear lever, Material: Leather + Plastic ABS, Individual Size 9x5x5CM, cardboard box","Alavanca de câmbio de 5 velocidades para veículo, Material: Couro + Plástico ABS, Tamanho individual 9x5x5CM, caixa de papelão",Material: Leather + Plastic ABS,Material: Couro + Plástico ABS,cardboard box,caixa de papelão,9.0,5.0,5.0,0.000225,12,Individual Size 9x5x5CM,Manutenção automotiva,Em veículos automotores compatíveis,Revenda online,"160 - CHINA, REPÚBLICA POPULAR","Tianmen Fengcheng Trading Co. Ltd.
","Tianmen Fengcheng Trading Co. Ltd.
","Jingling Street, E-Commerce Industrial Park",S/N,Tianmen,Room 301,Hubei Province,Alavanca de câmbio de 5 velocidades do veículo,"Alavanca de câmbio de 5 velocidades para veículo, Material: Couro + Plástico ABS, Tamanho individual 9x5x5CM, caixa de papelão",,,,,25.78,24.0,cadastro_fotos/4-1.png
001,Vehicle radiator temperature sensor,Manutenção automotiva,"Tianmen Fengcheng Trading Co. Ltd.
",12.07,24.0,,"Sensor de temperatura do radiador do veículo, Material: Metal e plástico, Tamanho individual 2,5x5x2,5CM, caixa de papelão",MLB1984882492,MLB1984882492|MLB1984892935|MLB2894818909|MLB2894843116|MLB3365926061,5.0,25/03/2026 12:53,1,SKU 001,001,,Vehicle radiator temperature sensor,"Vehicle radiator temperature sensor, Material: Metal and plastic, Individual Size 2,5x5x2,5CM, cardboard box","Sensor de temperatura do radiador do veículo, Material: Metal e plástico, Tamanho individual 2,5x5x2,5CM, caixa de papelão",Material: Metal and plastic,Material: Metal e plástico,cardboard box,caixa de papelão,2.5,5.0,2.5,3.125e-05,28,"Individual Size 2,5x5x2,5CM",Manutenção automotiva,Em veículos automotores compatíveis,Revenda online,"160 - CHINA, REPÚBLICA POPULAR","Tianmen Fengcheng Trading Co. Ltd.
","Tianmen Fengcheng Trading Co. Ltd.
","Jingling Street, E-Commerce Industrial Park",S/N,Tianmen,Room 301,Hubei Province,sensor de temperatura do radiador do veículo,"Sensor de temperatura do radiador do veículo, Material: Metal e plástico, Tamanho individual 2,5x5x2,5CM, caixa de papelão",Cebolinha Cebolão Radiador Cb500 Hornet Shadow Cbr900 1100xx || Cebolinha Radiador Cb500 Hornet Shadow || Cebolão Do Radiador Honda Shadow Cb 500 Hornet Cbr 600 900 || Cebolão Radiador Cebolinha Honda Cb500 Shadow Hornet Cbr900 || Sensor Temperatura Cebolão Radiador Cb500 Hornet,7891234000224|7893989017458|7895141651722|7895141651739,"R$ 15,45|R$ 18,45|R$ 19,85|R$ 7,75",Clássico|Premium,12.07,24.0,cadastro_fotos/001.png
100,Stereo Auxiliary Cable,Manutenção automotiva,"Tianmen Fengcheng Trading Co. Ltd.
",11.08,24.0,,"Cabo auxiliar estéreo, material: plástico e metal, tamanho individual 20x6,5x1,3 cm, caixa de papelão.",MLB1988957890,MLB1988957890|MLB3558056423|MLB3558108785,3.0,25/03/2026 12:53,100,SKU 100,100,SKU 100,Stereo Auxiliary Cable,"Stereo Auxiliary Cable,  Material: Plastic and metal, Individual Size 20x6,5x1,3CM, cardboard box","Cabo auxiliar estéreo, material: plástico e metal, tamanho individual 20x6,5x1,3 cm, caixa de papelão.", Material: Plastic and metal,Material: Plástico e metal,cardboard box,caixa de papelão,20.0,6.5,1.3,0.000169,,"Individual Size 20x6,5x1,3CM",Manutenção automotiva,Em veículos automotores compatíveis,Revenda online,"160 - CHINA, REPÚBLICA POPULAR","Tianmen Fengcheng Trading Co. Ltd.
","Tianmen Fengcheng Trading Co. Ltd.
","Jingling Street, E-Commerce Industrial Park",S/N,Tianmen,Room 301,Hubei Province,Cabo auxiliar estéreo,"Cabo auxiliar estéreo, material: plástico e metal, tamanho individual 20x6,5x1,3 cm, caixa de papelão.",Cabo Auxiliar Aux Para Radio Original Fiat Punto Linea Stilo || Cabo Auxiliar Carro Fiat Para Rádio Original Punto Palio || Cabo Auxiliar Para Radio Original Do Fiat Punto Promoção,7895141629653|7895141634077|7895141651753,"R$ 6,55|R$ 7,75",Clássico,11.08,24.0,cadastro_fotos/100.png
105,Car fuel level sensor,Manutenção automotiva,"Tianmen Fengcheng Trading Co. Ltd.
",39.9,24.0,,"Sensor de nível de combustível para carro, Material: Plástico e metal, Tamanho individual 23x11x6CM, caixa de papelão",MLB1988959579,MLB1988959579|MLB1988968514|MLB3178397785|MLB4540001606,4.0,25/03/2026 12:53,105,SKU 105,105," 17708-swa-t00
SKU 105",Car fuel level sensor,"Car fuel level sensor,  Material: Plastic and metal, Individual Size 23x11x6CM, cardboard box","Sensor de nível de combustível para carro, Material: Plástico e metal, Tamanho individual 23x11x6CM, caixa de papelão", Material: Plastic and metal,Material: Plástico e metal,cardboard box,caixa de papelão,23.0,11.0,6.0,0.001518,,Individual Size 23x11x6CM,Manutenção automotiva,Em veículos automotores compatíveis,Revenda online,"160 - CHINA, REPÚBLICA POPULAR","Tianmen Fengcheng Trading Co. Ltd.
","Tianmen Fengcheng Trading Co. Ltd.
","Jingling Street, E-Commerce Industrial Park",S/N,Tianmen,Room 301,Hubei Province,sensor de nível de combustível do carro,"Sensor de nível de combustível para carro, Material: Plástico e metal, Tamanho individual 23x11x6CM, caixa de papelão",Boia Sensor De Nível Crv 2007 2008 2009 2010 2011 || Boia Sensor Nivel Combustível Honda Crv 2007 A 2011 Gasolina || Boia Sensor Nível Combustível Honda Crv 2007 A 2011 || Boia Sensor Nível De Combustível Honda Cr-v 2007 A 2011 Novo,7895139519003|7895141622562,"R$ 19,85|R$ 22,55",Clássico|Premium,39.9,24.0,cadastro_fotos/105.png
107,5-Speed vehicle gear lever,Manutenção automotiva,"Tianmen Fengcheng Trading Co. Ltd.
",29.6,24.0,,"Alavanca de câmbio de 5 velocidades para veículo, Material: Couro + Plástico ABS, Tamanho individual 9x5x5CM, caixa de papelão",MLB1988962872,MLB1988962872|MLB1988966684|MLB1988969587,3.0,25/03/2026 12:53,107,SKU 107,107,SKU 107,5-Speed vehicle gear lever,"5-Speed vehicle gear lever,  Material: Leather + Plastic ABS, Individual Size 9x5x5CM, cardboard box","Alavanca de câmbio de 5 velocidades para veículo, Material: Couro + Plástico ABS, Tamanho individual 9x5x5CM, caixa de papelão", Material: Leather + Plastic ABS,Material: Couro + Plástico ABS,cardboard box,caixa de papelão,9.0,5.0,5.0,0.000225,,Individual Size 9x5x5CM,Manutenção automotiva,Em veículos automotores compatíveis,Revenda online,"160 - CHINA, REPÚBLICA POPULAR","Tianmen Fengcheng Trading Co. Ltd.
","Tianmen Fengcheng Trading Co. Ltd.
","Jingling Street, E-Commerce Industrial Park",S/N,Tianmen,Room 301,Hubei Province,Alavanca de câmbio de 5 velocidades do veículo,"Alavanca de câmbio de 5 velocidades para veículo, Material: Couro + Plástico ABS, Tamanho individual 9x5x5CM, caixa de papelão",Bola Do Cambio Manopla Gol Cromada Voyage Saveiro G5 G6 Preto || Manopla Cromada Voyage / Gol / Saveiro G5 E G6 Original Preto || Manopla Gol / Voyage / Saveiro G5 E G6 Original Vw Preto,7895141650299|7898165420039,"R$ 16,45|R$ 17,65|R$ 19,25",Premium,29.6,24.0,cadastro_fotos/107.png
107-1,6-Speed vehicle gear lever,Manutenção automotiva,"Tianmen Fengcheng Trading Co. Ltd.
",28.43,24.0,,"Alavanca de câmbio de 6 velocidades para veículo, Material: Couro + Plástico ABS, Tamanho individual 9x5x5CM, caixa de papelão",MLB1988981254,MLB1988981254|MLB2969404153|MLB4245039171|MLB4446202916,4.0,25/03/2026 12:53,107-1,SKU 107-1,107-1,SKU 107-1,6-Speed vehicle gear lever,"6-Speed vehicle gear lever,  Material: Leather + Plastic ABS, Individual Size 9x5x5CM, cardboard box","Alavanca de câmbio de 6 velocidades para veículo, Material: Couro + Plástico ABS, Tamanho individual 9x5x5CM, caixa de papelão", Material: Leather + Plastic ABS,Material: Couro + Plástico ABS,cardboard box,caixa de papelão,9.0,5.0,5.0,0.000225,,Individual Size 9x5x5CM,Manutenção automotiva,Em veículos automotores compatíveis,Revenda online,"160 - CHINA, REPÚBLICA POPULAR","Tianmen Fengcheng Trading Co. Ltd.
","Tianmen Fengcheng Trading Co. Ltd.
","Jingling Street, E-Commerce Industrial Park",S/N,Tianmen,Room 301,Hubei Province,Alavanca de câmbio de 6 velocidades do veículo,"Alavanca de câmbio de 6 velocidades para veículo, Material: Couro + Plástico ABS, Tamanho individual 9x5x5CM, caixa de papelão",Manopla Bola Cambio Manual Amarok 6 Marchas Preto || Manopla Bola Câmbio Manual 6 Amarok 2011 2012 2013 2014 2015 Preto || Manopla Bola Câmbio Manual 6 Marcha Fox 2015/2022 Preto || Manopla Câmbio Manual Bola 6 Marchas Volkswagen Amarok Preto,7895139518426|7895139518792,"R$ 16,45|R$ 17,65|R$ 18,45",Premium,28.43,24.0,cadastro_fotos/107-1.png
115,Throttle body heater outlet pipe,Manutenção automotiva,"Tianmen Fengcheng Trading Co. Ltd.
",14.84,24.0,,"Tubo de saída do aquecedor do corpo de borboleta, Material: Plástico, Dimensões individuais: 30x9x3,5 cm, caixa de papelão",MLB1990027778,MLB1990027778|MLB3598209639,2.0,25/03/2026 12:53,115,SKU 115,115,"55559353
SKU:115",Throttle body heater outlet pipe,"Throttle body heater outlet pipe,  Material: Plastic, Individual Size 30x9x3,5CM, cardboard box","Tubo de saída do aquecedor do corpo de borboleta, Material: Plástico, Dimensões individuais: 30x9x3,5 cm, caixa de papelão", Material: Plastic,Material: Plástico,cardboard box,caixa de papelão,30.0,9.0,3.5,0.000945,,"Individual Size 30x9x3,5CM",Manutenção automotiva,Em veículos automotores compatíveis,Revenda online,"160 - CHINA, REPÚBLICA POPULAR","Tianmen Fengcheng Trading Co. Ltd.
","Tianmen Fengcheng Trading Co. Ltd.
","Jingling Street, E-Commerce Industrial Park",S/N,Tianmen,Room 301,Hubei Province,Tubo de saída do aquecedor do corpo de borboleta,"Tubo de saída do aquecedor do corpo de borboleta, Material: Plástico, Dimensões individuais: 30x9x3,5 cm, caixa de papelão",Mangueira Tubo Saída Calor Tbi Sonic Cruze Tracker 12/16 || Tubo Saída Corpo Borboleta Tbi Sonic 2012 13 2014 55559353,7895141625587,"R$ 7,85|R$ 7,95",Clássico,14.84,24.0,cadastro_fotos/115.png
116,Throttle body heater outlet pipe,Manutenção automotiva,"Tianmen Fengcheng Trading Co. Ltd.
",16.43,24.0,,"Tubo de saída do aquecedor do corpo de borboleta, Material: Plástico, Dimensões individuais: 30x9x3,5 cm, caixa de papelão",MLB1990042469,MLB1990042469|MLB1990048537|MLB3331195036|MLB3558249607|MLB3658452839|MLB3950755258,6.0,25/03/2026 12:53,116,SKU 116,116,"55579102
SKU:116",Throttle body heater outlet pipe,"Throttle body heater outlet pipe, Material: Plastic, Individual Size 30x9x3,5CM, cardboard box","Tubo de saída do aquecedor do corpo de borboleta, Material: Plástico, Dimensões individuais: 30x9x3,5 cm, caixa de papelão",Material: Plastic,Material: Plástico,cardboard box,caixa de papelão,30.0,9.0,3.5,0.000945,,"Individual Size 30x9x3,5CM",Manutenção automotiva,Em veículos automotores compatíveis,Revenda online,"160 - CHINA, REPÚBLICA POPULAR","Tianmen Fengcheng Trading Co. Ltd.
","Tianmen Fengcheng Trading Co. Ltd.
","Jingling Street, E-Commerce Industrial Park",S/N,Tianmen,Room 301,Hubei Province,Tubo de saída do aquecedor do corpo de borboleta,"Tubo de saída do aquecedor do corpo de borboleta, Material: Plástico, Dimensões individuais: 30x9x3,5 cm, caixa de papelão",Mangueira Retorno Reservatóri Água Cruze Tracker 2012 - 2016 || Mangueira Retorno Reservatóri Água Cruze Tracker 2012 À 2016 || Mangueira Retorno Reservatório Água Cruze 1.8 55579102 || Mangueira Retorno Reservatório Água Gm Cruze 2012 2013 2014 || Mangueira Retorno Reservatório Água Gm Cruze Tracker Saída || Tubo Retorno Reservatório Agua Cruze Tracker 1.8 16v,7891234000224|7895139518990|7895141634091|7895141638204,"R$ 18,45|R$ 20,75|R$ 7,95|R$ 8,15",Clássico|Premium,16.43,24.0,cadastro_fotos/116.png
12,Motorcycle Fuel Pump,Manutenção automotiva,"Tianmen Fengcheng Trading Co. Ltd.
",37.12,24.0,,"Bomba de combustível para motocicleta, Material: Aço inoxidável, Tamanho individual 12x8x7cm, caixa de papelão",MLB1985423253,MLB1985423253|MLB1985423263|MLB1985428470|MLB2935288462|MLB4659830906,5.0,25/03/2026 12:53,12,SKU 12,12,"HT-DZB11
SKU 12",Motorcycle Fuel Pump,"Motorcycle Fuel Pump, Material : Stainless Steel , Individual Size 12x8x7CM, cardboard box","Bomba de combustível para motocicleta, Material: Aço inoxidável, Tamanho individual 12x8x7cm, caixa de papelão",Material : Stainless Steel ,Material: Aço inoxidável,cardboard box,caixa de papelão,12.0,8.0,7.0,0.000672,451,Individual Size 12x8x7CM,Manutenção automotiva,Em veículos automotores compatíveis,Revenda online,"160 - CHINA, REPÚBLICA POPULAR","Tianmen Fengcheng Trading Co. Ltd.
","Tianmen Fengcheng Trading Co. Ltd.
","Jingling Street, E-Commerce Industrial Park",S/N,Tianmen,Room 301,Hubei Province,Bomba de combustível para motocicleta,"Bomba de combustível para motocicleta, Material: Aço inoxidável, Tamanho individual 12x8x7cm, caixa de papelão",Bomba Combustivel Gasolina Honda Shadow Vt 600 1996 - 2005 || Bomba Combustivel Gasolina Honda Shadow Vt 600 1996 À 2005 || Bomba Combustivel Gasolina Honda Shadow Vt 600 1996 À 2005na || Bomba Combustivel Honda Shadow 600 Carburada 2 Fios Gasolina || Bomba Combustivel Xvs Drag Star V Star 650 Virago Xv535,7895141638853|7896145265724,"R$ 18,45|R$ 19,85|R$ 20,95|R$ 22,55",Clássico|Premium,37.12,24.0,cadastro_fotos/12.png
120,Solenoid gasket,Manutenção automotiva,"Tianmen Fengcheng Trading Co. Ltd.
",11.01,24.0,,"Junta do solenóide, Material: Borracha e metal, Tamanho individual 6x4,5x0,5CM, caixa de papelão",MLB1991208688,MLB1991208688|MLB3271833971|MLB3374294788|MLB3558390215|MLB4340741952,5.0,25/03/2026 12:53,120,SKU 120,120,"15825-P2M-005
SKU:120",Solenoid gasket,"Solenoid gasket, Material: Rubber and metal, Individual Size 6x4,5x0,5CM, cardboard box","Junta do solenóide, Material: Borracha e metal, Tamanho individual 6x4,5x0,5CM, caixa de papelão",Material: Rubber and metal,Material: Borracha e metal,cardboard box,caixa de papelão,6.0,4.5,0.5,1.35e-05,4,"Individual Size 6x4,5x0,5CM",Manutenção automotiva,Em veículos automotores compatíveis,Revenda online,"160 - CHINA, REPÚBLICA POPULAR","Tianmen Fengcheng Trading Co. Ltd.
","Tianmen Fengcheng Trading Co. Ltd.
","Jingling Street, E-Commerce Industrial Park",S/N,Tianmen,Room 301,Hubei Province,Junta do solenóide,"Junta do solenóide, Material: Borracha e metal, Tamanho individual 6x4,5x0,5CM, caixa de papelão",Junta Anel Filtro Valvula Selenoide Vtec Honda Civic 1.6 1.7 || Junta Da Válvula Vtec Civic 1.7 Ex 2001 2002 2003 2004 2005 || Junta Da Válvula Vtec Civic Ex 2001 A 2005 - 1.7 || Junta Valvula Anel Filtro Solenoide Vtec Honda Civic 1.6 1.7 || Junta Valvula Vtec Honda Civic Ex 1998-2005 1.6 1.7 Original,7895139518983|7895141634114|7895141634138,"R$ 14,35|R$ 6,55|R$ 7,75",Clássico|Premium,11.01,24.0,cadastro_fotos/120.png
124,Multifunctional dog repeller,Manutenção automotiva,"Tianmen Fengcheng Trading Co. Ltd.
",17.16,24.0,,"Repelente multifuncional para cães, Material: Plástico, Tamanho individual 14x6x4CM, caixa de papelão",,,,25/03/2026 12:53,124,SKU 124,124,"SL-XQQ001
SKU: 124",Multifunctional dog repeller,"Multifunctional dog repeller,  Material: Plastic, Individual Size 14x6x4CM, cardboard box","Repelente multifuncional para cães, Material: Plástico, Tamanho individual 14x6x4CM, caixa de papelão", Material: Plastic,Material: Plástico,cardboard box,caixa de papelão,14.0,6.0,4.0,0.000336,8,Individual Size 14x6x4CM,Manutenção automotiva,Em veículos automotores compatíveis,Revenda online,"160 - CHINA, REPÚBLICA POPULAR","Tianmen Fengcheng Trading Co. Ltd.
","Tianmen Fengcheng Trading Co. Ltd.
","Jingling Street, E-Commerce Industrial Park",S/N,Tianmen,Room 301,Hubei Province,Repelente multifuncional para cães,"Repelente multifuncional para cães, Material: Plástico, Tamanho individual 14x6x4CM, caixa de papelão",,,,,17.16,24.0,cadastro_fotos/124.png
124-1,Multifunctional dog repellent  Yellow color,Aparelho ultrasônico repelente de cachorro,"Tianmen Fengcheng Trading Co. Ltd.
",11.8,24.0,,"Repelente multifuncional para cães, cor amarela, material: plástico ABS, tamanho individual 13x3x4cm, caixa de papelão.",MLB2929560184,MLB2929560184,1.0,25/03/2026 12:53,124-1,SKU 124-1,124-1,"SL-XQQ001
SKU:124.1",Multifunctional dog repellent  Yellow color,"Multifunctional dog repellent  Yellow color,  Material: Plastic ABS, Individual Size 13x3x4CM, cardboard box","Repelente multifuncional para cães, cor amarela, material: plástico ABS, tamanho individual 13x3x4cm, caixa de papelão.", Material: Plastic ABS,Material: Plástico ABS,cardboard box,caixa de papelão,13.0,3.0,4.0,0.000156,6,Individual Size 13x3x4CM,Aparelho ultrasônico repelente de cachorro,Uso Pessoal,Revenda online,"160 - CHINA, REPÚBLICA POPULAR","Tianmen Fengcheng Trading Co. Ltd.
","Tianmen Fengcheng Trading Co. Ltd.
","Jingling Street, E-Commerce Industrial Park",S/N,Tianmen,Room 301,Hubei Province,"Repelente multifuncional para cães, cor amarela.","Repelente multifuncional para cães, cor amarela, material: plástico ABS, tamanho individual 13x3x4cm, caixa de papelão.",Aparelho Anti Latido Pet Ultrassônico Para Cães Cachorro Amarelo,7898929678065,"R$ 6,55",Premium,11.8,24.0,cadastro_fotos/124-1.jpg
126,Double U type vibrator,Aparelho massageador,"Tianmen Fengcheng Trading Co. Ltd.
",148.45,24.0,,"Vibrador tipo Double U, Material: Silicone, plástico e metal, caixa de papelão",MLB1991211721,MLB1991211721,1.0,25/03/2026 12:53,126,SKU 126,126,SKU 126,Double U type vibrator,"Double U type vibrator, Material: Silicone plastic and metal, cardboard box","Vibrador tipo Double U, Material: Silicone, plástico e metal, caixa de papelão",Material: Silicone plastic and metal,Material: Plástico de silicone e metal,cardboard box,caixa de papelão,,,,0.0,,Individual Size xxCM,Aparelho massageador,Uso Pessoal,Revenda online,"160 - CHINA, REPÚBLICA POPULAR","Tianmen Fengcheng Trading Co. Ltd.
","Tianmen Fengcheng Trading Co. Ltd.
","Jingling Street, E-Commerce Industrial Park",S/N,Tianmen,Room 301,Hubei Province,Vibrador tipo U duplo,"Vibrador tipo Double U, Material: Silicone, plástico e metal, caixa de papelão",Vibrador Recarregável U C Clitóris Casal Usb Tipo We-vibe Violeta-escuro,7895139518952,"R$ 20,95",Premium,148.45,24.0,cadastro_fotos/126.png
127-17,Double U type vibrator,Aparelho massageador,"Tianmen Fengcheng Trading Co. Ltd.
",81.12,24.0,,"Vibrador tipo Double U, Material: Silicone, plástico e metal, caixa de papelão",,,,25/03/2026 12:53,127-17,SKU 127-17,127-17,SKU 127-17,Double U type vibrator,"Double U type vibrator, Material: Silicone plastic and metal, cardboard box","Vibrador tipo Double U, Material: Silicone, plástico e metal, caixa de papelão",Material: Silicone plastic and metal,Material: Plástico de silicone e metal,cardboard box,caixa de papelão,,,,0.0,,Individual Size xxCM,Aparelho massageador,Uso Pessoal,Revenda online,"160 - CHINA, REPÚBLICA POPULAR","Tianmen Fengcheng Trading Co. Ltd.
","Tianmen Fengcheng Trading Co. Ltd.
","Jingling Street, E-Commerce Industrial Park",S/N,Tianmen,Room 301,Hubei Province,Vibrador tipo U duplo,"Vibrador tipo Double U, Material: Silicone, plástico e metal, caixa de papelão",,,,,81.12,24.0,cadastro_fotos/127-17.png
127-9,Double U type vibrator,Aparelho ultrasônico repelente de cachorro,"Tianmen Fengcheng Trading Co. Ltd.
",81.12,24.0,,"Vibrador tipo Double U, Material: Silicone, plástico e metal, caixa de papelão",,,,25/03/2026 12:53,127-9,SKU 127-9,127-9,SKU 127-9,Double U type vibrator,"Double U type vibrator, Material: Silicone plastic and metal, cardboard box","Vibrador tipo Double U, Material: Silicone, plástico e metal, caixa de papelão",Material: Silicone plastic and metal,Material: Plástico de silicone e metal,cardboard box,caixa de papelão,,,,0.0,,Individual Size xxCM,Aparelho ultrasônico repelente de cachorro,Uso Pessoal,Revenda online,"160 - CHINA, REPÚBLICA POPULAR","Tianmen Fengcheng Trading Co. Ltd.
","Tianmen Fengcheng Trading Co. Ltd.
","Jingling Street, E-Commerce Industrial Park",S/N,Tianmen,Room 301,Hubei Province,Vibrador tipo U duplo,"Vibrador tipo Double U, Material: Silicone, plástico e metal, caixa de papelão",,,,,81.12,24.0,cadastro_fotos/127-9.png
129,Water and iron pipe detector scanner,Detector de cano de água,"Tianmen Fengcheng Trading Co. Ltd.
",141.17,24.0,,"Detector de tubulações de água e ferro, Material: Plástico e metal, caixa de papelão",,,,25/03/2026 12:53,129,SKU 129,129,SKU 129,Water and iron pipe detector scanner,"Water and iron pipe detector scanner,  Material: Plastic and metal, cardboard box","Detector de tubulações de água e ferro, Material: Plástico e metal, caixa de papelão", Material: Plastic and metal,Material: Plástico e metal,cardboard box,caixa de papelão,,,,0.0,,Individual Size xxCM,Detector de cano de água,Em obras e serviços de manutenção residencial,Revenda online,"160 - CHINA, REPÚBLICA POPULAR","Tianmen Fengcheng Trading Co. Ltd.
","Tianmen Fengcheng Trading Co. Ltd.
","Jingling Street, E-Commerce Industrial Park",S/N,Tianmen,Room 301,Hubei Province,scanner detector de tubulações de água e ferro,"Detector de tubulações de água e ferro, Material: Plástico e metal, caixa de papelão",,,,,141.17,24.0,cadastro_fotos/129.png
129-3,,,,141.18,24.0,,,,,,25/03/2026 12:53,129-3,,,,,,,,,,,,,,,,,,,,,,,,,,,,,,,,,,141.18,24.0,
134,Injector nozzle return hose for van,Manutenção automotiva,"Tianmen Fengcheng Trading Co. Ltd.
",50.97,24.0,,"Mangueira de retorno do bico injetor para van, Material: Plástico, Tamanho individual 22x22x2CM, caixa de papelão",MLB2988875377,MLB2988875377|MLB2988887230|MLB2988892377|MLB4343482804|MLB4343495522,5.0,25/03/2026 12:53,134,SKU 134,134,SKU 134,Injector nozzle return hose for van,"Injector nozzle return hose for van,  Material: Plastic, Individual Size 22x22x2CM, cardboard box","Mangueira de retorno do bico injetor para van, Material: Plástico, Tamanho individual 22x22x2CM, caixa de papelão", Material: Plastic,Material: Plástico,cardboard box,caixa de papelão,22.0,22.0,2.0,0.000968,,Individual Size 22x22x2CM,Manutenção automotiva,Em veículos automotores compatíveis,Revenda online,"160 - CHINA, REPÚBLICA POPULAR","Tianmen Fengcheng Trading Co. Ltd.
","Tianmen Fengcheng Trading Co. Ltd.
","Jingling Street, E-Commerce Industrial Park",S/N,Tianmen,Room 301,Hubei Province,Mangueira de retorno do bico injetor para van,"Mangueira de retorno do bico injetor para van, Material: Plástico, Tamanho individual 22x22x2CM, caixa de papelão",Mangueira De Retorno Dos Bicos Sprinter 311 - 415 - 515 || Mangueira De Retorno Dos Bicos Sprinter 311 - 415 / 515 || Mangueira De Retorno Dos Bicos Sprinter 311 / 415 / 515 || Mangueira Retorno Bico Injetor Sprinter 311 415 515 2012-19 || Mangueira Retorno Diesel Bico Injetor Sprinter 311 415 515,7895139518938,"R$ 18,45|R$ 20,75|R$ 20,95|R$ 22,55|R$ 23,65",Clássico|Premium,50.97,24.0,cadastro_fotos/134.png
137,Pressure regulating valve,Manutenção automotiva,"Tianmen Fengcheng Trading Co. Ltd.
",83.4,24.0,,"Válvula reguladora de pressão, Material: Metal, Dimensões individuais: 10x6,5x5,5 cm, Caixa de papelão",,,,25/03/2026 12:53,137,SKU 137,137,SKU 137,Pressure regulating valve,"Pressure regulating valve,  Material: Metal , Individual Size 10x6,5x5,5CM, cardboard box","Válvula reguladora de pressão, Material: Metal, Dimensões individuais: 10x6,5x5,5 cm, Caixa de papelão", Material: Metal ,Material: Metal,cardboard box,caixa de papelão,10.0,6.5,5.5,0.0003575,,"Individual Size 10x6,5x5,5CM",Manutenção automotiva,Em veículos automotores compatíveis,Revenda online,"160 - CHINA, REPÚBLICA POPULAR","Tianmen Fengcheng Trading Co. Ltd.
","Tianmen Fengcheng Trading Co. Ltd.
","Jingling Street, E-Commerce Industrial Park",S/N,Tianmen,Room 301,Hubei Province,Válvula reguladora de pressão,"Válvula reguladora de pressão, Material: Metal, Dimensões individuais: 10x6,5x5,5 cm, Caixa de papelão",,,,,83.4,24.0,cadastro_fotos/137.png
139,Intake air pressure sensor MAP sensor,Manutenção automotiva,"Tianmen Fengcheng Trading Co. Ltd.
",,,,"Sensor MAP (sensor de pressão de ar de admissão), Material: Plástico e metal, Dimensões individuais: 9x5x4cm, Caixa de papelão",,,,25/03/2026 12:53,139,SKU 139,139,SKU 139,Intake air pressure sensor MAP sensor,"Intake air pressure sensor MAP sensor,  Material: Plastic and metal, Individual Size 9x5x4CM, cardboard box","Sensor MAP (sensor de pressão de ar de admissão), Material: Plástico e metal, Dimensões individuais: 9x5x4cm, Caixa de papelão", Material: Plastic and metal,Material: Plástico e metal,cardboard box,caixa de papelão,9.0,5.0,4.0,0.00018,,Individual Size 9x5x4CM,Manutenção automotiva,Em veículos automotores compatíveis,Revenda online,"160 - CHINA, REPÚBLICA POPULAR","Tianmen Fengcheng Trading Co. Ltd.
","Tianmen Fengcheng Trading Co. Ltd.
","Jingling Street, E-Commerce Industrial Park",S/N,Tianmen,Room 301,Hubei Province,Sensor de pressão do ar de admissão Sensor MAP,"Sensor MAP (sensor de pressão de ar de admissão), Material: Plástico e metal, Dimensões individuais: 9x5x4cm, Caixa de papelão",,,,,,,cadastro_fotos/139.png
141,2usb-c Hdmi Network Hub Adapter,Hub períférico para microcomputadores,"Tianmen Fengcheng Trading Co. Ltd.
",39.6,24.0,,"Adaptador de Hub de Rede HDMI 2USB-C, Material: Plástico e metal, Dimensões individuais: 17x7x2cm, Caixa de papelão",MLB2155528272,MLB2155528272|MLB3336927641|MLB3559490787|MLB3692066514|MLB3692095662,5.0,25/03/2026 12:53,141,SKU 141,141,SKU 141,2usb-c Hdmi Network Hub Adapter,"2usb-c Hdmi Network Hub Adapter,  Material: Plastic and metal, Individual Size 17x7x2CM, cardboard box","Adaptador de Hub de Rede HDMI 2USB-C, Material: Plástico e metal, Dimensões individuais: 17x7x2cm, Caixa de papelão", Material: Plastic and metal,Material: Plástico e metal,cardboard box,caixa de papelão,17.0,7.0,2.0,0.000238,8,Individual Size 17x7x2CM,Hub períférico para microcomputadores,Uso pessoaç,Revenda online,"160 - CHINA, REPÚBLICA POPULAR","Tianmen Fengcheng Trading Co. Ltd.
","Tianmen Fengcheng Trading Co. Ltd.
","Jingling Street, E-Commerce Industrial Park",S/N,Tianmen,Room 301,Hubei Province,Adaptador de Hub de Rede HDMI 2USB-C,"Adaptador de Hub de Rede HDMI 2USB-C, Material: Plástico e metal, Dimensões individuais: 17x7x2cm, Caixa de papelão",Adaptador Hub Para Macbook Air M1 M2 8 Em 1 Usb-c Hdmi 4k Cinza || Adaptador Hub Para Macbook Pro Air Thunderbolt Usb C Hdmi 4k Cinza || Adaptador Hub Rede Rj45 2usb-c Hdmi Macbookpro 2016/17/18 Cinza || Hub Usb-c 8 Em 1 Com Hdmi 4k E Rj45 Para Macbook Pro Dell Cinza,7895141634220|7895141640382|7898929678195,"R$ 16,45|R$ 18,45|R$ 21,15",Clássico|Premium,39.6,24.0,cadastro_fotos/141.png
147,Spark plug 12620539,Manutenção automotiva,"Tianmen Fengcheng Trading Co. Ltd.
",25.23,24.0,,"Vela de ignição 12620539, Material: Metal, Tamanho individual 8,5x2x2CM, caixa de papelão",,,,25/03/2026 12:53,147,SKU 147,147,SKU 147-K4,Spark plug 12620539,"Spark plug 12620539,  Material: Metal, Individual Size 8,5x2x2CM, cardboard box","Vela de ignição 12620539, Material: Metal, Tamanho individual 8,5x2x2CM, caixa de papelão", Material: Metal,Material: Metal,cardboard box,caixa de papelão,8.5,2.0,2.0,3.4e-05,,"Individual Size 8,5x2x2CM",Manutenção automotiva,Em veículos automotores compatíveis,Revenda online,"160 - CHINA, REPÚBLICA POPULAR","Tianmen Fengcheng Trading Co. Ltd.
","Tianmen Fengcheng Trading Co. Ltd.
","Jingling Street, E-Commerce Industrial Park",S/N,Tianmen,Room 301,Hubei Province,Vela de ignição 12620539,"Vela de ignição 12620539, Material: Metal, Tamanho individual 8,5x2x2CM, caixa de papelão",,,,,25.23,24.0,cadastro_fotos/147.png
147-K4,Spark plug 12620540,Manutenção automotiva,"Tianmen Fengcheng Trading Co. Ltd.
",100.92,24.0,,"Vela de ignição 12620540, Material: Metal, caixa de papelão",,,,25/03/2026 12:53,147-K4,SKU 147-K4,147-K4,SKU 147-K4,Spark plug 12620540,"Spark plug 12620540,  Material: Metal, cardboard box","Vela de ignição 12620540, Material: Metal, caixa de papelão", Material: Metal,Material: Metal,cardboard box,caixa de papelão,,,,0.0,,Individual Size xxCM,Manutenção automotiva,Em veículos automotores compatíveis,Revenda online,"160 - CHINA, REPÚBLICA POPULAR","Tianmen Fengcheng Trading Co. Ltd.
","Tianmen Fengcheng Trading Co. Ltd.
","Jingling Street, E-Commerce Industrial Park",S/N,Tianmen,Room 301,Hubei Province,Vela de ignição 12620540,"Vela de ignição 12620540, Material: Metal, caixa de papelão",,,,,100.92,24.0,cadastro_fotos/147-K4.png
149,Iiridium Spark Plug Lzfr6ai,Manutenção automotiva,"Tianmen Fengcheng Trading Co. Ltd.
",,,,"Vela de ignição Iiridium Lzfr6ai, Material: Metal, Tamanho individual 8,5x2x2cm, caixa de papelão",,,,25/03/2026 12:53,149,SKU 149,149,SKU 149,Iiridium Spark Plug Lzfr6ai ,"Iiridium Spark Plug Lzfr6ai ,  Material: Metal, Individual Size 8,5x2x2CM, cardboard box","Vela de ignição Iiridium Lzfr6ai, Material: Metal, Tamanho individual 8,5x2x2cm, caixa de papelão", Material: Metal,Material: Metal,cardboard box,caixa de papelão,8.5,2.0,2.0,3.4e-05,,"Individual Size 8,5x2x2CM",Manutenção automotiva,Em veículos automotores compatíveis,Revenda online,"160 - CHINA, REPÚBLICA POPULAR","Tianmen Fengcheng Trading Co. Ltd.
","Tianmen Fengcheng Trading Co. Ltd.
","Jingling Street, E-Commerce Industrial Park",S/N,Tianmen,Room 301,Hubei Province,Vela de ignição de irídio Lzfr6ai,"Vela de ignição Iiridium Lzfr6ai, Material: Metal, Tamanho individual 8,5x2x2cm, caixa de papelão",,,,,,,cadastro_fotos/149.png
149-K4,Iridium spark plug kit LZFR6AI,Manutenção automotiva,"Tianmen Fengcheng Trading Co. Ltd.
",,,,"Kit de velas de ignição de irídio LZFR6AI, Material: Metal, caixa de papelão",,,,25/03/2026 12:53,149-K4,SKU 149-K4,149-K4,SKU 149-K4,Iridium spark plug kit LZFR6AI,"Iridium spark plug kit LZFR6AI,  Material: Metal, cardboard box","Kit de velas de ignição de irídio LZFR6AI, Material: Metal, caixa de papelão", Material: Metal,Material: Metal,cardboard box,caixa de papelão,,,,,,Individual Size xxCM,Manutenção automotiva,Em veículos automotores compatíveis,Revenda online,"160 - CHINA, REPÚBLICA POPULAR","Tianmen Fengcheng Trading Co. Ltd.
","Tianmen Fengcheng Trading Co. Ltd.
","Jingling Street, E-Commerce Industrial Park",S/N,Tianmen,Room 301,Hubei Province,Kit de velas de ignição de irídio LZFR6AI,"Kit de velas de ignição de irídio LZFR6AI, Material: Metal, caixa de papelão",,,,,,,cadastro_fotos/149-K4.png
15-1,Automotive ignition knock sensor,Manutenção automotiva,"Tianmen Fengcheng Trading Co. Ltd.
",32.16,24.0,,"Sensor de detonação automotivo, Material: Metal e plástico, Tamanho individual 9x4x4CM, caixa de papelão",MLB1985533200,MLB1985533200|MLB1985536370|MLB2925294409|MLB4333551086,4.0,25/03/2026 12:53,15-1,SKU 15-1,15-1,"18640-52D00
SKU 15-1",Automotive ignition knock sensor,"Automotive ignition knock sensor, Material: Metal and plastic, Individual Size 9x4x4CM, cardboard box","Sensor de detonação automotivo, Material: Metal e plástico, Tamanho individual 9x4x4CM, caixa de papelão",Material: Metal and plastic,Material: Metal e plástico,cardboard box,caixa de papelão,9.0,4.0,4.0,0.000144,75,Individual Size 9x4x4CM,Manutenção automotiva,Em veículos automotores compatíveis,Revenda online,"160 - CHINA, REPÚBLICA POPULAR","Tianmen Fengcheng Trading Co. Ltd.
","Tianmen Fengcheng Trading Co. Ltd.
","Jingling Street, E-Commerce Industrial Park",S/N,Tianmen,Room 301,Hubei Province,sensor de detonação de ignição automotiva,"Sensor de detonação automotivo, Material: Metal e plástico, Tamanho individual 9x4x4CM, caixa de papelão",Sensor De Detonação Tracker Suzuki Grand Vitara 2.0 16v || Sensor Detonação Tracker Suzuki 18640-78g00 Vitara Sx4 || Sensor Detonação Tracker Vitara 2.0 16v Gasolina 99 À 2019 || Sensor Tracker Suzuki Detonação 18640-78g00 Vitara Sx4,"7895141633919,7895141625723|7895141635050,7895141625723|7895141635067,7895141625723|7896259421030,7895141625723","R$ 14,35|R$ 16,45|R$ 18,45",Clássico|Premium,32.16,24.0,cadastro_fotos/15-1.png
150,Radiator water tank cover 13502353,Manutenção automotiva,"Tianmen Fengcheng Trading Co. Ltd.
",10.5,24.0,,"Tampa do reservatório de água do radiador 13502353, Material: Plástico, Tamanho individual 10x7x4CM, caixa de papelão",MLB1991264780,MLB1991264780|MLB1991268011,2.0,25/03/2026 12:53,150,SKU 150,150,SKU 150,Radiator water tank cover 13502353,"Radiator water tank cover 13502353,  Material: Plastic, Individual Size 10x7x4CM, cardboard box","Tampa do reservatório de água do radiador 13502353, Material: Plástico, Tamanho individual 10x7x4CM, caixa de papelão", Material: Plastic,Material: Plástico,cardboard box,caixa de papelão,10.0,7.0,4.0,0.00028,,Individual Size 10x7x4CM,Manutenção automotiva,Em veículos automotores compatíveis,Revenda online,"160 - CHINA, REPÚBLICA POPULAR","Tianmen Fengcheng Trading Co. Ltd.
","Tianmen Fengcheng Trading Co. Ltd.
","Jingling Street, E-Commerce Industrial Park",S/N,Tianmen,Room 301,Hubei Province,Tampa do reservatório de água do radiador 13502353,"Tampa do reservatório de água do radiador 13502353, Material: Plástico, Tamanho individual 10x7x4CM, caixa de papelão",Tampa Reservatório Agua Cruze Onix Spin Sonic Blazer S10 || Tampa Reservatório Água Radiador Spin /tracker Original,7896447500301,"R$ 7,75",Clássico,10.5,24.0,cadastro_fotos/150.png
151,Iiridium Spark Plug ZR5TPP33,Manutenção automotiva,"Tianmen Fengcheng Trading Co. Ltd.
",,,,"Vela de ignição Iiridium ZR5TPP33, Material: Metal, Tamanho individual 8,5x2x2CM, caixa de papelão",,,,25/03/2026 12:53,151,SKU 151,151,SKU 151,Iiridium Spark Plug ZR5TPP33,"Iiridium Spark Plug ZR5TPP33,  Material: Metal, Individual Size 8,5x2x2CM, cardboard box","Vela de ignição Iiridium ZR5TPP33, Material: Metal, Tamanho individual 8,5x2x2CM, caixa de papelão", Material: Metal,Material: Metal,cardboard box,caixa de papelão,8.5,2.0,2.0,3.4e-05,,"Individual Size 8,5x2x2CM",Manutenção automotiva,Em veículos automotores compatíveis,Revenda online,"160 - CHINA, REPÚBLICA POPULAR","Tianmen Fengcheng Trading Co. Ltd.
","Tianmen Fengcheng Trading Co. Ltd.
","Jingling Street, E-Commerce Industrial Park",S/N,Tianmen,Room 301,Hubei Province,Vela de ignição de irídio ZR5TPP33,"Vela de ignição Iiridium ZR5TPP33, Material: Metal, Tamanho individual 8,5x2x2CM, caixa de papelão",,,,,,,cadastro_fotos/151.png
151-K6,Iiridium Spark Plug ZR5TPP33,Manutenção automotiva,"Tianmen Fengcheng Trading Co. Ltd.
",117.5,24.0,,"Vela de ignição Iiridium ZR5TPP33, Material: Metal, caixa de papelão",,,,25/03/2026 12:53,151-K6,SKU 151-K6,151-K6,SKU 151-K6,Iiridium Spark Plug ZR5TPP33,"Iiridium Spark Plug ZR5TPP33,  Material: Metal, cardboard box","Vela de ignição Iiridium ZR5TPP33, Material: Metal, caixa de papelão", Material: Metal,Material: Metal,cardboard box,caixa de papelão,,,,0.0,,Individual Size xxCM,Manutenção automotiva,Em veículos automotores compatíveis,Revenda online,"160 - CHINA, REPÚBLICA POPULAR","Tianmen Fengcheng Trading Co. Ltd.
","Tianmen Fengcheng Trading Co. Ltd.
","Jingling Street, E-Commerce Industrial Park",S/N,Tianmen,Room 301,Hubei Province,Vela de ignição de irídio ZR5TPP33,"Vela de ignição Iiridium ZR5TPP33, Material: Metal, caixa de papelão",,,,,117.5,24.0,cadastro_fotos/151-K6.png
152,Platinun Pfr5n11 Spark Plugs,Manutenção automotiva,"Tianmen Fengcheng Trading Co. Ltd.
",26.23,24.0,,"Velas de ignição Platinun PFR5N11, Material: Metal, Tamanho individual 8,5x2x2cm, caixa de papelão",,,,25/03/2026 12:53,152,SKU 152,152,SKU 152,Platinun Pfr5n11 Spark Plugs,"Platinun Pfr5n11 Spark Plugs,  Material: Metal, Individual Size 8,5x2x2CM, cardboard box","Velas de ignição Platinun PFR5N11, Material: Metal, Tamanho individual 8,5x2x2cm, caixa de papelão", Material: Metal,Material: Metal,cardboard box,caixa de papelão,8.5,2.0,2.0,3.4e-05,,"Individual Size 8,5x2x2CM",Manutenção automotiva,Em veículos automotores compatíveis,Revenda online,"160 - CHINA, REPÚBLICA POPULAR","Tianmen Fengcheng Trading Co. Ltd.
","Tianmen Fengcheng Trading Co. Ltd.
","Jingling Street, E-Commerce Industrial Park",S/N,Tianmen,Room 301,Hubei Province,Velas de ignição Platinum PFR5N11,"Velas de ignição Platinun PFR5N11, Material: Metal, Tamanho individual 8,5x2x2cm, caixa de papelão",,,,,26.23,24.0,cadastro_fotos/152.png
152-K6,Platinun Pfr5n11 Spark Plugs kit,Manutenção automotiva,"Tianmen Fengcheng Trading Co. Ltd.
",157.38,24.0,,"Kit de velas de ignição Platinum PFR5N11, Material: Metal, caixa de papelão",MLB1986786024,MLB1986786024|MLB1986792691|MLB6021545472,3.0,25/03/2026 12:53,152-K6,SKU 152-K6,152-K6,SKU 152-K6,Platinun Pfr5n11 Spark Plugs kit,"Platinun Pfr5n11 Spark Plugs kit,  Material: Metal, cardboard box","Kit de velas de ignição Platinum PFR5N11, Material: Metal, caixa de papelão", Material: Metal,Material: Metal,cardboard box,caixa de papelão,,,,0.0,,Individual Size xxCM,Manutenção automotiva,Em veículos automotores compatíveis,Revenda online,"160 - CHINA, REPÚBLICA POPULAR","Tianmen Fengcheng Trading Co. Ltd.
","Tianmen Fengcheng Trading Co. Ltd.
","Jingling Street, E-Commerce Industrial Park",S/N,Tianmen,Room 301,Hubei Province,Kit de velas de ignição Platinum PFR5N11,"Kit de velas de ignição Platinum PFR5N11, Material: Metal, caixa de papelão",Jogo 6 Velas Ngk Platinum Santa Fe Tucson 2.7 V6 Pfr5n-11 || Jogo Velas Iridium Para Santa Fé 3.5 V6 285 Cv 2009/2011 || Jogo Velas Iridium Santa Fé 3.5 V6 285 Cv 2009/2011,7894900309836|7895141646704,"R$ 20,95|R$ 22,55",Premium,157.38,24.0,cadastro_fotos/152-K6.png
154,MAP Pressure Sensor Mr577031,Manutenção automotiva,"Tianmen Fengcheng Trading Co. Ltd.
",37.12,24.0,,"Sensor de pressão MAP Mr577031, Material: Plástico e metal, Dimensões individuais: 7x5x4,5 cm, caixa de papelão",MLB1991283594,MLB1991283594|MLB2991886117|MLB2991886131|MLB2991898563|MLB2991916441,5.0,25/03/2026 12:53,154,SKU 154,154,SKU 154,MAP Pressure Sensor Mr577031,"MAP Pressure Sensor Mr577031,  Material: Plastic and metal, Individual Size 7x5x4,5CM, cardboard box","Sensor de pressão MAP Mr577031, Material: Plástico e metal, Dimensões individuais: 7x5x4,5 cm, caixa de papelão", Material: Plastic and metal,Material: Plástico e metal,cardboard box,caixa de papelão,7.0,5.0,4.5,0.0001575,,"Individual Size 7x5x4,5CM",Manutenção automotiva,Em veículos automotores compatíveis,Revenda online,"160 - CHINA, REPÚBLICA POPULAR","Tianmen Fengcheng Trading Co. Ltd.
","Tianmen Fengcheng Trading Co. Ltd.
","Jingling Street, E-Commerce Industrial Park",S/N,Tianmen,Room 301,Hubei Province,Sensor de pressão MAP Mr577031,"Sensor de pressão MAP Mr577031, Material: Plástico e metal, Dimensões individuais: 7x5x4,5 cm, caixa de papelão",Sensor Map/ Pressão Turbina Mitsubishi L200 2.5 Diesel || Sensor Map/ Pressão Turbina Mitsubishi L200 Outdoor 2.5 || Sensor Modulador Turbina L200 Pajero Sport 2.5 Diesel Orig. || Sensor Pressão Map Turbina Pajero Triton L200 Dakar Mr577031 || Sensor Pressão Turbina Map Mr577031 Triton Pajero L200,7891991009164,"R$ 18,45|R$ 22,55",Clássico|Premium,37.12,24.0,cadastro_fotos/154.png
155,Vehicle Voltage Converter a2059053414,Manutenção automotiva,"Tianmen Fengcheng Trading Co. Ltd.
",89.5,24.0,,"Conversor de voltagem para veículos a2059053414, Material: Plástico e metal, Dimensões individuais: 11,3 x 10 x 2,5 cm, caixa de papelão",,,,25/03/2026 12:53,155,SKU 155,155,SKU 155,Vehicle Voltage Converter a2059053414,"Vehicle Voltage Converter a2059053414,  Material: Plastic and metal, Individual Size 11,3x10x2,5CM, cardboard box","Conversor de voltagem para veículos a2059053414, Material: Plástico e metal, Dimensões individuais: 11,3 x 10 x 2,5 cm, caixa de papelão", Material: Plastic and metal,Material: Plástico e metal,cardboard box,caixa de papelão,11.3,10.0,2.5,0.0002825,,"Individual Size 11,3x10x2,5CM",Manutenção automotiva,Em veículos automotores compatíveis,Revenda online,"160 - CHINA, REPÚBLICA POPULAR","Tianmen Fengcheng Trading Co. Ltd.
","Tianmen Fengcheng Trading Co. Ltd.
","Jingling Street, E-Commerce Industrial Park",S/N,Tianmen,Room 301,Hubei Province,Conversor de tensão do veículo a2059053414,"Conversor de voltagem para veículos a2059053414, Material: Plástico e metal, Dimensões individuais: 11,3 x 10 x 2,5 cm, caixa de papelão",,,,,89.5,24.0,cadastro_fotos/155.png
157-K4,,,,79.85,24.0,,,,,,25/03/2026 12:53,157-K4,,,,,,,,,,,,,,,,,,,,,,,,,,,,,,,,,,79.85,24.0,
158,Fuel Pressure Sensor 0281002937,Manutenção automotiva,"Tianmen Fengcheng Trading Co. Ltd.
",100.58,24.0,,"Sensor de pressão de combustível 0281002937, Material: Metal e plástico, Tamanho individual 6x3x3cm, caixa de papelão",,,,25/03/2026 12:53,158,SKU 158,158,SKU 158,Fuel Pressure Sensor 0281002937 ,"Fuel Pressure Sensor 0281002937 ,  Material: Metal and plastic, Individual Size 6x3x3CM, cardboard box","Sensor de pressão de combustível 0281002937, Material: Metal e plástico, Tamanho individual 6x3x3cm, caixa de papelão", Material: Metal and plastic,Material: Metal e plástico,cardboard box,caixa de papelão,6.0,3.0,3.0,5.4e-05,,Individual Size 6x3x3CM,Manutenção automotiva,Em veículos automotores compatíveis,Revenda online,"160 - CHINA, REPÚBLICA POPULAR","Tianmen Fengcheng Trading Co. Ltd.
","Tianmen Fengcheng Trading Co. Ltd.
","Jingling Street, E-Commerce Industrial Park",S/N,Tianmen,Room 301,Hubei Province,Sensor de pressão de combustível 0281002937,"Sensor de pressão de combustível 0281002937, Material: Metal e plástico, Tamanho individual 6x3x3cm, caixa de papelão",,,,,100.58,24.0,cadastro_fotos/158.png
158-1,Fuel Pressure Sensor 0281002937,Manutenção automotiva,"Tianmen Fengcheng Trading Co. Ltd.
",,,,"Sensor de pressão de combustível 0281002937, Material: Metal e plástico, Tamanho individual 6x3x3cm, caixa de papelão",,,,25/03/2026 12:53,158-1,SKU 158-1,158-1,SKU 158-1,Fuel Pressure Sensor 0281002937 ,"Fuel Pressure Sensor 0281002937 ,  Material: Metal and plastic, Individual Size 6x3x3CM, cardboard box","Sensor de pressão de combustível 0281002937, Material: Metal e plástico, Tamanho individual 6x3x3cm, caixa de papelão", Material: Metal and plastic,Material: Metal e plástico,cardboard box,caixa de papelão,6.0,3.0,3.0,5.4e-05,,Individual Size 6x3x3CM,Manutenção automotiva,Em veículos automotores compatíveis,Revenda online,"160 - CHINA, REPÚBLICA POPULAR","Tianmen Fengcheng Trading Co. Ltd.
","Tianmen Fengcheng Trading Co. Ltd.
","Jingling Street, E-Commerce Industrial Park",S/N,Tianmen,Room 301,Hubei Province,Sensor de pressão de combustível 0281002937,"Sensor de pressão de combustível 0281002937, Material: Metal e plástico, Tamanho individual 6x3x3cm, caixa de papelão",,,,,,,cadastro_fotos/158-1.png
16,Vehicle radiator temperature sensor,Manutenção automotiva,"Tianmen Fengcheng Trading Co. Ltd.
",5.04,24.0,,"Sensor de temperatura do radiador do veículo, Material: metal, plástico e borracha, Tamanho individual 6x3x3cm, caixa de papelão",MLB1984819034,MLB1984819034|MLB2935746873|MLB2935753005|MLB2935823315,4.0,25/03/2026 12:53,16,SKU 16,16,"37760P00003 
SKU 16",Vehicle radiator temperature sensor,"Vehicle radiator temperature sensor, Material: metal plastic and rubber, Individual Size 6x3x3CM, cardboard box","Sensor de temperatura do radiador do veículo, Material: metal, plástico e borracha, Tamanho individual 6x3x3cm, caixa de papelão",Material: metal plastic and rubber,"Material: metal, plástico e borracha",cardboard box,caixa de papelão,6.0,3.0,3.0,5.4e-05,42,Individual Size 6x3x3CM,Manutenção automotiva,Em veículos automotores compatíveis,Revenda online,"160 - CHINA, REPÚBLICA POPULAR","Tianmen Fengcheng Trading Co. Ltd.
","Tianmen Fengcheng Trading Co. Ltd.
","Jingling Street, E-Commerce Industrial Park",S/N,Tianmen,Room 301,Hubei Province,sensor de temperatura do radiador do veículo,"Sensor de temperatura do radiador do veículo, Material: metal, plástico e borracha, Tamanho individual 6x3x3cm, caixa de papelão",Cebolão Interruptor Ventoinha Honda Civic 1.7 2001 2002 2003 || Cebolão Interruptor Ventoinha Honda Civic 1.7 2001 2002 2006 || Cebolão Interruptor Ventoinha Honda Fit 1.4 2003 2004 2005 || Sensor Cebolão Radiador Honda Civic 1.7 2002 2003 2004 2005,7895139518457|7895139518518,"R$ 18,45|R$ 20,95|R$ 7,75",Premium,5.04,24.0,cadastro_fotos/16.png
160,Chrome exhaust for vehicles,Manutenção automotiva,"Tianmen Fengcheng Trading Co. Ltd.
",37.01,24.0,,"Escapamento cromado para veículos, Material: Metal, caixa de papelão",MLB2068416358,MLB2068416358|MLB2929577661|MLB2929577668|MLB2929577676|MLB3310247655|MLB4485936079|MLB6296243040,7.0,25/03/2026 12:53,160,SKU 160,160,SKU 160,Chrome exhaust for vehicles,"Chrome exhaust for vehicles,  Material: Metal, cardboard box","Escapamento cromado para veículos, Material: Metal, caixa de papelão", Material: Metal,Material: Metal,cardboard box,caixa de papelão,,,,0.0,,Individual Size xxCM,Manutenção automotiva,Em veículos automotores compatíveis,Revenda online,"160 - CHINA, REPÚBLICA POPULAR","Tianmen Fengcheng Trading Co. Ltd.
","Tianmen Fengcheng Trading Co. Ltd.
","Jingling Street, E-Commerce Industrial Park",S/N,Tianmen,Room 301,Hubei Province,Escapamento cromado para veículos,"Escapamento cromado para veículos, Material: Metal, caixa de papelão",Acessorios Ponteira Escape Honda Civic Touring Turbo G10 || Acessorios Ponteira Inox Civic G10 2017 2018 2020 Geração 10 Cinza || Acessórios Honda Civic G10 2017 18 19 Ponteira Escapamento S Cinza || Ponteira De Escapamento Honda New Civic City Fit Hrv Crv Prateado || Ponteira De Escapamento Inox Honda Civic G10 2017 18 19 20 || Ponteira Escape Angular Toyota Yaris Corolla Sw4 || Ponteira Honda Civic 2017 2018 2019 2020 . G-10 Em Aço Inox,7896336809652,"R$ 16,15|R$ 18,45|R$ 20,75|R$ 22,55|R$ 23,65",Clássico|Premium,37.01,24.0,cadastro_fotos/160.png
160-K,Set of two chrome exhaust pipes for vehicles.,Manutenção automotiva,"Tianmen Fengcheng Trading Co. Ltd.
",74.36,24.0,,"Conjunto de dois tubos de escape cromados para veículos. Material: Metal, caixa de papelão.",MLB2929686863,MLB2929686863|MLB2929724640|MLB2929724830|MLB3591654052|MLB3796645969,5.0,25/03/2026 12:53,160-K,SKU 160-K,160-K,SKU 160-K,Set of two chrome exhaust pipes for vehicles.,"Set of two chrome exhaust pipes for vehicles.,  Material: Metal, cardboard box","Conjunto de dois tubos de escape cromados para veículos. Material: Metal, caixa de papelão.", Material: Metal,Material: Metal,cardboard box,caixa de papelão,,,,0.0,,Individual Size xxCM,Manutenção automotiva,Em veículos automotores compatíveis,Revenda online,"160 - CHINA, REPÚBLICA POPULAR","Tianmen Fengcheng Trading Co. Ltd.
","Tianmen Fengcheng Trading Co. Ltd.
","Jingling Street, E-Commerce Industrial Park",S/N,Tianmen,Room 301,Hubei Province,Conjunto de dois tubos de escape cromados para veículos.,"Conjunto de dois tubos de escape cromados para veículos. Material: Metal, caixa de papelão.",Acessorios Honda Civic Touring Turbo G10 Ponteira Par Top Cinza || Acessorios Honda Civic Touring Turbo G10 Ponteira Par Top Ho || Par Ponteira De Escape  Honda Civic Touring Turbo G10 || Ponteira De Escape  Honda Civic Touring Turbo G10  Par  Cinza || Ponteira De Escape  Honda Civic Touring Turbo G10  Par  Cromado,004184306552|7895141629257|7896336809652,"R$ 24,65",Clássico|Premium,74.36,24.0,cadastro_fotos/160-K.png
167,90º extension valve Adapted to motorcycle tires,Manutenção automotiva,"Tianmen Fengcheng Trading Co. Ltd.
",3.01,20.0,,"Válvula de extensão de 90º adaptada para pneus de motocicleta, Material: Metal, Tamanho individual 4x3x1CM, caixa de papelão",MLB2026742005,MLB2026742005|MLB2939497937|MLB2939497942,3.0,25/03/2026 12:53,167,SKU 167,167,"PPM90
SKU:167",90º extension valve Adapted to motorcycle tires,"90º extension valve Adapted to motorcycle tires,  Material: Metal, Individual Size 4x3x1CM, cardboard box","Válvula de extensão de 90º adaptada para pneus de motocicleta, Material: Metal, Tamanho individual 4x3x1CM, caixa de papelão", Material: Metal,Material: Metal,cardboard box,caixa de papelão,4.0,3.0,1.0,1.2e-05,14,Individual Size 4x3x1CM,Manutenção automotiva,Em veículos automotores compatíveis,Revenda online,"160 - CHINA, REPÚBLICA POPULAR","Tianmen Fengcheng Trading Co. Ltd.
","Tianmen Fengcheng Trading Co. Ltd.
","Jingling Street, E-Commerce Industrial Park",S/N,Tianmen,Room 301,Hubei Province,Válvula de extensão de 90º adaptada para pneus de motocicleta.,"Válvula de extensão de 90º adaptada para pneus de motocicleta, Material: Metal, Tamanho individual 4x3x1CM, caixa de papelão",Extensor Válvula Bico Pneu 90 Graus Bike Moto Adaptador Prateado || Extensor Válvula Bico Pneu 90 Graus Silver Moto Adaptador Prateado,789123400224|7896336809423,"R$ 6,55|R$ 6,75",Clássico,3.01,20.0,cadastro_fotos/167.png
167-1,,,,3.01,20.0,,,MLB4315801277,MLB4315801277|MLB5950551696,2.0,25/03/2026 12:53,167-1,,,,,,,,,,,,,,,,,,,,,,,,,,,,,,Alongador Bico Do Pneu Válvula Moto Carro Bike 45 Graus || Extensor Válvula Bico Pneu 45 Graus Silver Moto Adaptador Prateado,7895141649613|7895141649620,"R$ 6,55",Clássico,3.01,20.0,
167-1K,,,,6.02,20.0,,,MLB4319301377,MLB4319301377|MLB5956186382,2.0,25/03/2026 12:53,167-1K,,,,,,,,,,,,,,,,,,,,,,,,,,,,,,2x Extensor Válvula Bico Pneu 45° Bike Moto Prateado || Par Alongador Bico Do Pneu Válvula Moto Carro Bike 45 Graus,7895141649637|7895141649644,"R$ 6,55",Clássico,6.02,20.0,
167-2,,,,3.01,20.0,,,MLB4319570435,MLB4319570435|MLB5956982160|MLB5957033968,3.0,25/03/2026 12:53,167-2,,,,,,,,,,,,,,,,,,,,,,,,,,,,,,Extensor Válvula Bico 135° Silver Para Bicicleta Prateado || Extensor Válvula Bico Pneu 135 Graus Silver Moto Adaptador || Válvula Extensora 135° Silver Para Bicicleta Prateado,1111865120976|7895141650367,"R$ 6,55|R$ 6,65",Clássico,3.01,20.0,
167-2K,,,,6.02,20.0,,,MLB5956895894,MLB5956895894|MLB5957012000|MLB5957137660,3.0,25/03/2026 12:53,167-2K,,,,,,,,,,,,,,,,,,,,,,,,,,,,,,Par Extensor Válvula Bico 135 Graus Silver Moto Adaptador Prateado || Válvula Extensora 135° Para Bicicleta Moto Silver Prateado || Válvula Extensora 135° Para Bicicleta Silver Prateado,1111865120976,"R$ 6,65",Clássico,6.02,20.0,
167-K,,,,6.02,20.0,,,MLB2939511483,MLB2939511483|MLB2939608866|MLB3658010579,3.0,25/03/2026 12:53,167-K,,,,,,,,,,,,,,,,,,,,,,,,,,,,,,2x Extensor Válvula Bico Pneu 90 Grau Bike Moto Carro Adapt || 2x Extensor Válvula Bico Pneu 90 Graus Bike Moto Adaptador Prateado,789123400224|7896336809669|7909070486727,"R$ 6,55|R$ 7,75",Clássico,6.02,20.0,
169-K,Pair of 90º sport valves adapted for motorcycle tires.,Manutenção automotiva,"Tianmen Fengcheng Trading Co. Ltd.
",13.39,24.0,,Par de válvulas esportivas de 90º adaptadas para pneus de motocicleta. Material: Metal. Dimensões individuais: 4x3x2cm. Embalagem: caixa de papelão.,MLB2031692044,MLB2031692044|MLB2939965585|MLB3653649123,3.0,25/03/2026 12:53,169-K,SKU 169-K,169-K,SKU 169-K,Pair of 90º sport valves adapted for motorcycle tires.,"Pair of 90º sport valves adapted for motorcycle tires.,  Material: Metal, Individual Size 4x3x2CM, cardboard box",Par de válvulas esportivas de 90º adaptadas para pneus de motocicleta. Material: Metal. Dimensões individuais: 4x3x2cm. Embalagem: caixa de papelão., Material: Metal,Material: Metal,cardboard box,caixa de papelão,4.0,3.0,2.0,2.4e-05,,Individual Size 4x3x2CM,Manutenção automotiva,Em veículos automotores compatíveis,Revenda online,"160 - CHINA, REPÚBLICA POPULAR","Tianmen Fengcheng Trading Co. Ltd.
","Tianmen Fengcheng Trading Co. Ltd.
","Jingling Street, E-Commerce Industrial Park",S/N,Tianmen,Room 301,Hubei Province,Par de válvulas esportivas de 90º adaptadas para pneus de motocicleta.,Par de válvulas esportivas de 90º adaptadas para pneus de motocicleta. Material: Metal. Dimensões individuais: 4x3x2cm. Embalagem: caixa de papelão.,Par Válvula Bico Esportivo Pneu Moto 90 Graus Alumínio || Válvula Bico Esportivo Pneu Moto 90 Graus Alumínio (par) || Válvulas De Ar (bico De Roda 11.3mm) Artic. 90º Para Motos,789123400224|7895141637993|7896072922486,"R$ 7,75|R$ 7,95",Clássico|Premium,13.39,24.0,cadastro_fotos/169-K.png
170,Spark Plug 90919-01164,Manutenção automotiva,"Tianmen Fengcheng Trading Co. Ltd.
",,,,"Vela de ignição 90919-01164, Material: Metal, caixa de papelão",,,,25/03/2026 12:53,170,SKU 170,170,SKU 170,Spark Plug 90919-01164,"Spark Plug 90919-01164,  Material: Metal, cardboard box","Vela de ignição 90919-01164, Material: Metal, caixa de papelão", Material: Metal,Material: Metal,cardboard box,caixa de papelão,,,,,,Individual Size xxCM,Manutenção automotiva,Em veículos automotores compatíveis,Revenda online,"160 - CHINA, REPÚBLICA POPULAR","Tianmen Fengcheng Trading Co. Ltd.
","Tianmen Fengcheng Trading Co. Ltd.
","Jingling Street, E-Commerce Industrial Park",S/N,Tianmen,Room 301,Hubei Province,Vela de ignição 90919-01164,"Vela de ignição 90919-01164, Material: Metal, caixa de papelão",,,,,,,cadastro_fotos/170.png
170-K4,Spark Plug kit 90919-01164,Manutenção automotiva,"Tianmen Fengcheng Trading Co. Ltd.
",66.92,24.0,,"Kit de velas de ignição 90919-01164, Material: Metal, caixa de papelão",,,,25/03/2026 12:53,170-K4,SKU 170-K4,170-K4,170-K4,Spark Plug kit 90919-01164,"Spark Plug kit 90919-01164,  Material: Metal, cardboard box","Kit de velas de ignição 90919-01164, Material: Metal, caixa de papelão", Material: Metal,Material: Metal,cardboard box,caixa de papelão,,,,0.0,,Individual Size xxCM,Manutenção automotiva,Em veículos automotores compatíveis,Revenda online,"160 - CHINA, REPÚBLICA POPULAR","Tianmen Fengcheng Trading Co. Ltd.
","Tianmen Fengcheng Trading Co. Ltd.
","Jingling Street, E-Commerce Industrial Park",S/N,Tianmen,Room 301,Hubei Province,Kit de velas de ignição 90919-01164,"Kit de velas de ignição 90919-01164, Material: Metal, caixa de papelão",,,,,66.92,24.0,cadastro_fotos/170-K4.png
173,Vehicle fan module,Manutenção automotiva,"Tianmen Fengcheng Trading Co. Ltd.
",,,,"Módulo de ventoinha para veículo, Material: Metal e plástico, caixa de papelão",,,,25/03/2026 12:53,173,SKU 173,173,173,Vehicle fan module,"Vehicle fan module,  Material: Metal and plastic, cardboard box","Módulo de ventoinha para veículo, Material: Metal e plástico, caixa de papelão", Material: Metal and plastic,Material: Metal e plástico,cardboard box,caixa de papelão,,,,,,Individual Size xxCM,Manutenção automotiva,Em veículos automotores compatíveis,Revenda online,"160 - CHINA, REPÚBLICA POPULAR","Tianmen Fengcheng Trading Co. Ltd.
","Tianmen Fengcheng Trading Co. Ltd.
","Jingling Street, E-Commerce Industrial Park",S/N,Tianmen,Room 301,Hubei Province,Módulo de ventoinha do veículo,"Módulo de ventoinha para veículo, Material: Metal e plástico, caixa de papelão",,,,,,,cadastro_fotos/173.png
176,High Common Fuel Rail Pressure Sensor,Manutenção automotiva,"Tianmen Fengcheng Trading Co. Ltd.
",60.21,24.0,,"Sensor de pressão do trilho de combustível de alta resistência, Material: Metal e plástico, Tamanho individual 6x3x3CM, caixa de papelão",,,,25/03/2026 12:53,176,SKU 176,176,"55PP40-02
SKU:176",High Common Fuel Rail Pressure Sensor ,"High Common Fuel Rail Pressure Sensor ,  Material: Metal and plastic, Individual Size 6x3x3CM, cardboard box","Sensor de pressão do trilho de combustível de alta resistência, Material: Metal e plástico, Tamanho individual 6x3x3CM, caixa de papelão", Material: Metal and plastic,Material: Metal e plástico,cardboard box,caixa de papelão,6.0,3.0,3.0,5.4e-05,65,Individual Size 6x3x3CM,Manutenção automotiva,Em veículos automotores compatíveis,Revenda online,"160 - CHINA, REPÚBLICA POPULAR","Tianmen Fengcheng Trading Co. Ltd.
","Tianmen Fengcheng Trading Co. Ltd.
","Jingling Street, E-Commerce Industrial Park",S/N,Tianmen,Room 301,Hubei Province,Sensor de alta pressão comum do trilho de combustível,"Sensor de pressão do trilho de combustível de alta resistência, Material: Metal e plástico, Tamanho individual 6x3x3CM, caixa de papelão",,,,,60.21,24.0,cadastro_fotos/176.png
18,Vehicle fuel pump,Manutenção automotiva,"Tianmen Fengcheng Trading Co. Ltd.
",225.57,24.0,,"Bomba de combustível para veículo, Material: metal e plástico, Dimensões individuais: 31x17x17cm, caixa de papelão",MLB1985554370,MLB1985554370|MLB1985554385|MLB2895026084|MLB2895044652,4.0,25/03/2026 12:53,18,SKU 18,18,SKU 18,Vehicle fuel pump,"Vehicle fuel pump, Material: metal and plastic, Individual Size 31x17x17CM, cardboard box","Bomba de combustível para veículo, Material: metal e plástico, Dimensões individuais: 31x17x17cm, caixa de papelão",Material: metal and plastic,Material: metal e plástico,cardboard box,caixa de papelão,31.0,17.0,17.0,0.008959,,Individual Size 31x17x17CM,Manutenção automotiva,Em veículos automotores compatíveis,Revenda online,"160 - CHINA, REPÚBLICA POPULAR","Tianmen Fengcheng Trading Co. Ltd.
","Tianmen Fengcheng Trading Co. Ltd.
","Jingling Street, E-Commerce Industrial Park",S/N,Tianmen,Room 301,Hubei Province,Bomba de combustível do veículo,"Bomba de combustível para veículo, Material: metal e plástico, Dimensões individuais: 31x17x17cm, caixa de papelão",Bomba Combustível Ford Focus 2.0 16v Duratec 08/09 Gasolina || Bomba Combustível P/ Ford Focus 2.0 16v Duratec 2009 Gasoli || Bomba De Combustível Ford Focus 2.0 16v Duratec 2009,7891234000224|7895139518464,"R$ 24,65",Clássico|Premium,225.57,24.0,cadastro_fotos/18.png
18-REFIL,Engine refill for fuel pump maintenance,Manutenção automotiva,"Tianmen Fengcheng Trading Co. Ltd.
",,,,"Refil para bomba de combustível, Material: metal e plástico, caixa de papelão",,,,25/03/2026 12:53,18-REFIL,SKU 18-Refil,18-Refil,SKU 19,Engine refill for fuel pump maintenance,"Engine refill for fuel pump maintenance, Material: metal and plastic, cardboard box","Refil para bomba de combustível, Material: metal e plástico, caixa de papelão",Material: metal and plastic,Material: metal e plástico,cardboard box,caixa de papelão,,,,0.0,,Individual Size xxCM,Manutenção automotiva,Em veículos automotores compatíveis,Revenda online,"160 - CHINA, REPÚBLICA POPULAR","Tianmen Fengcheng Trading Co. Ltd.
","Tianmen Fengcheng Trading Co. Ltd.
","Jingling Street, E-Commerce Industrial Park",S/N,Tianmen,Room 301,Hubei Province,Reabastecimento do motor para manutenção da bomba de combustível,"Refil para bomba de combustível, Material: metal e plástico, caixa de papelão",,,,,,,
18-TUBO,Corrugated tubing for fuel pump maintenance,Manutenção automotiva,"Tianmen Fengcheng Trading Co. Ltd.
",,,,"Tubo corrugado para manutenção da bomba de combustível, Material: Plástico, saco plástico",,,,25/03/2026 12:53,18-TUBO,SKU 18-Tubo,18-Tubo,SKU Tubo,Corrugated tubing for fuel pump maintenance,"Corrugated tubing for fuel pump maintenance, Material: Plastic, plastic bag","Tubo corrugado para manutenção da bomba de combustível, Material: Plástico, saco plástico",Material: Plastic,Material: Plástico,plastic bag,saco plástico,,,,0.0,,Individual Size xxCM,Manutenção automotiva,Em veículos automotores compatíveis,Revenda online,"160 - CHINA, REPÚBLICA POPULAR","Tianmen Fengcheng Trading Co. Ltd.
","Tianmen Fengcheng Trading Co. Ltd.
","Jingling Street, E-Commerce Industrial Park",S/N,Tianmen,Room 301,Hubei Province,Tubo corrugado para manutenção da bomba de combustível,"Tubo corrugado para manutenção da bomba de combustível, Material: Plástico, saco plástico",,,,,,,
181,"Pair of dynamic blue and yellow LED rearview mirror signal lights, 5W, 12V",Manutenção automotiva,"Tianmen Fengcheng Trading Co. Ltd.
",40.78,24.0,,"Par de luzes de sinalização traseiras em LED azul e amarelo, 5W, 12V, Material: ABS/PC + LED, Tamanho individual 16x8x8cm, caixa de papelão",MLB1992383814,MLB1992383814|MLB2991925626|MLB2991949069,3.0,25/03/2026 12:53,181,SKU 181,181,"AUD62025-L
AUD62024-R
SKU:181","Pair of dynamic blue and yellow LED rearview mirror signal lights, 5W, 12V","Pair of dynamic blue and yellow LED rearview mirror signal lights, 5W, 12V, Material: ABS/PC + LED Ligth, Individual Size 16x8x8CM, cardboard box","Par de luzes de sinalização traseiras em LED azul e amarelo, 5W, 12V, Material: ABS/PC + LED, Tamanho individual 16x8x8cm, caixa de papelão",Material: ABS/PC + LED Ligth,Material: ABS/PC + Luz LED,cardboard box,caixa de papelão,16.0,8.0,8.0,0.001024,250,Individual Size 16x8x8CM,Manutenção automotiva,Em veículos automotores compatíveis,Revenda online,"160 - CHINA, REPÚBLICA POPULAR","Tianmen Fengcheng Trading Co. Ltd.
","Tianmen Fengcheng Trading Co. Ltd.
","Jingling Street, E-Commerce Industrial Park",S/N,Tianmen,Room 301,Hubei Province,"Par de luzes de sinalização traseiras em LED azul e amarelo, 5W, 12V","Par de luzes de sinalização traseiras em LED azul e amarelo, 5W, 12V, Material: ABS/PC + LED, Tamanho individual 16x8x8cm, caixa de papelão",Par Pisca Seta Sequencial Retrovisor Focus 2014 2015 2016 Dourado-escuro || Par Seta Retrovisor Sequencial Led Focus Mk2 Mk3 2008 A 2018 Preto || Seta Retrovisor Sequencial Led Ford Focus Mk2mk3 2008 A 2018 Dourado-escuro,7895139518631|7895141631991,"R$ 20,95",Clássico|Premium,40.78,24.0,cadastro_fotos/181.jpg
187,Vehicle pressure sensor,Manutenção automotiva,"Tianmen Fengcheng Trading Co. Ltd.
",65.44,24.0,,"Sensor de pressão do veículo, Material: Plástico e metal, caixa de papelão",,,,25/03/2026 12:53,187,SKU 187,187,SKU 187,Vehicle pressure sensor,"Vehicle pressure sensor,  Material: Plastic and metal, cardboard box","Sensor de pressão do veículo, Material: Plástico e metal, caixa de papelão", Material: Plastic and metal,Material: Plástico e metal,cardboard box,caixa de papelão,,,,,,Individual Size xxCM,Manutenção automotiva,Em veículos automotores compatíveis,Revenda online,"160 - CHINA, REPÚBLICA POPULAR","Tianmen Fengcheng Trading Co. Ltd.
","Tianmen Fengcheng Trading Co. Ltd.
","Jingling Street, E-Commerce Industrial Park",S/N,Tianmen,Room 301,Hubei Province,Sensor de pressão do veículo,"Sensor de pressão do veículo, Material: Plástico e metal, caixa de papelão",,,,,65.44,24.0,cadastro_fotos/187.png
189-1,Pickup rear door shock absorber handle right side,Manutenção automotiva,"Tianmen Fengcheng Trading Co. Ltd.
",22.97,24.0,,"Alça do amortecedor da porta traseira direita da picape, Material: Metal, caixa de papelão",-,-,1.0,25/03/2026 12:53,189-1,SKU 189-1,189-1,SKU 189-1,Pickup rear door shock absorber handle right side,"Pickup rear door shock absorber handle right side, Material : Metal , cardboard box","Alça do amortecedor da porta traseira direita da picape, Material: Metal, caixa de papelão",Material : Metal ,Material: Metal,cardboard box,caixa de papelão,,,,0.0,,Individual Size xxCM,Manutenção automotiva,Em veículos automotores compatíveis,Revenda online,"160 - CHINA, REPÚBLICA POPULAR","Tianmen Fengcheng Trading Co. Ltd.
","Tianmen Fengcheng Trading Co. Ltd.
","Jingling Street, E-Commerce Industrial Park",S/N,Tianmen,Room 301,Hubei Province,"Alça do amortecedor da porta traseira da picape, lado direito","Alça do amortecedor da porta traseira direita da picape, Material: Metal, caixa de papelão",-,789123400224|7895141626614,-,-,22.97,24.0,cadastro_fotos/189-1.png
189-2,Pickup rear door shock absorber handle left side,Manutenção automotiva,"Tianmen Fengcheng Trading Co. Ltd.
",22.97,24.0,,"Alça do amortecedor da porta traseira esquerda da picape, Material: Metal, caixa de papelão",-,-,1.0,25/03/2026 12:53,189-2,SKU 189-2,189-2,SKU 189-2,Pickup rear door shock absorber handle left side,"Pickup rear door shock absorber handle left side, Material : Metal , cardboard box","Alça do amortecedor da porta traseira esquerda da picape, Material: Metal, caixa de papelão",Material : Metal ,Material: Metal,cardboard box,caixa de papelão,,,,0.0,,Individual Size xxCM,Manutenção automotiva,Em veículos automotores compatíveis,Revenda online,"160 - CHINA, REPÚBLICA POPULAR","Tianmen Fengcheng Trading Co. Ltd.
","Tianmen Fengcheng Trading Co. Ltd.
","Jingling Street, E-Commerce Industrial Park",S/N,Tianmen,Room 301,Hubei Province,"Alça do amortecedor da porta traseira da picape, lado esquerdo","Alça do amortecedor da porta traseira esquerda da picape, Material: Metal, caixa de papelão",-,789123400224|7895141626621,-,-,22.97,24.0,cadastro_fotos/189-2.png
189-K,Pickup tailgate shock absorber kit,Manutenção automotiva,"Tianmen Fengcheng Trading Co. Ltd.
",45.95,24.0,,"Kit de amortecedores para porta traseira de picape, Material: Metal, Tamanho individual: 26x27,5x4cm, Caixa de papelão",,,,25/03/2026 12:53,189-K,SKU 189-K,189-K,"JTGS002 
SKU:189-K",Pickup tailgate shock absorber kit,"Pickup tailgate shock absorber kit, Material : Metal , Individual Size 26x27,5x4CM, cardboard box","Kit de amortecedores para porta traseira de picape, Material: Metal, Tamanho individual: 26x27,5x4cm, Caixa de papelão",Material : Metal ,Material: Metal,cardboard box,caixa de papelão,26.0,27.5,4.0,0.00286,59,"Individual Size 26x27,5x4CM",Manutenção automotiva,Em veículos automotores compatíveis,Revenda online,"160 - CHINA, REPÚBLICA POPULAR","Tianmen Fengcheng Trading Co. Ltd.
","Tianmen Fengcheng Trading Co. Ltd.
","Jingling Street, E-Commerce Industrial Park",S/N,Tianmen,Room 301,Hubei Province,Kit de amortecedores para porta traseira de picape,"Kit de amortecedores para porta traseira de picape, Material: Metal, Tamanho individual: 26x27,5x4cm, Caixa de papelão",,,,,45.95,24.0,cadastro_fotos/189-K.png
19-1,Automatic Transmission Shift Lever for Vehicle,Manutenção automotiva,"Tianmen Fengcheng Trading Co. Ltd.
",26.12,24.0,,"Alavanca de câmbio automática para veículos, Material: Plástico ABS e borracha, Dimensões individuais: 6x8x12,5 cm, Embalagem em caixa de papelão",MLB1754398064,MLB1754398064|MLB1754398068|MLB1754398071|MLB1754403273|MLB1754403275|MLB1754406574,6.0,25/03/2026 12:53,19-1,SKU 19-1,19-1,SKU:19.1,Automatic Transmission Shift Lever for Vehicle,"Automatic Transmission Shift Lever for Vehicle, Material: ABS Plastic and rubber, Individual Size 6x8x12,5CM, cardboard box","Alavanca de câmbio automática para veículos, Material: Plástico ABS e borracha, Dimensões individuais: 6x8x12,5 cm, Embalagem em caixa de papelão",Material: ABS Plastic and rubber,Material: Plástico ABS e borracha,cardboard box,caixa de papelão,6.0,8.0,12.5,0.0006,165,"Individual Size 6x8x12,5CM",Manutenção automotiva,Em veículos automotores compatíveis,Revenda online,"160 - CHINA, REPÚBLICA POPULAR","Tianmen Fengcheng Trading Co. Ltd.
","Tianmen Fengcheng Trading Co. Ltd.
","Jingling Street, E-Commerce Industrial Park",S/N,Tianmen,Room 301,Hubei Province,Alavanca de câmbio automática para veículo,"Alavanca de câmbio automática para veículos, Material: Plástico ABS e borracha, Dimensões individuais: 6x8x12,5 cm, Embalagem em caixa de papelão",Manopla Bola Cambio Automático Para Citroen C4 2007/2011 Preto || Manopla Cambio Aut Citroën C4 Pallas/hatch Original Deckas Preto || Manopla Cambio Automático Peugeot 307 Citroen C4 Sedan Hatch Preto || Manopla Câmbio Automático Citroen C4 C5 Peugeot 307 408 Capa Preto || Manopla Câmbio Automático Citroen C4 Pallas 2010-2013 Preto || Manopla Câmbio Automático Peugeot 307 Citroen C4 Pallas Preto,009046707201,"R$ 16,45|R$ 17,65|R$ 18,45|R$ 7,75|R$ 7,85",Clássico|Premium,26.12,24.0,cadastro_fotos/19-1.png
190,Activated carbon reservoir for vehicle,Manutenção automotiva,"Tianmen Fengcheng Trading Co. Ltd.
",58.62,24.0,,"Reservatório de carvão ativado para veículos. Material: Plástico, caixa de papelão.",MLB2000725808,MLB2000725808|MLB3562120261|MLB4352976770,3.0,25/03/2026 12:53,190,SKU 190,190,SKU 190,Activated carbon reservoir for vehicle,"Activated carbon reservoir for vehicle,  Material: Plastic, cardboard box","Reservatório de carvão ativado para veículos. Material: Plástico, caixa de papelão.", Material: Plastic,Material: Plástico,cardboard box,caixa de papelão,,,,0.0,,Individual Size xxCM,Manutenção automotiva,Em veículos automotores compatíveis,Revenda online,"160 - CHINA, REPÚBLICA POPULAR","Tianmen Fengcheng Trading Co. Ltd.
","Tianmen Fengcheng Trading Co. Ltd.
","Jingling Street, E-Commerce Industrial Park",S/N,Tianmen,Room 301,Hubei Province,Reservatório de carvão ativado para veículos,"Reservatório de carvão ativado para veículos. Material: Plástico, caixa de papelão.",Filtro Canister Carvão Jetta Fusca 2.0 Tsi 1k0201801e || Reservatorio De Carvao Canister Jetta 2.0 Tsi De 2011 À 2017 || Reservatório Carvão Ativo Canister Jetta 2.0 Audi Tfsi,7895139518525|7895141634749|7895141634756,"R$ 24,65",Clássico|Premium,58.62,24.0,cadastro_fotos/190.png
192,Motorcycle fuel tap,Manutenção automotiva,"Tianmen Fengcheng Trading Co. Ltd.
",34.65,24.0,,"Torneira de combustível para motocicleta, Material: Metal e plástico, caixa de papelão",,,,25/03/2026 12:53,192,SKU 192,192,SKU 192,Motorcycle fuel tap ,"Motorcycle fuel tap ,  Material: Metal and plastic, cardboard box","Torneira de combustível para motocicleta, Material: Metal e plástico, caixa de papelão", Material: Metal and plastic,Material: Metal e plástico,cardboard box,caixa de papelão,,,,0.0,,Individual Size xxCM,Manutenção automotiva,Em veículos automotores compatíveis,Revenda online,"160 - CHINA, REPÚBLICA POPULAR","Tianmen Fengcheng Trading Co. Ltd.
","Tianmen Fengcheng Trading Co. Ltd.
","Jingling Street, E-Commerce Industrial Park",S/N,Tianmen,Room 301,Hubei Province,Torneira de combustível para motocicleta,"Torneira de combustível para motocicleta, Material: Metal e plástico, caixa de papelão",,,,,34.65,24.0,cadastro_fotos/192.png
194,LED strip with sequential light for signage,Manutenção automotiva,"Tianmen Fengcheng Trading Co. Ltd.
",10.92,24.0,,"Fita de LED com luz sequencial para sinalização. Material: Plástico e metal, caixa de papelão.",,,,25/03/2026 12:53,194,SKU 194,194,SKU 194,LED strip with sequential light for signage ,"LED strip with sequential light for signage ,  Material: Plasti and metal, cardboard box","Fita de LED com luz sequencial para sinalização. Material: Plástico e metal, caixa de papelão.", Material: Plasti and metal,Material: Plástico e metal,cardboard box,caixa de papelão,,,,0.0,,Individual Size xxCM,Manutenção automotiva,Em veículos automotores compatíveis,Revenda online,"160 - CHINA, REPÚBLICA POPULAR","Tianmen Fengcheng Trading Co. Ltd.
","Tianmen Fengcheng Trading Co. Ltd.
","Jingling Street, E-Commerce Industrial Park",S/N,Tianmen,Room 301,Hubei Province,Fita de LED com luz sequencial para sinalização.,"Fita de LED com luz sequencial para sinalização. Material: Plástico e metal, caixa de papelão.",,,,,10.92,24.0,cadastro_fotos/194.png
194-K,Pair of LED strips with sequential lighting for signaling.,Manutenção automotiva,"Tianmen Fengcheng Trading Co. Ltd.
",10.92,24.0,,"Conjunto de duas fitas de LED com iluminação sequencial para sinalização. Material: Plástico e metal, caixa de papelão.",MLB2156469166,MLB2156469166|MLB3426736760,2.0,25/03/2026 12:53,194-K,SKU 194-K,194-K,SKU 194-K,Pair of LED strips with sequential lighting for signaling.,"Pair of LED strips with sequential lighting for signaling.,  Material: Plasti and metal, cardboard box","Conjunto de duas fitas de LED com iluminação sequencial para sinalização. Material: Plástico e metal, caixa de papelão.", Material: Plasti and metal,Material: Plástico e metal,cardboard box,caixa de papelão,,,,0.0,,Individual Size xxCM,Manutenção automotiva,Em veículos automotores compatíveis,Revenda online,"160 - CHINA, REPÚBLICA POPULAR","Tianmen Fengcheng Trading Co. Ltd.
","Tianmen Fengcheng Trading Co. Ltd.
","Jingling Street, E-Commerce Industrial Park",S/N,Tianmen,Room 301,Hubei Province,Par de faixas de LED com iluminação sequencial para sinalização.,"Conjunto de duas fitas de LED com iluminação sequencial para sinalização. Material: Plástico e metal, caixa de papelão.",Fita De Led Dual Color Drl C Seta Rayx Farol Dianteiro 60cm || Fita Par Led Flexível Fina Seqüencial Farol Drl 60 Cm Carro,7895141623668,"R$ 7,75",Clássico|Premium,10.92,24.0,cadastro_fotos/194-K.png
195,Vehicle lamps 35W 12V 6000k Fitting D4S,Manutenção automotiva,"Tianmen Fengcheng Trading Co. Ltd.
",19.04,24.0,,"Lâmpada automotiva 35W 12V 6000k Encaixe D4S, Material: Plástico, vidro e metal, Tamanho individual 4,5x4x2cm, caixa de papelão",,,,25/03/2026 12:53,195,SKU 195,195,SKU: 195,Vehicle lamps 35W 12V 6000k Fitting D4S,"Vehicle lamps 35W 12V 6000k Fitting D4S,  Material: Plastic glass and metal, Individual Size 4,5x4x2CM, cardboard box","Lâmpada automotiva 35W 12V 6000k Encaixe D4S, Material: Plástico, vidro e metal, Tamanho individual 4,5x4x2cm, caixa de papelão", Material: Plastic glass and metal,"Material: Plástico, vidro e metal",cardboard box,caixa de papelão,4.5,4.0,2.0,3.6e-05,32.5,"Individual Size 4,5x4x2CM",Manutenção automotiva,Em veículos automotores compatíveis,Revenda online,"160 - CHINA, REPÚBLICA POPULAR","Tianmen Fengcheng Trading Co. Ltd.
","Tianmen Fengcheng Trading Co. Ltd.
","Jingling Street, E-Commerce Industrial Park",S/N,Tianmen,Room 301,Hubei Province,Lâmpada automotiva 35W 12V 6000k Encaixe D4S,"Lâmpada automotiva 35W 12V 6000k Encaixe D4S, Material: Plástico, vidro e metal, Tamanho individual 4,5x4x2cm, caixa de papelão",,,,,19.04,24.0,cadastro_fotos/195.png
195-K,Pair of vehicle lamps 35W 12V 6000k Fitting D4S,Manutenção automotiva,"Tianmen Fengcheng Trading Co. Ltd.
",38.08,24.0,,"Par de lâmpadas automotivas 35W 12V 6000k com encaixe D4S, Material: Plástico, vidro e metal, Dimensões individuais: 9x8x4cm, Caixa de papelão",,,,25/03/2026 12:53,195-K,SKU 195-K,195-K,SKU 195-K,Pair of vehicle lamps 35W 12V 6000k Fitting D4S,"Pair of vehicle lamps 35W 12V 6000k Fitting D4S,  Material: Plastic glass and metal, Individual Size 9x8x4CM, cardboard box","Par de lâmpadas automotivas 35W 12V 6000k com encaixe D4S, Material: Plástico, vidro e metal, Dimensões individuais: 9x8x4cm, Caixa de papelão", Material: Plastic glass and metal,"Material: Plástico, vidro e metal",cardboard box,caixa de papelão,9.0,8.0,4.0,0.000288,65,Individual Size 9x8x4CM,Manutenção automotiva,Em veículos automotores compatíveis,Revenda online,"160 - CHINA, REPÚBLICA POPULAR","Tianmen Fengcheng Trading Co. Ltd.
","Tianmen Fengcheng Trading Co. Ltd.
","Jingling Street, E-Commerce Industrial Park",S/N,Tianmen,Room 301,Hubei Province,Par de lâmpadas automotivas 35W 12V 6000k com encaixe D4S,"Par de lâmpadas automotivas 35W 12V 6000k com encaixe D4S, Material: Plástico, vidro e metal, Dimensões individuais: 9x8x4cm, Caixa de papelão",,,,,38.08,24.0,cadastro_fotos/195-K.png
196,Motorcycle fuel tap,Manutenção automotiva,"Tianmen Fengcheng Trading Co. Ltd.
",36.56,24.0,,"Torneira de combustível para motocicleta, Material: Metal e plástico, caixa de papelão",,,,25/03/2026 12:53,196,SKU 196,196,SKU 196,Motorcycle fuel tap ,"Motorcycle fuel tap ,  Material: Metal and plastic, cardboard box","Torneira de combustível para motocicleta, Material: Metal e plástico, caixa de papelão", Material: Metal and plastic,Material: Metal e plástico,cardboard box,caixa de papelão,,,,0.0,,Individual Size xxCM,Manutenção automotiva,Em veículos automotores compatíveis,Revenda online,"160 - CHINA, REPÚBLICA POPULAR","Tianmen Fengcheng Trading Co. Ltd.
","Tianmen Fengcheng Trading Co. Ltd.
","Jingling Street, E-Commerce Industrial Park",S/N,Tianmen,Room 301,Hubei Province,Torneira de combustível para motocicleta,"Torneira de combustível para motocicleta, Material: Metal e plástico, caixa de papelão",,,,,36.56,24.0,cadastro_fotos/196.png
198-1,Front Right Door Outer Handle for Vehicle,Manutenção automotiva,"Tianmen Fengcheng Trading Co. Ltd.
",59.52,24.0,,"Maçaneta externa da porta dianteira direita para veículo, Material: Plástico e metal, Tamanho individual 25x14x6CM, caixa de papelão",MLB2026802362,MLB2026802362|MLB3079904547|MLB3576638829,3.0,25/03/2026 12:53,198-1,SKU 198-1,198-1,SKU 198-1,Front Right Door Outer Handle for Vehicle,"Front Right Door Outer Handle for Vehicle, Material: Plastic and metal, Individual Size 25x14x6CM, cardboard box","Maçaneta externa da porta dianteira direita para veículo, Material: Plástico e metal, Tamanho individual 25x14x6CM, caixa de papelão",Material: Plastic and metal,Material: Plástico e metal,cardboard box,caixa de papelão,25.0,14.0,6.0,0.0021,3,Individual Size 25x14x6CM,Manutenção automotiva,Em veículos automotores compatíveis,Revenda online,"160 - CHINA, REPÚBLICA POPULAR","Tianmen Fengcheng Trading Co. Ltd.
","Tianmen Fengcheng Trading Co. Ltd.
","Jingling Street, E-Commerce Industrial Park",S/N,Tianmen,Room 301,Hubei Province,Maçaneta externa da porta dianteira direita do veículo,"Maçaneta externa da porta dianteira direita para veículo, Material: Plástico e metal, Tamanho individual 25x14x6CM, caixa de papelão",Maçaneta Externa Para Kia Sorento Dianteira Direita || Maçaneta Externa Porta Dianteira Direita Sorento 2007 2008 Preto Dianteira || Maçaneta Externa Sorento 2004 A 2009 Dianteira Direita,7895141623620|7895141634732|7895141635500,"R$ 22,55|R$ 23,65",Premium,59.52,24.0,cadastro_fotos/198-1.png
198-2,Front left door outside handle for vehicle,Manutenção automotiva,"Tianmen Fengcheng Trading Co. Ltd.
",60.52,24.0,,"Maçaneta externa da porta dianteira esquerda do veículo, Material: Plástico e metal, Dimensões individuais: 25x14x6 cm, caixa de papelão",MLB3983900449,MLB3983900449|MLB4392790418,2.0,25/03/2026 12:53,198-2,SKU 198-2,198-2,SKU 198-2,Front left door outside handle for vehicle,"Front left door outside handle for vehicle, Material: Plastic and metal, Individual Size 25x14x6CM, cardboard box","Maçaneta externa da porta dianteira esquerda do veículo, Material: Plástico e metal, Dimensões individuais: 25x14x6 cm, caixa de papelão",Material: Plastic and metal,Material: Plástico e metal,cardboard box,caixa de papelão,25.0,14.0,6.0,0.0021,3,Individual Size 25x14x6CM,Manutenção automotiva,Em veículos automotores compatíveis,Revenda online,"160 - CHINA, REPÚBLICA POPULAR","Tianmen Fengcheng Trading Co. Ltd.
","Tianmen Fengcheng Trading Co. Ltd.
","Jingling Street, E-Commerce Industrial Park",S/N,Tianmen,Room 301,Hubei Province,maçaneta externa da porta dianteira esquerda do veículo,"Maçaneta externa da porta dianteira esquerda do veículo, Material: Plástico e metal, Dimensões individuais: 25x14x6 cm, caixa de papelão",Maçaneta Externa Kia Sorento Dianteira Esquerda 826503e010 Preto Dianteira || Maçaneta Externa Sorento Dianteira Esquerda,7895141625143|7895141635517,"R$ 23,65",Clássico|Premium,60.52,24.0,cadastro_fotos/198-2.png
198-3,Right rear door outside handle for vehicle,Manutenção automotiva,"Tianmen Fengcheng Trading Co. Ltd.
",44.67,24.0,,"Maçaneta externa da porta traseira direita do veículo, Material: Plástico e metal, Dimensões individuais: 25x14x6cm, caixa de papelão",MLB2026809477,MLB2026809477|MLB3151829015,2.0,25/03/2026 12:53,198-3,SKU 198-3,198-3,SKU 198-3,Right rear door outside handle for vehicle,"Right rear door outside handle for vehicle, Material: Plastic and metal, Individual Size 25x14x6CM, cardboard box","Maçaneta externa da porta traseira direita do veículo, Material: Plástico e metal, Dimensões individuais: 25x14x6cm, caixa de papelão",Material: Plastic and metal,Material: Plástico e metal,cardboard box,caixa de papelão,25.0,14.0,6.0,0.0021,3,Individual Size 25x14x6CM,Manutenção automotiva,Em veículos automotores compatíveis,Revenda online,"160 - CHINA, REPÚBLICA POPULAR","Tianmen Fengcheng Trading Co. Ltd.
","Tianmen Fengcheng Trading Co. Ltd.
","Jingling Street, E-Commerce Industrial Park",S/N,Tianmen,Room 301,Hubei Province,maçaneta externa da porta traseira direita do veículo,"Maçaneta externa da porta traseira direita do veículo, Material: Plástico e metal, Dimensões individuais: 25x14x6cm, caixa de papelão",Maçaneta Externa Para Kia Sorento Traseira Direita || Maçaneta Externa Para Sorento Traseira Direita Preta 2003/ Preto Traseira,789123400224|7895141623651,"R$ 22,55|R$ 23,65",Clássico,44.67,24.0,cadastro_fotos/198-3.png
198-4,Left rear door outside handle for vehicle,Manutenção automotiva,"Tianmen Fengcheng Trading Co. Ltd.
",45.35,24.0,,"Maçaneta externa da porta traseira esquerda do veículo, Material: Plástico e metal, Dimensões individuais: 25x14x6cm, caixa de papelão",MLB2026790393,MLB2026790393|MLB2026796766,2.0,25/03/2026 12:53,198-4,SKU 198-4,198-4,SKU 198-4,Left rear door outside handle for vehicle,"Left rear door outside handle for vehicle, Material: Plastic and metal, Individual Size 25x14x6CM, cardboard box","Maçaneta externa da porta traseira esquerda do veículo, Material: Plástico e metal, Dimensões individuais: 25x14x6cm, caixa de papelão",Material: Plastic and metal,Material: Plástico e metal,cardboard box,caixa de papelão,25.0,14.0,6.0,0.0021,3,Individual Size 25x14x6CM,Manutenção automotiva,Em veículos automotores compatíveis,Revenda online,"160 - CHINA, REPÚBLICA POPULAR","Tianmen Fengcheng Trading Co. Ltd.
","Tianmen Fengcheng Trading Co. Ltd.
","Jingling Street, E-Commerce Industrial Park",S/N,Tianmen,Room 301,Hubei Province,maçaneta externa da porta traseira esquerda do veículo,"Maçaneta externa da porta traseira esquerda do veículo, Material: Plástico e metal, Dimensões individuais: 25x14x6cm, caixa de papelão",Maçaneta Externa Para Sorento 2003 A 2009 Traseira Esquerda || Maçaneta Externa Para Sorento Traseira Esquerda Preta 2003/,7895141623644|7895141634749,"R$ 22,55|R$ 24,65",Premium,45.35,24.0,cadastro_fotos/198-4.png
199,Air Control Valve,Manutenção automotiva,"Tianmen Fengcheng Trading Co. Ltd.
",78.3,24.0,,"Válvula de controle de ar, Material: Plástico e metal, caixa de papelão",,,,25/03/2026 12:53,199,SKU 199,199,"2227015010
SKU: 199",Air Control Valve,"Air Control Valve, Material: Plastic and metal, cardboard box","Válvula de controle de ar, Material: Plástico e metal, caixa de papelão",Material: Plastic and metal,Material: Plástico e metal,cardboard box,caixa de papelão,,,,0.0,,Individual Size xxCM,Manutenção automotiva,Em veículos automotores compatíveis,Revenda online,"160 - CHINA, REPÚBLICA POPULAR","Tianmen Fengcheng Trading Co. Ltd.
","Tianmen Fengcheng Trading Co. Ltd.
","Jingling Street, E-Commerce Industrial Park",S/N,Tianmen,Room 301,Hubei Province,Válvula de controle de ar,"Válvula de controle de ar, Material: Plástico e metal, caixa de papelão",,,,,78.3,24.0,cadastro_fotos/199.png
002,Fuel tank cap,Manutenção automotiva,"Tianmen Fengcheng Trading Co. Ltd.
",35.67,24.0,,"Tampa do tanque de combustível, Material: Plástico, Tamanho individual 16x16x2CM, embalagem plástica",MLB1984823376,MLB1984823376|MLB1984832123|MLB2894827496|MLB2894827501|MLB3564167505,5.0,25/03/2026 12:53,2,SKU 002,002,,Fuel tank cap ,"Fuel tank cap , Material : Plastic, Individual Size 16x16x2CM, plastic bag","Tampa do tanque de combustível, Material: Plástico, Tamanho individual 16x16x2CM, embalagem plástica",Material : Plastic,Material: Plástico,plastic bag,saco plástico,16.0,16.0,2.0,0.000512,7,Individual Size 16x16x2CM,Manutenção automotiva,Em veículos automotores compatíveis,Revenda online,"160 - CHINA, REPÚBLICA POPULAR","Tianmen Fengcheng Trading Co. Ltd.
","Tianmen Fengcheng Trading Co. Ltd.
","Jingling Street, E-Commerce Industrial Park",S/N,Tianmen,Room 301,Hubei Province,Tampa do tanque de combustível,"Tampa do tanque de combustível, Material: Plástico, Tamanho individual 16x16x2CM, embalagem plástica",Tampa Portinhola Focus Pintada Branco Ártico 2009 Até 2013 || Tampa Portinhola Tanque Combustivel Ford Focus 2009-2013 || Tampa Portinhola Tanque Focus 2008 2009 2010 2011 2012 2013,1000000261011|7891234000224|7907595070889,"R$ 16,45|R$ 17,65|R$ 19,85",Clássico|Premium,35.67,24.0,cadastro_fotos/002.png
20,Fuel level sensor,Manutenção automotiva,"Tianmen Fengcheng Trading Co. Ltd.
",45.38,24.0,,"Sensor de nível de combustível, Material: Plástico e metal, Tamanho individual 25x7x7CM, caixa de papelão",MLB1984861692,MLB1984861692|MLB2933316403|MLB4333704744,3.0,25/03/2026 12:53,20,SKU 20,20,"7891234000224
SKU:20",Fuel level sensor,"Fuel level sensor,  Material: Plastic and metal, Individual Size 25x7x7CM, cardboard box","Sensor de nível de combustível, Material: Plástico e metal, Tamanho individual 25x7x7CM, caixa de papelão", Material: Plastic and metal,Material: Plástico e metal,cardboard box,caixa de papelão,25.0,7.0,7.0,0.001225,60,Individual Size 25x7x7CM,Manutenção automotiva,Em veículos automotores compatíveis,Revenda online,"160 - CHINA, REPÚBLICA POPULAR","Tianmen Fengcheng Trading Co. Ltd.
","Tianmen Fengcheng Trading Co. Ltd.
","Jingling Street, E-Commerce Industrial Park",S/N,Tianmen,Room 301,Hubei Province,sensor de nível de combustível,"Sensor de nível de combustível, Material: Plástico e metal, Tamanho individual 25x7x7CM, caixa de papelão",Boia Sensor Nível Combustível Focus 2.0 Duratec 2008 Á 2009 || Boia Sensor Nível Combustível P/ Focus 2.0 Duratec Gas 08/09 || Sensor De Nível Ford Focus 2.0 Duratec 2008/2009 Gasolina,7895139518471|7895139518921,"R$ 22,55|R$ 23,65",Premium,45.38,24.0,cadastro_fotos/20.png
200,LCD display for vehicle instrument panel,Manutenção automotiva,"Tianmen Fengcheng Trading Co. Ltd.
",112.48,24.0,,"Visor LCD para painel de instrumentos de veículos, Material: Plástico, vidro e metal, caixa de papelão",,,,25/03/2026 12:53,200,SKU 200,200,"Lq042t5dz14
SKU:200",LCD display for vehicle instrument panel,"LCD display for vehicle instrument panel,  Material: Plastic glass and metal, cardboard box","Visor LCD para painel de instrumentos de veículos, Material: Plástico, vidro e metal, caixa de papelão", Material: Plastic glass and metal,"Material: Plástico, vidro e metal",cardboard box,caixa de papelão,,,,0.0,,Individual Size xxCM,Manutenção automotiva,Em veículos automotores compatíveis,Revenda online,"160 - CHINA, REPÚBLICA POPULAR","Tianmen Fengcheng Trading Co. Ltd.
","Tianmen Fengcheng Trading Co. Ltd.
","Jingling Street, E-Commerce Industrial Park",S/N,Tianmen,Room 301,Hubei Province,Visor LCD para painel de instrumentos do veículo,"Visor LCD para painel de instrumentos de veículos, Material: Plástico, vidro e metal, caixa de papelão",,,,,112.48,24.0,cadastro_fotos/200.png
203,Vehicle pressure regulating valve,Manutenção automotiva,"Tianmen Fengcheng Trading Co. Ltd.
",211.09,24.0,,"Válvula reguladora de pressão para veículos, Material: Metal e plástico, caixa de papelão",MLB2027888744,MLB2027888744|MLB2997355688,2.0,25/03/2026 12:53,203,SKU 203,203,"A6510740084
SKU:203",Vehicle pressure regulating valve,"Vehicle pressure regulating valve,  Material: Metal and plastic, cardboard box","Válvula reguladora de pressão para veículos, Material: Metal e plástico, caixa de papelão", Material: Metal and plastic,Material: Metal e plástico,cardboard box,caixa de papelão,,,,0.0,,Individual Size xxCM,Manutenção automotiva,Em veículos automotores compatíveis,Revenda online,"160 - CHINA, REPÚBLICA POPULAR","Tianmen Fengcheng Trading Co. Ltd.
","Tianmen Fengcheng Trading Co. Ltd.
","Jingling Street, E-Commerce Industrial Park",S/N,Tianmen,Room 301,Hubei Province,Válvula reguladora de pressão do veículo,"Válvula reguladora de pressão para veículos, Material: Metal e plástico, caixa de papelão",Valvula Reguladora Bomba Hr Kia Bongo Sprinter 9109-946 C/nf || Valvula Reguladora Sprinter 415 515 311 Original A6510740084,789123400224|7895141624689,"R$ 22,55",Clássico|Premium,211.09,24.0,cadastro_fotos/203.png
208,Vehicle engine head side cover,Manutenção automotiva,"Tianmen Fengcheng Trading Co. Ltd.
",81.62,24.0,,"Tampa lateral do cabeçote do motor do veículo, Material: Plástico e borracha, Tamanho individual 27x23x8CM, caixa de papelão",,,,25/03/2026 12:53,208,SKU 208,208,SKU 208,Vehicle engine head side cover,"Vehicle engine head side cover,  Material: Plastic and rubber, Individual Size 27x23x8CM, cardboard box","Tampa lateral do cabeçote do motor do veículo, Material: Plástico e borracha, Tamanho individual 27x23x8CM, caixa de papelão", Material: Plastic and rubber,Material: Plástico e borracha,cardboard box,caixa de papelão,27.0,23.0,8.0,0.004968,585,Individual Size 27x23x8CM,Manutenção automotiva,Em veículos automotores compatíveis,Revenda online,"160 - CHINA, REPÚBLICA POPULAR","Tianmen Fengcheng Trading Co. Ltd.
","Tianmen Fengcheng Trading Co. Ltd.
","Jingling Street, E-Commerce Industrial Park",S/N,Tianmen,Room 301,Hubei Province,tampa lateral do cabeçote do motor do veículo,"Tampa lateral do cabeçote do motor do veículo, Material: Plástico e borracha, Tamanho individual 27x23x8CM, caixa de papelão",,,,,81.62,24.0,cadastro_fotos/208.png
21,,,,11.24,24.0,,,,,,25/03/2026 12:53,21,,,,,,,,,,,,,,,,,,,,,,,,,,,,,,,,,,11.24,24.0,
210,Car Transmitter Receiver with Bluetooth FM Mp3 USB Pendrive,Adaptador veícular AM/FM ,"Tianmen Fengcheng Trading Co. Ltd.
",12.76,24.0,,"Transmissor e receptor para carro com Bluetooth, FM, MP3, USB e pendrive. Material: Plástico e metal. Embalagem em caixa de papelão.",,,,25/03/2026 12:53,210,SKU 210,210,SKU 210,Car Transmitter Receiver with Bluetooth FM Mp3 USB Pendrive,"Car Transmitter Receiver with Bluetooth FM Mp3 USB Pendrive, Material: Plastic and metal, cardboard box","Transmissor e receptor para carro com Bluetooth, FM, MP3, USB e pendrive. Material: Plástico e metal. Embalagem em caixa de papelão.",Material: Plastic and metal,Material: Plástico e metal,cardboard box,caixa de papelão,,,,0.0,,Individual Size xxCM,Adaptador veícular AM/FM ,Em veículos automotores compatíveis,Revenda online,"160 - CHINA, REPÚBLICA POPULAR","Tianmen Fengcheng Trading Co. Ltd.
","Tianmen Fengcheng Trading Co. Ltd.
","Jingling Street, E-Commerce Industrial Park",S/N,Tianmen,Room 301,Hubei Province,"Transmissor e receptor para carro com Bluetooth, FM, MP3 e USB.","Transmissor e receptor para carro com Bluetooth, FM, MP3, USB e pendrive. Material: Plástico e metal. Embalagem em caixa de papelão.",,,,,12.76,24.0,cadastro_fotos/210.png
214,"Ignition Switch
Cardboard box",Manutenção automotiva,"Tianmen Fengcheng Trading Co. Ltd.
",20.3,24.0,,"Interruptor de Ignição
Caixa de papelão, Material: Plástico e metal, Tamanho individual 6,5x4x3,5CM, caixa de papelão",,,,25/03/2026 12:53,214,SKU 214,214,"SL-DHKG001
SKU:214","Ignition Switch
Cardboard box","Ignition Switch
Cardboard box, Material: Plastic and metal, Individual Size 6,5x4x3,5CM, cardboard box","Interruptor de Ignição
Caixa de papelão, Material: Plástico e metal, Tamanho individual 6,5x4x3,5CM, caixa de papelão",Material: Plastic and metal,Material: Plástico e metal,cardboard box,caixa de papelão,6.5,4.0,3.5,9.1e-05,,"Individual Size 6,5x4x3,5CM",Manutenção automotiva,Em veículos automotores compatíveis,Revenda online,"160 - CHINA, REPÚBLICA POPULAR","Tianmen Fengcheng Trading Co. Ltd.
","Tianmen Fengcheng Trading Co. Ltd.
","Jingling Street, E-Commerce Industrial Park",S/N,Tianmen,Room 301,Hubei Province,"Interruptor de ignição
Caixa de papelão","Interruptor de Ignição
Caixa de papelão, Material: Plástico e metal, Tamanho individual 6,5x4x3,5CM, caixa de papelão",,,,,20.3,24.0,cadastro_fotos/214.png
218,Digital laser level and square meter,Medidor de nivel para construção em geral,"Tianmen Fengcheng Trading Co. Ltd.
",33.47,24.0,,"Nível a laser digital e medidor de esquadro, Material: Plástico e metal, caixa de papelão",,,,25/03/2026 12:53,218,SKU 218,218,SKU 218,Digital laser level and square meter,"Digital laser level and square meter, Material: Plastic and metal, cardboard box","Nível a laser digital e medidor de esquadro, Material: Plástico e metal, caixa de papelão",Material: Plastic and metal,Material: Plástico e metal,cardboard box,caixa de papelão,,,,0.0,,Individual Size xxCM,Medidor de nivel para construção em geral,Em veículos automotores compatíveis,Revenda online,"160 - CHINA, REPÚBLICA POPULAR","Tianmen Fengcheng Trading Co. Ltd.
","Tianmen Fengcheng Trading Co. Ltd.
","Jingling Street, E-Commerce Industrial Park",S/N,Tianmen,Room 301,Hubei Province,Nível a laser digital e medidor quadrado,"Nível a laser digital e medidor de esquadro, Material: Plástico e metal, caixa de papelão",,,,,33.47,24.0,cadastro_fotos/218.png
219-K4,Spark Plug Kit SILZKR7B11,Manutenção automotiva,"Tianmen Fengcheng Trading Co. Ltd.
",59.24,24.0,,"Kit de velas de ignição SILZKR7B11, Material: Metal, caixa de papelão",,,,25/03/2026 12:53,219-K4,SKU 219-K4,219-K4,SKU 219-K4,Spark Plug Kit SILZKR7B11,"Spark Plug Kit SILZKR7B11,  Material: Metal, cardboard box","Kit de velas de ignição SILZKR7B11, Material: Metal, caixa de papelão", Material: Metal,Material: Metal,cardboard box,caixa de papelão,,,,0.0,,Individual Size xxCM,Manutenção automotiva,Construção em geral,Revenda online,"160 - CHINA, REPÚBLICA POPULAR","Tianmen Fengcheng Trading Co. Ltd.
","Tianmen Fengcheng Trading Co. Ltd.
","Jingling Street, E-Commerce Industrial Park",S/N,Tianmen,Room 301,Hubei Province,Kit de velas de ignição SILZKR7B11,"Kit de velas de ignição SILZKR7B11, Material: Metal, caixa de papelão",,,,,59.24,24.0,cadastro_fotos/219-K4.png
219-K6,,,,60.36,24.0,,,,,,25/03/2026 12:53,219-K6,,,,,,,,,,,,,,,,,,,,,,,,,,,,,,,,,,60.36,24.0,
220,,,,20.64,24.0,,,,,,25/03/2026 12:53,220,,,,,,,,,,,,,,,,,,,,,,,,,,,,,,,,,,20.64,24.0,
220-K6,Spark Plug Kit ILFR5B11,Manutenção automotiva,"Tianmen Fengcheng Trading Co. Ltd.
",123.84,24.0,,"Kit de velas de ignição ILFR5B11, Material: Metal, caixa de papelão",,,,25/03/2026 12:53,220-K6,SKU 220-K6,220-K6,SKU 220-K6,Spark Plug Kit ILFR5B11,"Spark Plug Kit ILFR5B11,  Material: Metal, cardboard box","Kit de velas de ignição ILFR5B11, Material: Metal, caixa de papelão", Material: Metal,Material: Metal,cardboard box,caixa de papelão,,,,0.0,,Individual Size xxCM,Manutenção automotiva,Em veículos automotores compatíveis,Revenda online,"160 - CHINA, REPÚBLICA POPULAR","Tianmen Fengcheng Trading Co. Ltd.
","Tianmen Fengcheng Trading Co. Ltd.
","Jingling Street, E-Commerce Industrial Park",S/N,Tianmen,Room 301,Hubei Province,Kit de velas de ignição ILFR5B11,"Kit de velas de ignição ILFR5B11, Material: Metal, caixa de papelão",,,,,123.84,24.0,cadastro_fotos/220-K6.png
221,LED flashlight board,Manutenção automotiva,"Tianmen Fengcheng Trading Co. Ltd.
",19.05,24.0,,"Placa de LED para lanterna, Material: Plástico e metal, Tamanho individual 5x2x1CM, caixa de papelão",MLB2027931977,MLB2027931977|MLB4433320474,2.0,25/03/2026 12:53,221,SKU 221,221,SKU 221,LED flashlight board,"LED flashlight board, Material: Plastic and metal, Individual Size 5x2x1CM, cardboard box","Placa de LED para lanterna, Material: Plástico e metal, Tamanho individual 5x2x1CM, caixa de papelão",Material: Plastic and metal,Material: Plástico e metal,cardboard box,caixa de papelão,5.0,2.0,1.0,1e-05,,Individual Size 5x2x1CM,Manutenção automotiva,Em veículos automotores compatíveis,Revenda online,"160 - CHINA, REPÚBLICA POPULAR","Tianmen Fengcheng Trading Co. Ltd.
","Tianmen Fengcheng Trading Co. Ltd.
","Jingling Street, E-Commerce Industrial Park",S/N,Tianmen,Room 301,Hubei Province,placa de lanterna LED,"Placa de LED para lanterna, Material: Plástico e metal, Tamanho individual 5x2x1CM, caixa de papelão",Placa Lanterna Led Bmw X3 Queimada 2012 2013 2014 2015 2016 || Placa Lanterna Traseira Bmw X3 2010 2011 2012 2013 Á 2017,7895141629424|7895141634848,"R$ 16,45|R$ 18,45",Clássico|Premium,19.05,24.0,cadastro_fotos/221.png
222-1,Vehicle rear view warning light,Manutenção automotiva,"Tianmen Fengcheng Trading Co. Ltd.
",37.26,24.0,,"Luz de advertência traseira para veículo, Material: Plástico, Tamanho individual 24x5x5CM, caixa de papelão",MLB2121724318,MLB2121724318|MLB3277994325|MLB3419452288,3.0,25/03/2026 12:53,222-1,SKU 222-1,222-1,SKU 222-1,Vehicle rear view warning light,"Vehicle rear view warning light, Material: Plastic, Individual Size 24x5x5CM, cardboard box","Luz de advertência traseira para veículo, Material: Plástico, Tamanho individual 24x5x5CM, caixa de papelão",Material: Plastic,Material: Plástico,cardboard box,caixa de papelão,24.0,5.0,5.0,0.0006,,Individual Size 24x5x5CM,Manutenção automotiva,Em veículos automotores compatíveis,Revenda online,"160 - CHINA, REPÚBLICA POPULAR","Tianmen Fengcheng Trading Co. Ltd.
","Tianmen Fengcheng Trading Co. Ltd.
","Jingling Street, E-Commerce Industrial Park",S/N,Tianmen,Room 301,Hubei Province,luz de advertência traseira do veículo,"Luz de advertência traseira para veículo, Material: Plástico, Tamanho individual 24x5x5CM, caixa de papelão",Pisca Retrovisor Hyundai Sonata L Direito Importado Novo Cinza || Pisca Retrovisor Hyundai Sonata Lado Direito Importado Novo Cinza || Pisca Seta Retrovisor Sonata Lado Direito Carona Original Es Cinza,7895139518662,"R$ 16,45|R$ 20,95|R$ 22,55",Clássico|Premium,37.26,24.0,cadastro_fotos/222-1.png
222-2,Vehicle rear view warning light,Manutenção automotiva,"Tianmen Fengcheng Trading Co. Ltd.
",37.26,24.0,,"Luz de advertência traseira para veículo, Material: Plástico, Tamanho individual 24x5x5CM, caixa de papelão",MLB2121738095,MLB2121738095|MLB4512661002|MLB4670241206|MLB4670292924|MLB4670396294,5.0,25/03/2026 12:53,222-2,SKU 222-2,222-2,SKU 222-2,Vehicle rear view warning light,"Vehicle rear view warning light, Material: Plastic, Individual Size 24x5x5CM, cardboard box","Luz de advertência traseira para veículo, Material: Plástico, Tamanho individual 24x5x5CM, caixa de papelão",Material: Plastic,Material: Plástico,cardboard box,caixa de papelão,24.0,5.0,5.0,0.0006,,Individual Size 24x5x5CM,Manutenção automotiva,Em veículos automotores compatíveis,Revenda online,"160 - CHINA, REPÚBLICA POPULAR","Tianmen Fengcheng Trading Co. Ltd.
","Tianmen Fengcheng Trading Co. Ltd.
","Jingling Street, E-Commerce Industrial Park",S/N,Tianmen,Room 301,Hubei Province,luz de advertência traseira do veículo,"Luz de advertência traseira para veículo, Material: Plástico, Tamanho individual 24x5x5CM, caixa de papelão",Pisca Retrovisor Hyundai Sonata L Esquerdo Importado Novo Laranja || Pisca Retrovisor Lado Esquerdo Sonata 2011 2012 2013 2014  Cinza || Pisca Retrovisor Lado Esquerdo Sonata 2011 2012 2013 2014 15 || Pisca Seta Retrovisor P/ Hyundai Ix35 2010 2011 2012 2013 14 Cromado || Pisca Seta Retrovisor Sonata 2011 2012 2013 2014 Unidade Laranja,7895141625709|7895141638914|7895141640634|7895141640641,"R$ 17,65|R$ 19,85",Clássico|Premium,37.26,24.0,cadastro_fotos/222-2.png
222-K,Pair of rear warning lights for the vehicle,Manutenção automotiva,"Tianmen Fengcheng Trading Co. Ltd.
",74.45,24.0,,Conjunto de duas luzes de advertência traseiras para o veículo. Material: Plástico. Dimensões individuais: 24x10x10cm. Embalagem: Caixa de papelão.,MLB2121744443,MLB2121744443,1.0,25/03/2026 12:53,222-K,SKU 222-K,222-K,SKU 222-K,Pair of rear warning lights for the vehicle,"Pair of rear warning lights for the vehicle, Material: Plastic, Individual Size 24x10x10CM, cardboard box",Conjunto de duas luzes de advertência traseiras para o veículo. Material: Plástico. Dimensões individuais: 24x10x10cm. Embalagem: Caixa de papelão.,Material: Plastic,Material: Plástico,cardboard box,caixa de papelão,24.0,10.0,10.0,0.0024,,Individual Size 24x10x10CM,Manutenção automotiva,Em veículos automotores compatíveis,Revenda online,"160 - CHINA, REPÚBLICA POPULAR","Tianmen Fengcheng Trading Co. Ltd.
","Tianmen Fengcheng Trading Co. Ltd.
","Jingling Street, E-Commerce Industrial Park",S/N,Tianmen,Room 301,Hubei Province,Par de luzes de advertência traseiras para o veículo,Conjunto de duas luzes de advertência traseiras para o veículo. Material: Plástico. Dimensões individuais: 24x10x10cm. Embalagem: Caixa de papelão.,Par Pisca Seta Retrovisor Hyundai Sonata 11 2012 13 14 15 16 Cinza,7895141628502,"R$ 23,65",Clássico,74.45,24.0,cadastro_fotos/222-K.png
223,Vehicle fuel level sensor,Manutenção automotiva,"Tianmen Fengcheng Trading Co. Ltd.
",43.82,24.0,,"Sensor de nível de combustível do veículo, Material: Plástico ABS e metal, Tamanho individual 25x6x6CM, caixa de papelão",MLB2041051833,MLB2041051833|MLB4356513338|MLB5799633986|MLB5799754520,4.0,25/03/2026 12:53,223,SKU 223,223,"944602S000
SKU:223",Vehicle fuel level sensor,"Vehicle fuel level sensor, Material: Plastic ABS and metal, Individual Size 25x6x6CM, cardboard box","Sensor de nível de combustível do veículo, Material: Plástico ABS e metal, Tamanho individual 25x6x6CM, caixa de papelão",Material: Plastic ABS and metal,Material: Plástico ABS e metal,cardboard box,caixa de papelão,25.0,6.0,6.0,0.0009,4,Individual Size 25x6x6CM,Manutenção automotiva,Em veículos automotores compatíveis,Revenda online,"160 - CHINA, REPÚBLICA POPULAR","Tianmen Fengcheng Trading Co. Ltd.
","Tianmen Fengcheng Trading Co. Ltd.
","Jingling Street, E-Commerce Industrial Park",S/N,Tianmen,Room 301,Hubei Province,sensor de nível de combustível do veículo,"Sensor de nível de combustível do veículo, Material: Plástico ABS e metal, Tamanho individual 25x6x6CM, caixa de papelão",Boia Sensor De Nível Combustível Sportage 2.0 16v Gasolina || Boia Sensor Nivel Combustível Para Ix35 Nova || Sensor Combustível Nível Boia Ix35 Gasolina 2010/ Sportage || Sensor Nível Boia Combustível Ix35 Gasolina 2010/ Sportage,7895141624733,"R$ 22,55",Premium,43.82,24.0,cadastro_fotos/223.png
225,Canister valve 0280142431,Manutenção automotiva,"Tianmen Fengcheng Trading Co. Ltd.
",30.28,24.0,,"Válvula de cartucho 0280142431, Material: Plástico e metal, Tamanho individual 9,5x5x5CM, caixa de papelão",,,,25/03/2026 12:53,225,SKU 225,225,SKU 225,Canister valve 0280142431,"Canister valve 0280142431, Material: Plastic and metal, Individual Size 9,5x5x5CM, cardboard box","Válvula de cartucho 0280142431, Material: Plástico e metal, Tamanho individual 9,5x5x5CM, caixa de papelão",Material: Plastic and metal,Material: Plástico e metal,cardboard box,caixa de papelão,9.5,5.0,5.0,0.0002375,75,"Individual Size 9,5x5x5CM",Manutenção automotiva,Em veículos automotores compatíveis,Revenda online,"160 - CHINA, REPÚBLICA POPULAR","Tianmen Fengcheng Trading Co. Ltd.
","Tianmen Fengcheng Trading Co. Ltd.
","Jingling Street, E-Commerce Industrial Park",S/N,Tianmen,Room 301,Hubei Province,Válvula do cartucho 0280142431,"Válvula de cartucho 0280142431, Material: Plástico e metal, Tamanho individual 9,5x5x5CM, caixa de papelão",,,,,30.28,24.0,cadastro_fotos/225.png
227-1,Button and spring for gear lever for automatic vehicle,Manutenção automotiva,"Tianmen Fengcheng Trading Co. Ltd.
",14.8,24.0,,"Botão e mola para alavanca de câmbio de veículo automático, Material: Plástico e metal, caixa de papelão",-,-,1.0,25/03/2026 12:53,227-1,SKU 227-1,227-1,SKU 227-1,Button and spring for gear lever for automatic vehicle,"Button and spring for gear lever for automatic vehicle, Material: Plastic and metal, cardboard box","Botão e mola para alavanca de câmbio de veículo automático, Material: Plástico e metal, caixa de papelão",Material: Plastic and metal,Material: Plástico e metal,cardboard box,caixa de papelão,,,,0.0,,Individual Size xxCM,Manutenção automotiva,Em veículos automotores compatíveis,Revenda online,"160 - CHINA, REPÚBLICA POPULAR","Tianmen Fengcheng Trading Co. Ltd.
","Tianmen Fengcheng Trading Co. Ltd.
","Jingling Street, E-Commerce Industrial Park",S/N,Tianmen,Room 301,Hubei Province,Botão e mola para alavanca de câmbio de veículo automático,"Botão e mola para alavanca de câmbio de veículo automático, Material: Plástico e metal, caixa de papelão",-,"7895141625983|7895141625983,7895141625976|7895141626751",-,-,14.8,24.0,cadastro_fotos/227-1.png
227-2,Button and spring for gear lever for automatic vehicle,Manutenção automotiva,"Tianmen Fengcheng Trading Co. Ltd.
",21.96,24.0,,"Botão e mola para alavanca de câmbio de veículo automático, Material: Plástico e metal, caixa de papelão",-,-,1.0,25/03/2026 12:53,227-2,SKU 227-2,227-2,SKU 227-2,Button and spring for gear lever for automatic vehicle,"Button and spring for gear lever for automatic vehicle, Material: Plastic and metal, cardboard box","Botão e mola para alavanca de câmbio de veículo automático, Material: Plástico e metal, caixa de papelão",Material: Plastic and metal,Material: Plástico e metal,cardboard box,caixa de papelão,,,,0.0,,Individual Size xxCM,Manutenção automotiva,Em veículos automotores compatíveis,Revenda online,"160 - CHINA, REPÚBLICA POPULAR","Tianmen Fengcheng Trading Co. Ltd.
","Tianmen Fengcheng Trading Co. Ltd.
","Jingling Street, E-Commerce Industrial Park",S/N,Tianmen,Room 301,Hubei Province,Botão e mola para alavanca de câmbio de veículo automático,"Botão e mola para alavanca de câmbio de veículo automático, Material: Plástico e metal, caixa de papelão",-,"7895141625976|7895141625976,7895141625983",-,-,21.96,24.0,cadastro_fotos/227-2.png
228,Motorcycle LED Signal Strip,Manutenção automotiva,"Tianmen Fengcheng Trading Co. Ltd.
",5.3,24.0,,"Faixa de sinalização LED para motocicleta, Material: Plástico e metal, caixa de papelão",MLB2028235586,MLB2028235586|MLB2950828149|MLB3564109883|MLB4356852352,4.0,25/03/2026 12:53,228,SKU 228,228,SKU 228,Motorcycle LED Signal Strip,"Motorcycle LED Signal Strip, Material: Plastic and metal, cardboard box","Faixa de sinalização LED para motocicleta, Material: Plástico e metal, caixa de papelão",Material: Plastic and metal,Material: Plástico e metal,cardboard box,caixa de papelão,,,,0.0,,Individual Size xxCM,Manutenção automotiva,Em veículos automotores compatíveis,Revenda online,"160 - CHINA, REPÚBLICA POPULAR","Tianmen Fengcheng Trading Co. Ltd.
","Tianmen Fengcheng Trading Co. Ltd.
","Jingling Street, E-Commerce Industrial Park",S/N,Tianmen,Room 301,Hubei Province,Faixa de sinalização LED para motocicleta,"Faixa de sinalização LED para motocicleta, Material: Plástico e metal, caixa de papelão",Farol Lanterna Fita Led Traseira Pisca Moto Custom Harley || Lanterna 48 Led Fita Flexível Moto Pisca Luz Freio Custom || Lanterna De Freio E Pisca Moto Custom Cafe Racer Fita 48 Led Vermelho || Pisca 48 Led Fita Flexível Seta Lanterna Freio Moto Custom L Vermelho,789123400224|7895141622661|7895141634879,"R$ 6,55|R$ 6,75|R$ 6,85",Clássico,5.3,24.0,cadastro_fotos/228.png
23,Buttons on the steering wheel for vehicle cruise control,Manutenção automotiva,"Tianmen Fengcheng Trading Co. Ltd.
",99.49,24.0,,"Botões para controle de velocidade de cruzeiro no volante do veículo. Material: Plástico e metal. Dimensões individuais: 15 x 6,5 x 7,5 cm. Embalagem: caixa de papelão.",MLB1985589133,MLB1985589133|MLB4334035248,2.0,25/03/2026 12:53,23,SKU 23,23,"BK2T9E740AB
SKU 23",Buttons on the steering wheel for vehicle cruise control,"Buttons on the steering wheel for vehicle cruise control,  Material: Plastic and metal, Individual Size 15x6,5x7,5CM, cardboard box","Botões para controle de velocidade de cruzeiro no volante do veículo. Material: Plástico e metal. Dimensões individuais: 15 x 6,5 x 7,5 cm. Embalagem: caixa de papelão.", Material: Plastic and metal,Material: Plástico e metal,cardboard box,caixa de papelão,15.0,6.5,7.5,0.00073125,,"Individual Size 15x6,5x7,5CM",Manutenção automotiva,Em veículos automotores compatíveis,Revenda online,"160 - CHINA, REPÚBLICA POPULAR","Tianmen Fengcheng Trading Co. Ltd.
","Tianmen Fengcheng Trading Co. Ltd.
","Jingling Street, E-Commerce Industrial Park",S/N,Tianmen,Room 301,Hubei Province,Botões no volante para o controle de velocidade de cruzeiro do veículo.,"Botões para controle de velocidade de cruzeiro no volante do veículo. Material: Plástico e metal. Dimensões individuais: 15 x 6,5 x 7,5 cm. Embalagem: caixa de papelão.","Botao Piloto Automático Controle Velocidade Focus Mk 2,5 || Piloto Automático Controle De Velocidade Focus Mk2,5",7895141633926|7896259483076,"R$ 20,95|R$ 22,55",Clássico,99.49,24.0,cadastro_fotos/23.png
230-1,Right-side vehicle headlight washer cover,Manutenção automotiva,"Tianmen Fengcheng Trading Co. Ltd.
",15.82,24.0,,"Tampa do lava-faróis do lado direito do veículo, Material: Plástico, caixa de papelão",,,,25/03/2026 12:53,230-1,SKU 230-1,230-1,SKU 230-1,Right-side vehicle headlight washer cover,"Right-side vehicle headlight washer cover, Material: Plastic, cardboard box","Tampa do lava-faróis do lado direito do veículo, Material: Plástico, caixa de papelão",Material: Plastic,Material: Plástico,cardboard box,caixa de papelão,,,,0.0,,Individual Size xxCM,Manutenção automotiva,Em veículos automotores compatíveis,Revenda online,"160 - CHINA, REPÚBLICA POPULAR","Tianmen Fengcheng Trading Co. Ltd.
","Tianmen Fengcheng Trading Co. Ltd.
","Jingling Street, E-Commerce Industrial Park",S/N,Tianmen,Room 301,Hubei Province,Tampa do lavador do farol do lado direito do veículo,"Tampa do lava-faróis do lado direito do veículo, Material: Plástico, caixa de papelão",,,,,15.82,24.0,cadastro_fotos/230-1.png
230-2,Left side headlight washer cover,Manutenção automotiva,"Tianmen Fengcheng Trading Co. Ltd.
",15.82,24.0,,"Tampa do lavador do farol esquerdo, Material: Plástico, caixa de papelão",,,,25/03/2026 12:53,230-2,SKU 230-2,230-2,SKU 230-2,Left side headlight washer cover,"Left side headlight washer cover, Material: Plastic, cardboard box","Tampa do lavador do farol esquerdo, Material: Plástico, caixa de papelão",Material: Plastic,Material: Plástico,cardboard box,caixa de papelão,,,,0.0,,Individual Size xxCM,Manutenção automotiva,Em veículos automotores compatíveis,Revenda online,"160 - CHINA, REPÚBLICA POPULAR","Tianmen Fengcheng Trading Co. Ltd.
","Tianmen Fengcheng Trading Co. Ltd.
","Jingling Street, E-Commerce Industrial Park",S/N,Tianmen,Room 301,Hubei Province,Tampa do lavador do farol esquerdo,"Tampa do lavador do farol esquerdo, Material: Plástico, caixa de papelão",,,,,15.82,24.0,cadastro_fotos/230-2.png
230-K,Pair of headlight washer caps for the vehicle.,Manutenção automotiva,"Tianmen Fengcheng Trading Co. Ltd.
",24.93,24.0,,"Conjunto de duas tampas para lava-faróis do veículo. Material: Plástico, caixa de papelão.",,,,25/03/2026 12:53,230-K,SKU 230-k,230-k,SKU 230-k,Pair of headlight washer caps for the vehicle.,"Pair of headlight washer caps for the vehicle., Material: Plastic, cardboard box","Conjunto de duas tampas para lava-faróis do veículo. Material: Plástico, caixa de papelão.",Material: Plastic,Material: Plástico,cardboard box,caixa de papelão,,,,0.0,,Individual Size xxCM,Manutenção automotiva,Em veículos automotores compatíveis,Revenda online,"160 - CHINA, REPÚBLICA POPULAR","Tianmen Fengcheng Trading Co. Ltd.
","Tianmen Fengcheng Trading Co. Ltd.
","Jingling Street, E-Commerce Industrial Park",S/N,Tianmen,Room 301,Hubei Province,Conjunto de duas tampas para lava-faróis do veículo.,"Conjunto de duas tampas para lava-faróis do veículo. Material: Plástico, caixa de papelão.",,,,,24.93,24.0,
231,Vehicle handbrake button,Manutenção automotiva,"Tianmen Fengcheng Trading Co. Ltd.
",41.7,24.0,,"Botão do freio de mão do veículo, Material: Plástico e metal, caixa de papelão",,,,25/03/2026 12:53,231,SKU 231,231,SKU 231,Vehicle handbrake button,"Vehicle handbrake button, Material: Plastic and metal, cardboard box","Botão do freio de mão do veículo, Material: Plástico e metal, caixa de papelão",Material: Plastic and metal,Material: Plástico e metal,cardboard box,caixa de papelão,,,,0.0,,Individual Size xxCM,Manutenção automotiva,Em veículos automotores compatíveis,Revenda online,"160 - CHINA, REPÚBLICA POPULAR","Tianmen Fengcheng Trading Co. Ltd.
","Tianmen Fengcheng Trading Co. Ltd.
","Jingling Street, E-Commerce Industrial Park",S/N,Tianmen,Room 301,Hubei Province,Botão do freio de mão do veículo,"Botão do freio de mão do veículo, Material: Plástico e metal, caixa de papelão",,,,,41.7,24.0,cadastro_fotos/231.png
231-1,Vehicle handbrake button,Manutenção automotiva,"Tianmen Fengcheng Trading Co. Ltd.
",40.28,24.0,,"Botão do freio de mão do veículo, Material: Plástico e metal, caixa de papelão",,,,25/03/2026 12:53,231-1,SKU 231-1,231-1,SKU 231-1,Vehicle handbrake button,"Vehicle handbrake button, Material: Plastic and metal, cardboard box","Botão do freio de mão do veículo, Material: Plástico e metal, caixa de papelão",Material: Plastic and metal,Material: Plástico e metal,cardboard box,caixa de papelão,,,,0.0,,Individual Size xxCM,Manutenção automotiva,Em veículos automotores compatíveis,Revenda online,"160 - CHINA, REPÚBLICA POPULAR","Tianmen Fengcheng Trading Co. Ltd.
","Tianmen Fengcheng Trading Co. Ltd.
","Jingling Street, E-Commerce Industrial Park",S/N,Tianmen,Room 301,Hubei Province,Botão do freio de mão do veículo,"Botão do freio de mão do veículo, Material: Plástico e metal, caixa de papelão",,,,,40.28,24.0,cadastro_fotos/231-1.png
232-1,Pair of black vehicle front door handles,Manutenção automotiva,"Tianmen Fengcheng Trading Co. Ltd.
",54.61,24.0,,"Par de maçanetas pretas para portas dianteiras de veículos, Material: Plástico, caixa de papelão",-,-,1.0,25/03/2026 12:53,232-1,SKU 232-1,232-1,"51417279316 
SKU:232-1",Pair of black vehicle front door handles,"Pair of black vehicle front door handles, Material: Plastic, cardboard box","Par de maçanetas pretas para portas dianteiras de veículos, Material: Plástico, caixa de papelão",Material: Plastic,Material: Plástico,cardboard box,caixa de papelão,,,,0.0,,Individual Size xxCM,Manutenção automotiva,Em veículos automotores compatíveis,Revenda online,"160 - CHINA, REPÚBLICA POPULAR","Tianmen Fengcheng Trading Co. Ltd.
","Tianmen Fengcheng Trading Co. Ltd.
","Jingling Street, E-Commerce Industrial Park",S/N,Tianmen,Room 301,Hubei Province,Par de maçanetas pretas para portas dianteiras de veículos,"Par de maçanetas pretas para portas dianteiras de veículos, Material: Plástico, caixa de papelão",-,7895141623200,-,-,54.61,24.0,cadastro_fotos/232-1.png
232-2,Pair of black vehicle rear door handles,Manutenção automotiva,"Tianmen Fengcheng Trading Co. Ltd.
",64.55,24.0,,"Par de maçanetas pretas para portas traseiras de veículos, Material: Plástico, caixa de papelão",MLB2986686861,MLB2986686861|MLB3524022099|MLB4242821568,3.0,25/03/2026 12:53,232-2,SKU 232-2,232-2,"51427281465
SKU:232-2",Pair of black vehicle rear door handles,"Pair of black vehicle rear door handles, Material: Plastic, cardboard box","Par de maçanetas pretas para portas traseiras de veículos, Material: Plástico, caixa de papelão",Material: Plastic,Material: Plástico,cardboard box,caixa de papelão,,,,0.0,,Individual Size xxCM,Manutenção automotiva,Em veículos automotores compatíveis,Revenda online,"160 - CHINA, REPÚBLICA POPULAR","Tianmen Fengcheng Trading Co. Ltd.
","Tianmen Fengcheng Trading Co. Ltd.
","Jingling Street, E-Commerce Industrial Park",S/N,Tianmen,Room 301,Hubei Province,Par de maçanetas pretas para portas traseiras de veículos,"Par de maçanetas pretas para portas traseiras de veículos, Material: Plástico, caixa de papelão",Par Puxador Porta Traseira Bmw 320i 328i 335i 2011 A 2015 Preto || Par Puxador Porta Traseira Bmw 320i 328i 335i 2013 A 2018 Preto || Par Puxador Porta Traseira Bmw 320i 328i F30 2011 - 2015 Preto,7895141623842,"R$ 23,65|R$ 24,65",Clássico|Premium,64.55,24.0,cadastro_fotos/232-2.png
232-5,Pair of beige handles on the vehicle's front doors,Manutenção automotiva,"Tianmen Fengcheng Trading Co. Ltd.
",46.55,24.0,,"Par de puxadores bege nas portas dianteiras do veículo. Material: Plástico, caixa de papelão.",-,-,1.0,25/03/2026 12:53,232-5,SKU 232-5,232-5,"51417279315 
SKU:232-5",Pair of beige handles on the vehicle's front doors,"Pair of beige handles on the vehicle's front doors, Material: Plastic, cardboard box","Par de puxadores bege nas portas dianteiras do veículo. Material: Plástico, caixa de papelão.",Material: Plastic,Material: Plástico,cardboard box,caixa de papelão,,,,0.0,,Individual Size xxCM,Manutenção automotiva,Em veículos automotores compatíveis,Revenda online,"160 - CHINA, REPÚBLICA POPULAR","Tianmen Fengcheng Trading Co. Ltd.
","Tianmen Fengcheng Trading Co. Ltd.
","Jingling Street, E-Commerce Industrial Park",S/N,Tianmen,Room 301,Hubei Province,Par de maçanetas bege nas portas dianteiras do veículo,"Par de puxadores bege nas portas dianteiras do veículo. Material: Plástico, caixa de papelão.",-,7895141623200|7895141623859|7895141626690,-,-,46.55,24.0,cadastro_fotos/232-5.png
232-6,Pair of beige door handles on the rear doors of the vehicle,Manutenção automotiva,"Tianmen Fengcheng Trading Co. Ltd.
",79.71,24.0,,"Par de maçanetas bege para as portas traseiras do veículo. Material: Plástico, caixa de papelão.",,,,25/03/2026 12:53,232-6,SKU 232-6,232-6,232-6,Pair of beige door handles on the rear doors of the vehicle,"Pair of beige door handles on the rear doors of the vehicle, Material: Plastic, cardboard box","Par de maçanetas bege para as portas traseiras do veículo. Material: Plástico, caixa de papelão.",Material: Plastic,Material: Plástico,cardboard box,caixa de papelão,,,,,,Individual Size xxCM,Manutenção automotiva,Em veículos automotores compatíveis,Revenda online,"160 - CHINA, REPÚBLICA POPULAR","Tianmen Fengcheng Trading Co. Ltd.
","Tianmen Fengcheng Trading Co. Ltd.
","Jingling Street, E-Commerce Industrial Park",S/N,Tianmen,Room 301,Hubei Province,Par de maçanetas bege nas portas traseiras do veículo,"Par de maçanetas bege para as portas traseiras do veículo. Material: Plástico, caixa de papelão.",,,,,79.71,24.0,cadastro_fotos/232-6.png
234,Electric vehicle window controls,Manutenção automotiva,"Tianmen Fengcheng Trading Co. Ltd.
",38.44,24.0,,"Controles de janela para veículos elétricos, Material: Plástico e metal, caixa de papelão",,,,25/03/2026 12:53,234,SKU 234,234,SKU 234,Electric vehicle window controls,"Electric vehicle window controls, Material: Plastic and metal, cardboard box","Controles de janela para veículos elétricos, Material: Plástico e metal, caixa de papelão",Material: Plastic and metal,Material: Plástico e metal,cardboard box,caixa de papelão,,,,0.0,,Individual Size xxCM,Manutenção automotiva,Em veículos automotores compatíveis,Revenda online,"160 - CHINA, REPÚBLICA POPULAR","Tianmen Fengcheng Trading Co. Ltd.
","Tianmen Fengcheng Trading Co. Ltd.
","Jingling Street, E-Commerce Industrial Park",S/N,Tianmen,Room 301,Hubei Province,controles de janela de veículo elétrico,"Controles de janela para veículos elétricos, Material: Plástico e metal, caixa de papelão",,,,,38.44,24.0,cadastro_fotos/234.png
236,Vehicle fan resistance,Manutenção automotiva,"Tianmen Fengcheng Trading Co. Ltd.
",43.23,24.0,,"Resistência do ventilador do veículo, Material: Plástico e metal, caixa de papelão",,,,25/03/2026 12:53,236,SKU 236,236,SKU 236,Vehicle fan resistance ,"Vehicle fan resistance , Material: Plastic and metal, cardboard box","Resistência do ventilador do veículo, Material: Plástico e metal, caixa de papelão",Material: Plastic and metal,Material: Plástico e metal,cardboard box,caixa de papelão,,,,0.0,,Individual Size xxCM,Manutenção automotiva,Em veículos automotores compatíveis,Revenda online,"160 - CHINA, REPÚBLICA POPULAR","Tianmen Fengcheng Trading Co. Ltd.
","Tianmen Fengcheng Trading Co. Ltd.
","Jingling Street, E-Commerce Industrial Park",S/N,Tianmen,Room 301,Hubei Province,Resistência do ventilador do veículo,"Resistência do ventilador do veículo, Material: Plástico e metal, caixa de papelão",,,,,43.23,24.0,cadastro_fotos/236.png
238-1,Rigth bumper grille of the vehicle,Manutenção automotiva,"Tianmen Fengcheng Trading Co. Ltd.
",23.99,24.0,,"Grade do para-choque direito do veículo, Material: Plástico, caixa de papelão",,,,25/03/2026 12:53,238-1,SKU 238-1,238-1,SKU 238-1,Rigth bumper grille of the vehicle,"Rigth bumper grille of the vehicle, Material: Plastic, cardboard box","Grade do para-choque direito do veículo, Material: Plástico, caixa de papelão",Material: Plastic,Material: Plástico,cardboard box,caixa de papelão,,,,0.0,,Individual Size xxCM,Manutenção automotiva,Em veículos automotores compatíveis,Revenda online,"160 - CHINA, REPÚBLICA POPULAR","Tianmen Fengcheng Trading Co. Ltd.
","Tianmen Fengcheng Trading Co. Ltd.
","Jingling Street, E-Commerce Industrial Park",S/N,Tianmen,Room 301,Hubei Province,Grade do para-choque direito do veículo,"Grade do para-choque direito do veículo, Material: Plástico, caixa de papelão",,,,,23.99,24.0,cadastro_fotos/238-1.png
238-2,Left bumper grille of the vehicle,Manutenção automotiva,"Tianmen Fengcheng Trading Co. Ltd.
",23.99,24.0,,"Grade do para-choque esquerdo do veículo, Material: Plástico, caixa de papelão",,,,25/03/2026 12:53,238-2,SKU 238-2,238-2,SKU 238-2,Left bumper grille of the vehicle,"Left bumper grille of the vehicle, Material: Plastic, cardboard box","Grade do para-choque esquerdo do veículo, Material: Plástico, caixa de papelão",Material: Plastic,Material: Plástico,cardboard box,caixa de papelão,,,,0.0,,Individual Size xxCM,Manutenção automotiva,Em veículos automotores compatíveis,Revenda online,"160 - CHINA, REPÚBLICA POPULAR","Tianmen Fengcheng Trading Co. Ltd.
","Tianmen Fengcheng Trading Co. Ltd.
","Jingling Street, E-Commerce Industrial Park",S/N,Tianmen,Room 301,Hubei Province,Grade do para-choque esquerdo do veículo,"Grade do para-choque esquerdo do veículo, Material: Plástico, caixa de papelão",,,,,23.99,24.0,cadastro_fotos/238-2.png
238-K,Vehicle bumper grille (pair),Manutenção automotiva,"Tianmen Fengcheng Trading Co. Ltd.
",47.98,24.0,,"Grade de proteção do para-choque do veículo (par), Material: Plástico, Tamanho individual 18x15x6CM, caixa de papelão",,,,25/03/2026 12:53,238-K,SKU 238-K,238-K,SKU 238-K,Vehicle bumper grille (pair),"Vehicle bumper grille (pair), Material: Plastic, Individual Size 18x15x6CM, cardboard box","Grade de proteção do para-choque do veículo (par), Material: Plástico, Tamanho individual 18x15x6CM, caixa de papelão",Material: Plastic,Material: Plástico,cardboard box,caixa de papelão,18.0,15.0,6.0,0.00162,275,Individual Size 18x15x6CM,Manutenção automotiva,Em veículos automotores compatíveis,Revenda online,"160 - CHINA, REPÚBLICA POPULAR","Tianmen Fengcheng Trading Co. Ltd.
","Tianmen Fengcheng Trading Co. Ltd.
","Jingling Street, E-Commerce Industrial Park",S/N,Tianmen,Room 301,Hubei Province,Grade do para-choque do veículo (par),"Grade de proteção do para-choque do veículo (par), Material: Plástico, Tamanho individual 18x15x6CM, caixa de papelão",,,,,47.98,24.0,cadastro_fotos/238-K.png
239-1,"Vehicle bumper reflectors, Rigth side.",Manutenção automotiva,"Tianmen Fengcheng Trading Co. Ltd.
",34.16,24.0,,"Refletores do para-choque do veículo, lado direito. Material: Plástico, caixa de papelão.",,,,25/03/2026 12:53,239-1,SKU 239-1,239-1,SKU 239-1,"Vehicle bumper reflectors, Rigth side.","Vehicle bumper reflectors, Rigth side., Material: Plastic, cardboard box","Refletores do para-choque do veículo, lado direito. Material: Plástico, caixa de papelão.",Material: Plastic,Material: Plástico,cardboard box,caixa de papelão,,,,0.0,,Individual Size xxCM,Manutenção automotiva,Em veículos automotores compatíveis,Revenda online,"160 - CHINA, REPÚBLICA POPULAR","Tianmen Fengcheng Trading Co. Ltd.
","Tianmen Fengcheng Trading Co. Ltd.
","Jingling Street, E-Commerce Industrial Park",S/N,Tianmen,Room 301,Hubei Province,"Refletores do para-choque do veículo, lado direito.","Refletores do para-choque do veículo, lado direito. Material: Plástico, caixa de papelão.",,,,,34.16,24.0,cadastro_fotos/239-1.png
239-2,"Vehicle bumper reflectors, left side.",Manutenção automotiva,"Tianmen Fengcheng Trading Co. Ltd.
",34.16,24.0,,"Refletores do para-choque do veículo, lado esquerdo. Material: Plástico, caixa de papelão.",,,,25/03/2026 12:53,239-2,SKU 239-2,239-2,SKU 239-2,"Vehicle bumper reflectors, left side.","Vehicle bumper reflectors, left side., Material: Plastic, cardboard box","Refletores do para-choque do veículo, lado esquerdo. Material: Plástico, caixa de papelão.",Material: Plastic,Material: Plástico,cardboard box,caixa de papelão,,,,0.0,,Individual Size xxCM,Manutenção automotiva,Em veículos automotores compatíveis,Revenda online,"160 - CHINA, REPÚBLICA POPULAR","Tianmen Fengcheng Trading Co. Ltd.
","Tianmen Fengcheng Trading Co. Ltd.
","Jingling Street, E-Commerce Industrial Park",S/N,Tianmen,Room 301,Hubei Province,"Refletores do para-choque do veículo, lado esquerdo.","Refletores do para-choque do veículo, lado esquerdo. Material: Plástico, caixa de papelão.",,,,,34.16,24.0,cadastro_fotos/239-2.png
239-K,Pair of vehicle bumper reflectors,Manutenção automotiva,"Tianmen Fengcheng Trading Co. Ltd.
",68.32,24.0,,"Conjunto de dois refletores para para-choque de veículo. Material: Plástico, caixa de papelão.",,,,25/03/2026 12:53,239-K,SKU 239-K,239-K,SKU 239-K,Pair of vehicle bumper reflectors,"Pair of vehicle bumper reflectors, Material: Plastic, cardboard box","Conjunto de dois refletores para para-choque de veículo. Material: Plástico, caixa de papelão.",Material: Plastic,Material: Plástico,cardboard box,caixa de papelão,,,,0.0,,Individual Size xxCM,Manutenção automotiva,Em veículos automotores compatíveis,Revenda online,"160 - CHINA, REPÚBLICA POPULAR","Tianmen Fengcheng Trading Co. Ltd.
","Tianmen Fengcheng Trading Co. Ltd.
","Jingling Street, E-Commerce Industrial Park",S/N,Tianmen,Room 301,Hubei Province,Par de refletores de para-choque de veículo,"Conjunto de dois refletores para para-choque de veículo. Material: Plástico, caixa de papelão.",,,,,68.32,24.0,cadastro_fotos/239-K.png
241,Motorcycle Phone Holder with USB Switch,Suporte de celular para motos,"Tianmen Fengcheng Trading Co. Ltd.
",53.92,24.0,,"Suporte para celular de motocicleta com interruptor USB, Material: Plástico e metal, Tamanho individual 18x11,5x5cm, caixa de papelão",MLB2069105883,MLB2069105883|MLB3151181904|MLB3151206855|MLB3151207086|MLB3553306191|MLB4326100438|MLB4407660734|MLB5700799638,8.0,25/03/2026 12:53,241,SKU 241,241,"AR-0-193-01 
SKU 241",Motorcycle Phone Holder with USB Switch,"Motorcycle Phone Holder with USB Switch, Material: Plastic and metal, Individual Size 18x11,5x5CM, cardboard box","Suporte para celular de motocicleta com interruptor USB, Material: Plástico e metal, Tamanho individual 18x11,5x5cm, caixa de papelão",Material: Plastic and metal,Material: Plástico e metal,cardboard box,caixa de papelão,18.0,11.5,5.0,0.001035,249,"Individual Size 18x11,5x5CM",Suporte de celular para motos,Em veículos automotores compatíveis,Revenda online,"160 - CHINA, REPÚBLICA POPULAR","Tianmen Fengcheng Trading Co. Ltd.
","Tianmen Fengcheng Trading Co. Ltd.
","Jingling Street, E-Commerce Industrial Park",S/N,Tianmen,Room 301,Hubei Province,Suporte para celular de motocicleta com interruptor USB,"Suporte para celular de motocicleta com interruptor USB, Material: Plástico e metal, Tamanho individual 18x11,5x5cm, caixa de papelão",Adaptador Gps Suporte Celular Moto Bmw 1200 1250 R1200 R1250 || Adaptador Gps Suporte Celular Moto Bmw 1200 1250 R1200 R1250 Preto || Suporte Adaptador Celular Gps Para Bmw R 1250 R 1200 Gs Preto || Suporte Bmw Celular Moto Gps R 1200 R 1250 Gs F 850 F 800 Preto || Suporte Celular Moto Gps Bmw R 1200 R 1250 Gs F 850 F 800 Preto || Suporte Celular Moto Gps Bmw R1200/r1250 Gs F 850 F 800 Preto || Suporte Celular Moto Gps Honda Cb 500x 2019... Preto || Suporte Smartphone No Gps Navegator Bmw Gs 1250 Preto,3614613463540|789123400224|7895141634763|7895141635746|7895141651746,"R$ 20,95|R$ 22,55|R$ 23,65",Premium,53.92,24.0,cadastro_fotos/241.png
241-1,Mobile phone holder with and wireless changer,Suporte de celular para motos,"Tianmen Fengcheng Trading Co. Ltd.
",105.07,24.0,,"Suporte para celular com carregador sem fio, Material: Plástico e metal, Tamanho individual 18x11,5x5cm, caixa de papelão",MLB2785924487,MLB2785924487|MLB3564793417|MLB4334094249,3.0,25/03/2026 12:53,241-1,SKU 241-1,241-1," 
SKU 241-1",Mobile phone holder with and wireless changer ,"Mobile phone holder with and wireless changer , Material: Plastic and metal, Individual Size 18x11,5x5CM, cardboard box","Suporte para celular com carregador sem fio, Material: Plástico e metal, Tamanho individual 18x11,5x5cm, caixa de papelão",Material: Plastic and metal,Material: Plástico e metal,cardboard box,caixa de papelão,18.0,11.5,5.0,0.001035,272,"Individual Size 18x11,5x5CM",Suporte de celular para motos,Em veículos automotores compatíveis,Revenda online,"160 - CHINA, REPÚBLICA POPULAR","Tianmen Fengcheng Trading Co. Ltd.
","Tianmen Fengcheng Trading Co. Ltd.
","Jingling Street, E-Commerce Industrial Park",S/N,Tianmen,Room 301,Hubei Province,Suporte para celular com carregador sem fio.,"Suporte para celular com carregador sem fio, Material: Plástico e metal, Tamanho individual 18x11,5x5cm, caixa de papelão",Suporte Celular Bmw Gs1200 1250 F850 Xr 1000 Por Indução Preto || Suporte Celular Por Indução Bmw Gs1200 1250 F850 Xr 1000 Preto || Suporte Celular Por Indução P/ Bmw Gs1200 1250 F850 Xr 1000 Preto,7895141631854|7895141634893|7895141650183,"R$ 20,95|R$ 22,55|R$ 23,65",Clássico,105.07,24.0,cadastro_fotos/241-1.png
243,Oil Pressure Sensor,Manutenção automotiva,"Tianmen Fengcheng Trading Co. Ltd.
",,,,"Sensor de pressão de óleo, Material: Plástico e metal, Tamanho individual 8x3x3cm, caixa de papelão",,,,25/03/2026 12:53,243,SKU 243,243,SKU 243,Oil Pressure Sensor,"Oil Pressure Sensor, Material: Plastic and metal, Individual Size 8x3x3CM, cardboard box","Sensor de pressão de óleo, Material: Plástico e metal, Tamanho individual 8x3x3cm, caixa de papelão",Material: Plastic and metal,Material: Plástico e metal,cardboard box,caixa de papelão,8.0,3.0,3.0,7.2e-05,6,Individual Size 8x3x3CM,Manutenção automotiva,Em veículos automotores compatíveis,Revenda online,"160 - CHINA, REPÚBLICA POPULAR","Tianmen Fengcheng Trading Co. Ltd.
","Tianmen Fengcheng Trading Co. Ltd.
","Jingling Street, E-Commerce Industrial Park",S/N,Tianmen,Room 301,Hubei Province,Sensor de pressão de óleo,"Sensor de pressão de óleo, Material: Plástico e metal, Tamanho individual 8x3x3cm, caixa de papelão",,,,,,,cadastro_fotos/243.png
244,Vehicle fuel tank cap,Manutenção automotiva,"Tianmen Fengcheng Trading Co. Ltd.
",21.36,24.0,,"Tampa do tanque de combustível do veículo, Material: Plástico, caixa de papelão",,,,25/03/2026 12:53,244,SKU 244,244," 
SKU 244",Vehicle fuel tank cap,"Vehicle fuel tank cap, Material: Plastic, cardboard box","Tampa do tanque de combustível do veículo, Material: Plástico, caixa de papelão",Material: Plastic,Material: Plástico,cardboard box,caixa de papelão,,,,0.0,,Individual Size xxCM,Manutenção automotiva,Em veículos automotores compatíveis,Revenda online,"160 - CHINA, REPÚBLICA POPULAR","Tianmen Fengcheng Trading Co. Ltd.
","Tianmen Fengcheng Trading Co. Ltd.
","Jingling Street, E-Commerce Industrial Park",S/N,Tianmen,Room 301,Hubei Province,Tampa do tanque de combustível do veículo,"Tampa do tanque de combustível do veículo, Material: Plástico, caixa de papelão",,,,,21.36,24.0,cadastro_fotos/244.png
245,Automatic transmission shift cover mat,Manutenção automotiva,"Tianmen Fengcheng Trading Co. Ltd.
",38.12,24.0,,"Tapete para cobertura da alavanca de câmbio automática, Material: Plástico, Tamanho individual 23x5x1CM, caixa de papelão",MLB2029586794,MLB2029586794|MLB2029606011|MLB3654137869,3.0,25/03/2026 12:53,245,SKU 245,245,245,Automatic transmission shift cover mat ,"Automatic transmission shift cover mat , Material: Plastic, Individual Size 23x5x1CM, cardboard box","Tapete para cobertura da alavanca de câmbio automática, Material: Plástico, Tamanho individual 23x5x1CM, caixa de papelão",Material: Plastic,Material: Plástico,cardboard box,caixa de papelão,23.0,5.0,1.0,0.000115,40,Individual Size 23x5x1CM,Manutenção automotiva,Em veículos automotores compatíveis,Revenda online,"160 - CHINA, REPÚBLICA POPULAR","Tianmen Fengcheng Trading Co. Ltd.
","Tianmen Fengcheng Trading Co. Ltd.
","Jingling Street, E-Commerce Industrial Park",S/N,Tianmen,Room 301,Hubei Province,Tapete de cobertura da alavanca de câmbio da transmissão automática,"Tapete para cobertura da alavanca de câmbio automática, Material: Plástico, Tamanho individual 23x5x1CM, caixa de papelão",Esteira Alavanca Câmbio Tiptronic Jetta Bora Golf Mk4 Passat Preto || Esteira Câmbio Automático Jetta Bora Golf Mk4 Passat || Esteira Do Câmbio Automático Jetta Bora Polo Mk4 Tiptronic,7895141623460|7895141631984,"R$ 20,95|R$ 23,65",Clássico|Premium,38.12,24.0,cadastro_fotos/245.png
246,Automatic transmission shift cover mat,Manutenção automotiva,"Tianmen Fengcheng Trading Co. Ltd.
",32.73,24.0,,"Tapete para cobertura da alavanca de câmbio automática, Material: Plástico, Tamanho individual 15x8x0,5CM, caixa de papelão",MLB1960550832,MLB1960550832|MLB1960560520,2.0,25/03/2026 12:53,246,SKU 246,246,SKU 246,Automatic transmission shift cover mat ,"Automatic transmission shift cover mat , Material: Plastic, Individual Size 15x8x0,5CM, cardboard box","Tapete para cobertura da alavanca de câmbio automática, Material: Plástico, Tamanho individual 15x8x0,5CM, caixa de papelão",Material: Plastic,Material: Plástico,cardboard box,caixa de papelão,15.0,8.0,0.5,6e-05,2,"Individual Size 15x8x0,5CM",Manutenção automotiva,Em veículos automotores compatíveis,Revenda online,"160 - CHINA, REPÚBLICA POPULAR","Tianmen Fengcheng Trading Co. Ltd.
","Tianmen Fengcheng Trading Co. Ltd.
","Jingling Street, E-Commerce Industrial Park",S/N,Tianmen,Room 301,Hubei Province,Tapete de cobertura da alavanca de câmbio da transmissão automática,"Tapete para cobertura da alavanca de câmbio automática, Material: Plástico, Tamanho individual 15x8x0,5CM, caixa de papelão",Esteira Cambio Volvo C70 C30 S40 V50 2004/2013 Preto || Esteira Do Câmbio Automático Volvo C30 V50 S40 C70 - 8699465 Preto,7895141624801,"R$ 14,35|R$ 16,45",Clássico,32.73,24.0,cadastro_fotos/246.png
248,Vehicle speed sensor with gear,Manutenção automotiva,"Tianmen Fengcheng Trading Co. Ltd.
",,,,"Sensor de velocidade veicular com engrenagem, Material: metal e plástico, Tamanho individual 12x9x5CM, caixa de papelão",,,,25/03/2026 12:53,248,SKU 248,248,SKU 248,Vehicle speed sensor with gear,"Vehicle speed sensor with gear, Material: metal and plastic, Individual Size 12x9x5CM, cardboard box","Sensor de velocidade veicular com engrenagem, Material: metal e plástico, Tamanho individual 12x9x5CM, caixa de papelão",Material: metal and plastic,Material: metal e plástico,cardboard box,caixa de papelão,12.0,9.0,5.0,0.00054,19,Individual Size 12x9x5CM,Manutenção automotiva,Em veículos automotores compatíveis,Revenda online,"160 - CHINA, REPÚBLICA POPULAR","Tianmen Fengcheng Trading Co. Ltd.
","Tianmen Fengcheng Trading Co. Ltd.
","Jingling Street, E-Commerce Industrial Park",S/N,Tianmen,Room 301,Hubei Province,Sensor de velocidade do veículo com engrenagem,"Sensor de velocidade veicular com engrenagem, Material: metal e plástico, Tamanho individual 12x9x5CM, caixa de papelão",,,,,,,cadastro_fotos/248.png
250-1,"Headlight washer for vehicle bumpers, Rigth side",Manutenção automotiva,"Tianmen Fengcheng Trading Co. Ltd.
",24.55,24.0,,"Lavador de faróis para para-choques de veículos, lado direito, material: plástico, tamanho individual 8x5x2cm, caixa de papelão",,,,25/03/2026 12:53,250-1,SKU 250-1,250-1,SKU 250-1,"Headlight washer for vehicle bumpers, Rigth side","Headlight washer for vehicle bumpers, Rigth side, Material: Plastic, Individual Size 8x5x2CM, cardboard box","Lavador de faróis para para-choques de veículos, lado direito, material: plástico, tamanho individual 8x5x2cm, caixa de papelão",Material: Plastic,Material: Plástico,cardboard box,caixa de papelão,8.0,5.0,2.0,8e-05,,Individual Size 8x5x2CM,Manutenção automotiva,Em veículos automotores compatíveis,Revenda online,"160 - CHINA, REPÚBLICA POPULAR","Tianmen Fengcheng Trading Co. Ltd.
","Tianmen Fengcheng Trading Co. Ltd.
","Jingling Street, E-Commerce Industrial Park",S/N,Tianmen,Room 301,Hubei Province,"Lavador de faróis para para-choques de veículos, lado direito","Lavador de faróis para para-choques de veículos, lado direito, material: plástico, tamanho individual 8x5x2cm, caixa de papelão",,,,,24.55,24.0,cadastro_fotos/250-1.png
250-2,"Headlight washer for vehicle bumpers, Left side",Manutenção automotiva,"Tianmen Fengcheng Trading Co. Ltd.
",24.55,24.0,,"Lavador de farol para para-choques de veículos, lado esquerdo, material: plástico, tamanho individual 8x5x2cm, caixa de papelão",MLB2070880558,MLB2070880558|MLB3279320197|MLB3438472595,3.0,25/03/2026 12:53,250-2,SKU 250-2,250-2,SKU 250-2,"Headlight washer for vehicle bumpers, Left side","Headlight washer for vehicle bumpers, Left side, Material: Plastic, Individual Size 8x5x2CM, cardboard box","Lavador de farol para para-choques de veículos, lado esquerdo, material: plástico, tamanho individual 8x5x2cm, caixa de papelão",Material: Plastic,Material: Plástico,cardboard box,caixa de papelão,8.0,5.0,2.0,8e-05,,Individual Size 8x5x2CM,Manutenção automotiva,Em veículos automotores compatíveis,Revenda online,"160 - CHINA, REPÚBLICA POPULAR","Tianmen Fengcheng Trading Co. Ltd.
","Tianmen Fengcheng Trading Co. Ltd.
","Jingling Street, E-Commerce Industrial Park",S/N,Tianmen,Room 301,Hubei Province,"Lavador de faróis para para-choques de veículos, lado esquerdo","Lavador de farol para para-choques de veículos, lado esquerdo, material: plástico, tamanho individual 8x5x2cm, caixa de papelão",Tampa Esguicho Agua Farol Xenon Hyundai Azera 2012 A 14 Esq Preto Esquerdo || Tampa Esguicho Lavador Farol Esquerdo Azera 2012 A 2014 Preto Esquerdo || Tampa Esguicho Lavador Farol Sorento 2010 2011 2012 2013 Preto Esquerdo,7895141624825,"R$ 16,45|R$ 18,45|R$ 7,75",Clássico|Premium,24.55,24.0,cadastro_fotos/250-2.png
250-K,Set of two headlight washers for vehicle bumpers.,Manutenção automotiva,"Tianmen Fengcheng Trading Co. Ltd.
",49.11,24.0,,Conjunto de dois lavadores de faróis para para-choques de veículos. Material: Plástico. Tamanho individual: 8x5x4cm. Embalagem: Caixa de papelão.,,,,25/03/2026 12:53,250-K,SKU 250-K,250-K,SKU 250,Set of two headlight washers for vehicle bumpers.,"Set of two headlight washers for vehicle bumpers., Material: Plastic, Individual Size 8x5x4CM, cardboard box",Conjunto de dois lavadores de faróis para para-choques de veículos. Material: Plástico. Tamanho individual: 8x5x4cm. Embalagem: Caixa de papelão.,Material: Plastic,Material: Plástico,cardboard box,caixa de papelão,8.0,5.0,4.0,0.00016,,Individual Size 8x5x4CM,Manutenção automotiva,Em veículos automotores compatíveis,Revenda online,"160 - CHINA, REPÚBLICA POPULAR","Tianmen Fengcheng Trading Co. Ltd.
","Tianmen Fengcheng Trading Co. Ltd.
","Jingling Street, E-Commerce Industrial Park",S/N,Tianmen,Room 301,Hubei Province,Conjunto de dois lavadores de faróis para para-choques de veículos.,Conjunto de dois lavadores de faróis para para-choques de veículos. Material: Plástico. Tamanho individual: 8x5x4cm. Embalagem: Caixa de papelão.,,,,,49.11,24.0,cadastro_fotos/250-K.png
251,Nebulizer sprinkler nozzle for irrigation,Manutenção automotiva,"Tianmen Fengcheng Trading Co. Ltd.
",8.71,24.0,,"Bocal nebulizador para irrigação, Material: Metal e plástico, caixa de papelão",MLB2069158192,MLB2069158192|MLB3006387706|MLB3379329771|MLB3576238175|MLB4165369732,5.0,25/03/2026 12:53,251,SKU 251,251,SKU 251,Nebulizer sprinkler nozzle for irrigation,"Nebulizer sprinkler nozzle for irrigation, Material: Metal and plastic, cardboard box","Bocal nebulizador para irrigação, Material: Metal e plástico, caixa de papelão",Material: Metal and plastic,Material: Metal e plástico,cardboard box,caixa de papelão,,,,0.0,,Individual Size xxCM,Manutenção automotiva,Em veículos automotores compatíveis,Revenda online,"160 - CHINA, REPÚBLICA POPULAR","Tianmen Fengcheng Trading Co. Ltd.
","Tianmen Fengcheng Trading Co. Ltd.
","Jingling Street, E-Commerce Industrial Park",S/N,Tianmen,Room 301,Hubei Province,Bocal de nebulizador para irrigação,"Bocal nebulizador para irrigação, Material: Metal e plástico, caixa de papelão",Bico Aspersor Irrigação Jardim Metal Latão 1/2 Ajustável || Bico Aspersor Nebulizador 1/2 Latão Metal  Regulável || Bico Aspersor Nebulizador 1/2 Latão Metal Regul || Bico Aspersor Nebulizador Irrigação Pulverização Regulável || Bico Nebulizador Aspersor 1/2 Latão Horta Estufa Jardim,789123400224|7895141623385|7895141635494,"R$ 14,15|R$ 18,45|R$ 7,75|R$ 8,05",Clássico,8.71,24.0,cadastro_fotos/251.png
252-1,"Headlight washer for vehicle bumpers, Rigth side",Manutenção automotiva,"Tianmen Fengcheng Trading Co. Ltd.
",12.96,24.0,,"Lavador de faróis para para-choques de veículos, lado direito, material: plástico, tamanho individual 8x5x2cm, caixa de papelão",MLB2064402990,MLB2064402990|MLB2915600373|MLB3892173916,3.0,25/03/2026 12:53,252-1,SKU 252-1,252-1,SKU 252-1,"Headlight washer for vehicle bumpers, Rigth side","Headlight washer for vehicle bumpers, Rigth side, Material: Plastic, Individual Size 8x5x2CM, cardboard box","Lavador de faróis para para-choques de veículos, lado direito, material: plástico, tamanho individual 8x5x2cm, caixa de papelão",Material: Plastic,Material: Plástico,cardboard box,caixa de papelão,8.0,5.0,2.0,8e-05,,Individual Size 8x5x2CM,Manutenção automotiva,Em veículos automotores compatíveis,Revenda online,"160 - CHINA, REPÚBLICA POPULAR","Tianmen Fengcheng Trading Co. Ltd.
","Tianmen Fengcheng Trading Co. Ltd.
","Jingling Street, E-Commerce Industrial Park",S/N,Tianmen,Room 301,Hubei Province,"Lavador de faróis para para-choques de veículos, lado direito","Lavador de faróis para para-choques de veículos, lado direito, material: plástico, tamanho individual 8x5x2cm, caixa de papelão",Tampa Esguicho Parachoque Focus 2014 2015 Lado Direito Preto Direito || Tampa Lavador Esguicho Farol Direito Focus 2014 A 2015 Preto Direito || Tampinha Esguich Limpador Farol Direito Focus 2014 2015 Preto Direito,7895141625990,"R$ 15,45|R$ 18,45|R$ 7,75",Clássico,12.96,24.0,cadastro_fotos/252-1.png
252-2,"Headlight washer for vehicle bumpers, Left side",Manutenção automotiva,"Tianmen Fengcheng Trading Co. Ltd.
",12.96,24.0,,"Lavador de farol para para-choques de veículos, lado esquerdo, material: plástico, tamanho individual 8x5x2cm, caixa de papelão",MLB2064402995,MLB2064402995,1.0,25/03/2026 12:53,252-2,SKU 252-2,252-2,SKU 252-2,"Headlight washer for vehicle bumpers, Left side","Headlight washer for vehicle bumpers, Left side, Material: Plastic, Individual Size 8x5x2CM, cardboard box","Lavador de farol para para-choques de veículos, lado esquerdo, material: plástico, tamanho individual 8x5x2cm, caixa de papelão",Material: Plastic,Material: Plástico,cardboard box,caixa de papelão,8.0,5.0,2.0,8e-05,,Individual Size 8x5x2CM,Manutenção automotiva,Em veículos automotores compatíveis,Revenda online,"160 - CHINA, REPÚBLICA POPULAR","Tianmen Fengcheng Trading Co. Ltd.
","Tianmen Fengcheng Trading Co. Ltd.
","Jingling Street, E-Commerce Industrial Park",S/N,Tianmen,Room 301,Hubei Province,"Lavador de faróis para para-choques de veículos, lado esquerdo","Lavador de farol para para-choques de veículos, lado esquerdo, material: plástico, tamanho individual 8x5x2cm, caixa de papelão",Tampa Lavador Esguicho Farol Esquerdo Focus 2014 A 2015 Preto Esquerdo,7895141626140,"R$ 7,95",Premium,12.96,24.0,cadastro_fotos/252-2.png
252-K,Set of two headlight washers for vehicle bumpers.,Manutenção automotiva,"Tianmen Fengcheng Trading Co. Ltd.
",25.92,24.0,,Conjunto de dois lavadores de faróis para para-choques de veículos. Material: Plástico. Tamanho individual: 8x5x4cm. Embalagem: Caixa de papelão.,MLB2064415567,MLB2064415567|MLB3287683073|MLB3467687640,3.0,25/03/2026 12:53,252-K,SKU 252-K,252-K,SKU 252-K,Set of two headlight washers for vehicle bumpers.,"Set of two headlight washers for vehicle bumpers., Material: Plastic, Individual Size 8x5x4CM, cardboard box",Conjunto de dois lavadores de faróis para para-choques de veículos. Material: Plástico. Tamanho individual: 8x5x4cm. Embalagem: Caixa de papelão.,Material: Plastic,Material: Plástico,cardboard box,caixa de papelão,8.0,5.0,4.0,0.00016,,Individual Size 8x5x4CM,Manutenção automotiva,Em veículos automotores compatíveis,Revenda online,"160 - CHINA, REPÚBLICA POPULAR","Tianmen Fengcheng Trading Co. Ltd.
","Tianmen Fengcheng Trading Co. Ltd.
","Jingling Street, E-Commerce Industrial Park",S/N,Tianmen,Room 301,Hubei Province,Conjunto de dois lavadores de faróis para para-choques de veículos.,Conjunto de dois lavadores de faróis para para-choques de veículos. Material: Plástico. Tamanho individual: 8x5x4cm. Embalagem: Caixa de papelão.,Par De Tampas Esguicho Lavador Do Farol Focus 2013 2014 2015 || Par Tampa Esguicho Farol Ford Focus 2014 E 2015,7895141623774|7895141631977,"R$ 16,45|R$ 20,95",Clássico|Premium,25.92,24.0,cadastro_fotos/252-K.png
254-1,Gasoline fuel pump,Manutenção automotiva,"Tianmen Fengcheng Trading Co. Ltd.
",337.15,24.0,,"Bomba de combustível a gasolina, Material: Metal e plástico, Dimensões individuais: 29x18x27cm, caixa de papelão",,,,25/03/2026 12:53,254-1,SKU 254-1,254-1,"LR057235
SKU 254-1",Gasoline fuel pump ,"Gasoline fuel pump , Material: Metal and plastic , Individual Size 29x18x27CM, cardboard box","Bomba de combustível a gasolina, Material: Metal e plástico, Dimensões individuais: 29x18x27cm, caixa de papelão",Material: Metal and plastic ,Material: Metal e plástico,cardboard box,caixa de papelão,29.0,18.0,27.0,0.014094,1562,Individual Size 29x18x27CM,Manutenção automotiva,Em veículos automotores compatíveis,Revenda online,"160 - CHINA, REPÚBLICA POPULAR","Tianmen Fengcheng Trading Co. Ltd.
","Tianmen Fengcheng Trading Co. Ltd.
","Jingling Street, E-Commerce Industrial Park",S/N,Tianmen,Room 301,Hubei Province,Bomba de combustível de gasolina,"Bomba de combustível a gasolina, Material: Metal e plástico, Dimensões individuais: 29x18x27cm, caixa de papelão",,,,,337.15,24.0,cadastro_fotos/254-1.png
254-1-CONEXÃO,Fuel pump connection for LR057235.,Manutenção automotiva,"Tianmen Fengcheng Trading Co. Ltd.
",,,,"Conexão da bomba de combustível para LR057235. Material: Plástico, caixa de plástico.",,,,25/03/2026 12:53,254-1-CONEXÃO,SKU 254-1-Conexão,254-1-Conexão,SKU 254-2,Fuel pump connection for LR057235.,"Fuel pump connection for LR057235., Material: Plastic , plastic box","Conexão da bomba de combustível para LR057235. Material: Plástico, caixa de plástico.",Material: Plastic ,Material: Plástico,plastic box,caixa de plástico,,,,0.0,1562,Individual Size xxCM,Manutenção automotiva,Em veículos automotores compatíveis,Revenda online,"160 - CHINA, REPÚBLICA POPULAR","Tianmen Fengcheng Trading Co. Ltd.
","Tianmen Fengcheng Trading Co. Ltd.
","Jingling Street, E-Commerce Industrial Park",S/N,Tianmen,Room 301,Hubei Province,Conexão da bomba de combustível para LR057235.,"Conexão da bomba de combustível para LR057235. Material: Plástico, caixa de plástico.",,,,,,,
254-1-REFIL,"Replacement motor for fuel pump motor maintenance, compatible with LR057235.",Manutenção automotiva,"Tianmen Fengcheng Trading Co. Ltd.
",,,,"Motor de substituição para manutenção do motor da bomba de combustível, compatível com LR057235. Material: Metal e plástico, caixa de papelão.",,,,25/03/2026 12:53,254-1-REFIL,SKU 254-1-Refil,254-1-Refil,SKU 254-1,"Replacement motor for fuel pump motor maintenance, compatible with LR057235.","Replacement motor for fuel pump motor maintenance, compatible with LR057235., Material: Metal and plastic , cardboard box","Motor de substituição para manutenção do motor da bomba de combustível, compatível com LR057235. Material: Metal e plástico, caixa de papelão.",Material: Metal and plastic ,Material: Metal e plástico,cardboard box,caixa de papelão,,,,0.0,1562,Individual Size xxCM,Manutenção automotiva,Em veículos automotores compatíveis,Revenda online,"160 - CHINA, REPÚBLICA POPULAR","Tianmen Fengcheng Trading Co. Ltd.
","Tianmen Fengcheng Trading Co. Ltd.
","Jingling Street, E-Commerce Industrial Park",S/N,Tianmen,Room 301,Hubei Province,"Motor de substituição para manutenção do motor da bomba de combustível, compatível com LR057235.","Motor de substituição para manutenção do motor da bomba de combustível, compatível com LR057235. Material: Metal e plástico, caixa de papelão.",,,,,,,
254-1-TUBO,Corrugated tubing for fuel pump maintenance for LR057235,Manutenção automotiva,"Tianmen Fengcheng Trading Co. Ltd.
",,,,"Tubo corrugado para manutenção da bomba de combustível LR057235, Material: Plástico, saco plástico",,,,25/03/2026 12:53,254-1-TUBO,SKU 254-1-Tubo,254-1-Tubo,SKU 254-1-Tubo,Corrugated tubing for fuel pump maintenance for LR057235,"Corrugated tubing for fuel pump maintenance for LR057235, Material: Plastic , plastic bag","Tubo corrugado para manutenção da bomba de combustível LR057235, Material: Plástico, saco plástico",Material: Plastic ,Material: Plástico,plastic bag,saco plástico,,,,0.0,1562,Individual Size xxCM,Manutenção automotiva,Em veículos automotores compatíveis,Revenda online,"160 - CHINA, REPÚBLICA POPULAR","Tianmen Fengcheng Trading Co. Ltd.
","Tianmen Fengcheng Trading Co. Ltd.
","Jingling Street, E-Commerce Industrial Park",S/N,Tianmen,Room 301,Hubei Province,Tubo corrugado para manutenção da bomba de combustível para LR057235,"Tubo corrugado para manutenção da bomba de combustível LR057235, Material: Plástico, saco plástico",,,,,,,
254-3,,,,290.62,24.0,,,,,,25/03/2026 12:53,254-3,,,,,,,,,,,,,,,,,,,,,,,,,,,,,,,,,,290.62,24.0,
256,Foam water gun,Pistola de água,"Tianmen Fengcheng Trading Co. Ltd.
",18.83,24.0,,"Pistola de água de espuma, Material: Plástico, Tamanho individual 20,5x14,5x5,8CM, caixa de papelão",MLB2044178742,MLB2044178742|MLB3033139250|MLB3081508110|MLB3081705456|MLB3377290785|MLB3386957411|MLB4057913998|MLB4060785769|MLB5394878926,9.0,25/03/2026 12:53,256,SKU 256,256,"WHY512 
SKU 256",Foam water gun ,"Foam water gun ,  Material:
Plastic, Individual Size 20,5x14,5x5,8CM, cardboard box","Pistola de água de espuma, Material: Plástico, Tamanho individual 20,5x14,5x5,8CM, caixa de papelão"," Material:
Plastic","Material:
Plástico",cardboard box,caixa de papelão,20.5,14.5,5.8,0.00172405,,"Individual Size 20,5x14,5x5,8CM",Pistola de água,Uso residencial,Revenda online,"160 - CHINA, REPÚBLICA POPULAR","Tianmen Fengcheng Trading Co. Ltd.
","Tianmen Fengcheng Trading Co. Ltd.
","Jingling Street, E-Commerce Industrial Park",S/N,Tianmen,Room 301,Hubei Province,pistola de água de espuma,"Pistola de água de espuma, Material: Plástico, Tamanho individual 20,5x14,5x5,8CM, caixa de papelão",Ducha Spray Jato Mangueira Banho Cães E Gatos Chuveiro Pe || Esgicho Espuma Pulverizador Agua P/ Mangueira Jardim Tanque || Esguicho Ducha Banho Cavalo Cachorro Gatos Carro Pet Plantas || Esguicho Hutz Multi Jatos 8 Funções Com Reservatório Sabão 100ml || Esguicho Lavagem De Carros Cachorr Pet Chuveiro Pulverizador || Esguicho Prg Snow Foam Shampoozeira 1l Limpeza Veículo || Pulverizador Espuma Agua P/ Mangueira Jardim Casa Deckas Verde E Preto || Snow Foam Esguicho Shampoozeira Lavagem Cera Reservatório,789123400224|7895139518730|7895141646605,"R$ 7,95|R$ 8,05",Clássico|Premium,18.83,24.0,cadastro_fotos/256.jpg
257,Vehicle power window control,Manutenção automotiva,"Tianmen Fengcheng Trading Co. Ltd.
",40.32,24.0,,"Controle de vidro elétrico para veículo, Material: Metal e plástico, Tamanho individual 20x7x5,5CM, caixa de papelão",MLB2041002449,MLB2041002449|MLB2041007475|MLB2041045955|MLB3006620220|MLB3935451177,5.0,25/03/2026 12:53,257,SKU 257,257,"9065451913
SKU  257",Vehicle power window control,"Vehicle power window control, Material: Metal and plastic , Individual Size 20x7x5,5CM, cardboard box","Controle de vidro elétrico para veículo, Material: Metal e plástico, Tamanho individual 20x7x5,5CM, caixa de papelão",Material: Metal and plastic ,Material: Metal e plástico,cardboard box,caixa de papelão,20.0,7.0,5.5,0.00077,115,"Individual Size 20x7x5,5CM",Manutenção automotiva,Em veículos automotores compatíveis,Revenda online,"160 - CHINA, REPÚBLICA POPULAR","Tianmen Fengcheng Trading Co. Ltd.
","Tianmen Fengcheng Trading Co. Ltd.
","Jingling Street, E-Commerce Industrial Park",S/N,Tianmen,Room 301,Hubei Province,Controle do vidro elétrico do veículo,"Controle de vidro elétrico para veículo, Material: Metal e plástico, Tamanho individual 20x7x5,5CM, caixa de papelão",Botao Vidro Eletrico Motorista Mb Sprinter 311 313 415 515 || Botão De Vidro Elétrico Simples Sprinter 311/313/415/515 || Botão Vidro Elétrico Sprinter 311/415/515 - Ld - Passageiro || Botão Vidro Elétrico Sprinter 311/415/515 Lado Direito || Interruptor Botão Vidro Sprinter 311 415 515 Direito Passage,7895141624832|7895141634497|7895141634503|7895141634527,"R$ 16,45|R$ 18,45",Clássico|Premium,40.32,24.0,cadastro_fotos/257.png
257-1,Vehicle power window control,Manutenção automotiva,"Tianmen Fengcheng Trading Co. Ltd.
",,,,"Controle de vidro elétrico para veículo, Material: Metal e plástico, Tamanho individual 20x7x5,5CM, caixa de papelão",,,,25/03/2026 12:53,257-1,SKU 257-1,257-1,"9065451913
SKU 257-1",Vehicle power window control,"Vehicle power window control, Material: Metal and plastic , Individual Size 20x7x5,5CM, cardboard box","Controle de vidro elétrico para veículo, Material: Metal e plástico, Tamanho individual 20x7x5,5CM, caixa de papelão",Material: Metal and plastic ,Material: Metal e plástico,cardboard box,caixa de papelão,20.0,7.0,5.5,0.00077,115,"Individual Size 20x7x5,5CM",Manutenção automotiva,Em veículos automotores compatíveis,Revenda online,"160 - CHINA, REPÚBLICA POPULAR","Tianmen Fengcheng Trading Co. Ltd.
","Tianmen Fengcheng Trading Co. Ltd.
","Jingling Street, E-Commerce Industrial Park",S/N,Tianmen,Room 301,Hubei Province,Controle do vidro elétrico do veículo,"Controle de vidro elétrico para veículo, Material: Metal e plástico, Tamanho individual 20x7x5,5CM, caixa de papelão",,,,,,,cadastro_fotos/257-1.png
258,,,,138.72,24.0,,,,,,25/03/2026 12:53,258,,,,,,,,,,,,,,,,,,,,,,,,,,,,,,,,,,138.72,24.0,
259,Set of two chrome covers for vehicle rearview mirrors.,Manutenção automotiva,"Tianmen Fengcheng Trading Co. Ltd.
",,,,"Conjunto de duas capas cromadas para espelhos retrovisores de veículos. Material: 
Plástico, caixa de papelão",,,,25/03/2026 12:53,259,SKU 259,259,SKU 259,Set of two chrome covers for vehicle rearview mirrors.,"Set of two chrome covers for vehicle rearview mirrors.,  Material:
Plastic, cardboard box","Conjunto de duas capas cromadas para espelhos retrovisores de veículos. Material: 
Plástico, caixa de papelão"," Material:
Plastic","Material:
Plástico",cardboard box,caixa de papelão,,,,,,Individual Size xxCM,Manutenção automotiva,Em veículos automotores compatíveis,Revenda online,"160 - CHINA, REPÚBLICA POPULAR","Tianmen Fengcheng Trading Co. Ltd.
","Tianmen Fengcheng Trading Co. Ltd.
","Jingling Street, E-Commerce Industrial Park",S/N,Tianmen,Room 301,Hubei Province,Conjunto de duas capas cromadas para espelhos retrovisores de veículos.,"Conjunto de duas capas cromadas para espelhos retrovisores de veículos. Material: 
Plástico, caixa de papelão",,,,,,,cadastro_fotos/259.png
264,Vehicle power steering pressure switch,Manutenção automotiva,"Tianmen Fengcheng Trading Co. Ltd.
",35.7,24.0,,"Interruptor de pressão da direção hidráulica do veículo, Material: Metal e plástico, caixa de papelão",,,,25/03/2026 12:53,264,SKU 264,264,SKU 264,Vehicle power steering pressure switch,"Vehicle power steering pressure switch, Material: Metal and plastic , cardboard box","Interruptor de pressão da direção hidráulica do veículo, Material: Metal e plástico, caixa de papelão",Material: Metal and plastic ,Material: Metal e plástico,cardboard box,caixa de papelão,,,,0.0,,Individual Size xxCM,Manutenção automotiva,Em veículos automotores compatíveis,Revenda online,"160 - CHINA, REPÚBLICA POPULAR","Tianmen Fengcheng Trading Co. Ltd.
","Tianmen Fengcheng Trading Co. Ltd.
","Jingling Street, E-Commerce Industrial Park",S/N,Tianmen,Room 301,Hubei Province,Interruptor de pressão da direção hidráulica do veículo,"Interruptor de pressão da direção hidráulica do veículo, Material: Metal e plástico, caixa de papelão",,,,,35.7,24.0,cadastro_fotos/264.png
268,Vehicle hood emblem,Manutenção automotiva,"Tianmen Fengcheng Trading Co. Ltd.
",60.71,24.0,,"Emblema para capô de veículo, Material: Metal e plástico, caixa de papelão",,,,25/03/2026 12:53,268,SKU 268,268,SKU 268,Vehicle hood emblem,"Vehicle hood emblem, Material: Metal and plastic , cardboard box","Emblema para capô de veículo, Material: Metal e plástico, caixa de papelão",Material: Metal and plastic ,Material: Metal e plástico,cardboard box,caixa de papelão,,,,0.0,,Individual Size xxCM,Manutenção automotiva,Em veículos automotores compatíveis,Revenda online,"160 - CHINA, REPÚBLICA POPULAR","Tianmen Fengcheng Trading Co. Ltd.
","Tianmen Fengcheng Trading Co. Ltd.
","Jingling Street, E-Commerce Industrial Park",S/N,Tianmen,Room 301,Hubei Province,Emblema do capô do veículo,"Emblema para capô de veículo, Material: Metal e plástico, caixa de papelão",,,,,60.71,24.0,cadastro_fotos/268.png
27-1,Vehicle transfer case actuator gear,Manutenção automotiva,"Tianmen Fengcheng Trading Co. Ltd.
",12.79,24.0,,"Engrenagem atuadora da caixa de transferência do veículo, Material: Plástico, Tamanho individual 3x5x5CM, caixa de papelão",-,-,1.0,25/03/2026 12:53,27-1,SKU 27-1,27-1,SKU 27-1,Vehicle transfer case actuator gear,"Vehicle transfer case actuator gear,  Material: Plastic, Individual Size 3x5x5CM, cardboard box","Engrenagem atuadora da caixa de transferência do veículo, Material: Plástico, Tamanho individual 3x5x5CM, caixa de papelão", Material: Plastic,Material: Plástico,cardboard box,caixa de papelão,3.0,5.0,5.0,7.5e-05,,Individual Size 3x5x5CM,Manutenção automotiva,Em veículos automotores compatíveis,Revenda online,"160 - CHINA, REPÚBLICA POPULAR","Tianmen Fengcheng Trading Co. Ltd.
","Tianmen Fengcheng Trading Co. Ltd.
","Jingling Street, E-Commerce Industrial Park",S/N,Tianmen,Room 301,Hubei Province,Engrenagem atuadora da caixa de transferência do veículo,"Engrenagem atuadora da caixa de transferência do veículo, Material: Plástico, Tamanho individual 3x5x5CM, caixa de papelão",-,"789123400224,7895139518488",-,-,12.79,24.0,cadastro_fotos/27-1.png
27-2,Vehicle transfer case actuator gear,Manutenção automotiva,"Tianmen Fengcheng Trading Co. Ltd.
",11.7,24.0,,"Engrenagem atuadora da caixa de transferência do veículo, Material: Plástico, Tamanho individual 3,5x5x5CM, caixa de papelão",-,-,1.0,25/03/2026 12:53,27-2,SKU 27-2,27-2,SKU 27-2,Vehicle transfer case actuator gear,"Vehicle transfer case actuator gear,  Material: Plastic, Individual Size 3,5x5x5CM, cardboard box","Engrenagem atuadora da caixa de transferência do veículo, Material: Plástico, Tamanho individual 3,5x5x5CM, caixa de papelão", Material: Plastic,Material: Plástico,cardboard box,caixa de papelão,3.5,5.0,5.0,8.75e-05,,"Individual Size 3,5x5x5CM",Manutenção automotiva,Em veículos automotores compatíveis,Revenda online,"160 - CHINA, REPÚBLICA POPULAR","Tianmen Fengcheng Trading Co. Ltd.
","Tianmen Fengcheng Trading Co. Ltd.
","Jingling Street, E-Commerce Industrial Park",S/N,Tianmen,Room 301,Hubei Province,Engrenagem atuadora da caixa de transferência do veículo,"Engrenagem atuadora da caixa de transferência do veículo, Material: Plástico, Tamanho individual 3,5x5x5CM, caixa de papelão",-,7895139518495,-,-,11.7,24.0,cadastro_fotos/27-2.png
27-K,Vehicle transfer case actuator gear,Manutenção automotiva,"Tianmen Fengcheng Trading Co. Ltd.
",25.58,24.0,,"Engrenagem atuadora da caixa de transferência do veículo, Material: Plástico, Dimensões individuais: 13x8,5x4 cm, Caixa de papelão",MLB1985658166,MLB1985658166|MLB2042391071,2.0,25/03/2026 12:53,27-K,SKU 27-K,27-K,SKU 27-K,Vehicle transfer case actuator gear,"Vehicle transfer case actuator gear,  Material: Plastic, Individual Size 13x8,5x4CM, cardboard box","Engrenagem atuadora da caixa de transferência do veículo, Material: Plástico, Dimensões individuais: 13x8,5x4 cm, Caixa de papelão", Material: Plastic,Material: Plástico,cardboard box,caixa de papelão,13.0,8.5,4.0,0.000442,,"Individual Size 13x8,5x4CM",Manutenção automotiva,Em veículos automotores compatíveis,Revenda online,"160 - CHINA, REPÚBLICA POPULAR","Tianmen Fengcheng Trading Co. Ltd.
","Tianmen Fengcheng Trading Co. Ltd.
","Jingling Street, E-Commerce Industrial Park",S/N,Tianmen,Room 301,Hubei Province,Engrenagem atuadora da caixa de transferência do veículo,"Engrenagem atuadora da caixa de transferência do veículo, Material: Plástico, Dimensões individuais: 13x8,5x4 cm, Caixa de papelão",Engrenagem Caixa De Transferência Bmw X3 X5 X6 Servo Atuador || Engrenagem Caixa Transferência Bmw X3 X5 X6 Servo Atuador,7895141622425,"R$ 18,45|R$ 20,75",Clássico|Premium,25.58,24.0,cadastro_fotos/27-K.png
272,Vehicle Engine Balancer Shaft Sieve Filter,Manutenção automotiva,"Tianmen Fengcheng Trading Co. Ltd.
",6.74,24.0,,"Filtro de peneira para eixo balanceador do motor do veículo, Material: Metal e plástico, caixa de papelão",,,,25/03/2026 12:53,272,SKU 272,272,SKU 272,Vehicle Engine Balancer Shaft Sieve Filter,"Vehicle Engine Balancer Shaft Sieve Filter, Material: Metal and plastic , cardboard box","Filtro de peneira para eixo balanceador do motor do veículo, Material: Metal e plástico, caixa de papelão",Material: Metal and plastic ,Material: Metal e plástico,cardboard box,caixa de papelão,,,,0.0,,Individual Size xxCM,Manutenção automotiva,Em veículos automotores compatíveis,Revenda online,"160 - CHINA, REPÚBLICA POPULAR","Tianmen Fengcheng Trading Co. Ltd.
","Tianmen Fengcheng Trading Co. Ltd.
","Jingling Street, E-Commerce Industrial Park",S/N,Tianmen,Room 301,Hubei Province,Filtro de peneira do eixo balanceador do motor do veículo,"Filtro de peneira para eixo balanceador do motor do veículo, Material: Metal e plástico, caixa de papelão",,,,,6.74,24.0,cadastro_fotos/272.png
272-K4,Vehicle Engine Balancer Shaft Sieve Filter,Manutenção automotiva,"Tianmen Fengcheng Trading Co. Ltd.
",26.9,24.0,,"Filtro de peneira para eixo balanceador do motor do veículo, Material: Metal e plástico, caixa de papelão",,,,25/03/2026 12:53,272-K4,SKU 272-K4,272-K4,SKU 272-K4,Vehicle Engine Balancer Shaft Sieve Filter,"Vehicle Engine Balancer Shaft Sieve Filter, Material: Metal and plastic , cardboard box","Filtro de peneira para eixo balanceador do motor do veículo, Material: Metal e plástico, caixa de papelão",Material: Metal and plastic ,Material: Metal e plástico,cardboard box,caixa de papelão,,,,,,Individual Size xxCM,Manutenção automotiva,Em veículos automotores compatíveis,Revenda online,"160 - CHINA, REPÚBLICA POPULAR","Tianmen Fengcheng Trading Co. Ltd.
","Tianmen Fengcheng Trading Co. Ltd.
","Jingling Street, E-Commerce Industrial Park",S/N,Tianmen,Room 301,Hubei Province,Filtro de peneira do eixo balanceador do motor do veículo,"Filtro de peneira para eixo balanceador do motor do veículo, Material: Metal e plástico, caixa de papelão",,,,,26.9,24.0,cadastro_fotos/272-K4.png
272-K8,Vehicle Engine Balancer Shaft Sieve Filter,Manutenção automotiva,"Tianmen Fengcheng Trading Co. Ltd.
",53.92,24.0,,"Filtro de peneira para eixo balanceador do motor do veículo, Material: Metal e plástico, caixa de papelão",,,,25/03/2026 12:53,272-K8,SKU 272-K8,272-K8,SKU 274-K8,Vehicle Engine Balancer Shaft Sieve Filter,"Vehicle Engine Balancer Shaft Sieve Filter, Material: Metal and plastic , cardboard box","Filtro de peneira para eixo balanceador do motor do veículo, Material: Metal e plástico, caixa de papelão",Material: Metal and plastic ,Material: Metal e plástico,cardboard box,caixa de papelão,,,,,,Individual Size xxCM,Manutenção automotiva,Em veículos automotores compatíveis,Revenda online,"160 - CHINA, REPÚBLICA POPULAR","Tianmen Fengcheng Trading Co. Ltd.
","Tianmen Fengcheng Trading Co. Ltd.
","Jingling Street, E-Commerce Industrial Park",S/N,Tianmen,Room 301,Hubei Province,Filtro de peneira do eixo balanceador do motor do veículo,"Filtro de peneira para eixo balanceador do motor do veículo, Material: Metal e plástico, caixa de papelão",,,,,53.92,24.0,cadastro_fotos/272-K8.png
273,Controlling the vehicle's electric windows,Manutenção automotiva,"Tianmen Fengcheng Trading Co. Ltd.
",42.63,24.0,,"Controle dos vidros elétricos do veículo, Material: Plástico e metal, caixa de papelão",MLB1971107441,MLB1971107441|MLB1971120417|MLB3006767607|MLB4397783000,4.0,25/03/2026 12:53,273,SKU 273,273,"AB3914540BB
SKU 273",Controlling the vehicle's electric windows,"Controlling the vehicle's electric windows, Material: Plastic and metal , cardboard box","Controle dos vidros elétricos do veículo, Material: Plástico e metal, caixa de papelão",Material: Plastic and metal ,Material: Plástico e metal,cardboard box,caixa de papelão,,,,0.0,,Individual Size xxCM,Manutenção automotiva,Em veículos automotores compatíveis,Revenda online,"160 - CHINA, REPÚBLICA POPULAR","Tianmen Fengcheng Trading Co. Ltd.
","Tianmen Fengcheng Trading Co. Ltd.
","Jingling Street, E-Commerce Industrial Park",S/N,Tianmen,Room 301,Hubei Province,Controlar os vidros elétricos do veículo.,"Controle dos vidros elétricos do veículo, Material: Plástico e metal, caixa de papelão",Botão Vidro Elétrico Motorista Ranger 2012 2013 2014 2015 || Comando Botão Vidro Eletrico Ford Ranger 2012 2013 2014 2015 || Comando Do Vidro Elétrico P/ Ford Ranger 2012 2013 2014 2015,7895141623699|7895141634480|7895141635593,"R$ 17,65|R$ 19,85|R$ 20,95",Clássico|Premium,42.63,24.0,cadastro_fotos/273.png
274,Vehicle air conditioning temperature sensor,Manutenção automotiva,"Tianmen Fengcheng Trading Co. Ltd.
",11.59,24.0,,"Sensor de temperatura do ar condicionado do veículo, Material: Plástico e metal, caixa de papelão",,,,25/03/2026 12:53,274,SKU 274,274,SKU 274,Vehicle air conditioning temperature sensor,"Vehicle air conditioning temperature sensor, Material: Plastic and metal , cardboard box","Sensor de temperatura do ar condicionado do veículo, Material: Plástico e metal, caixa de papelão",Material: Plastic and metal ,Material: Plástico e metal,cardboard box,caixa de papelão,,,,0.0,,Individual Size xxCM,Manutenção automotiva,Em veículos automotores compatíveis,Revenda online,"160 - CHINA, REPÚBLICA POPULAR","Tianmen Fengcheng Trading Co. Ltd.
","Tianmen Fengcheng Trading Co. Ltd.
","Jingling Street, E-Commerce Industrial Park",S/N,Tianmen,Room 301,Hubei Province,sensor de temperatura do ar condicionado do veículo,"Sensor de temperatura do ar condicionado do veículo, Material: Plástico e metal, caixa de papelão",,,,,11.59,24.0,cadastro_fotos/274.png
275-19,Oyster-colored cover for the inner handle of the vehicle's front left door,Manutenção automotiva,"Tianmen Fengcheng Trading Co. Ltd.
",41.92,24.0,,"Capa na cor ostra para a maçaneta interna da porta dianteira esquerda do veículo. Material: Plástico. Dimensões individuais: 35 x 8 x 9,5 cm. Embalagem: Caixa de papelão.",MLB2986735609,MLB2986735609|MLB5996894230,2.0,25/03/2026 12:53,275-19,SKU 275-19,275-19,SKU 275-19,Oyster-colored cover for the inner handle of the vehicle's front left door,"Oyster-colored cover for the inner handle of the vehicle's front left door, Material: Plastic , Individual Size 35x8x9,5CM, cardboard box","Capa na cor ostra para a maçaneta interna da porta dianteira esquerda do veículo. Material: Plástico. Dimensões individuais: 35 x 8 x 9,5 cm. Embalagem: Caixa de papelão.",Material: Plastic ,Material: Plástico,cardboard box,caixa de papelão,35.0,8.0,9.5,0.00266,225,"Individual Size 35x8x9,5CM",Manutenção automotiva,Em veículos automotores compatíveis,Revenda online,"160 - CHINA, REPÚBLICA POPULAR","Tianmen Fengcheng Trading Co. Ltd.
","Tianmen Fengcheng Trading Co. Ltd.
","Jingling Street, E-Commerce Industrial Park",S/N,Tianmen,Room 301,Hubei Province,Capa na cor ostra para a maçaneta interna da porta dianteira esquerda do veículo.,"Capa na cor ostra para a maçaneta interna da porta dianteira esquerda do veículo. Material: Plástico. Dimensões individuais: 35 x 8 x 9,5 cm. Embalagem: Caixa de papelão.",Puxador Interno Porta Bmw 528i 535i 550i M5 Ostra 2011-2016 Bege || Puxador Porta Interno Bmw 528i 535i 550i M5 Ostra 2011-2016 Ostra,789123400224|7895141627871,"R$ 22,55",Clássico|Premium,41.92,24.0,cadastro_fotos/275-19.png
275-5,Beige cover of the interior handle of the vehicle's front left door,Manutenção automotiva,"Tianmen Fengcheng Trading Co. Ltd.
",42.69,24.0,,"Capa bege para a maçaneta interna da porta dianteira esquerda do veículo. Material: Plástico. Dimensões individuais: 35 x 8 x 9,5 cm. Embalagem: Caixa de papelão.",MLB1971104633,MLB1971104633|MLB3288374879,2.0,25/03/2026 12:53,275-5,SKU 275-5,275-5,SKU 275-5,Beige cover of the interior handle of the vehicle's front left door,"Beige cover of the interior handle of the vehicle's front left door, Material: Plastic , Individual Size 35x8x9,5CM, cardboard box","Capa bege para a maçaneta interna da porta dianteira esquerda do veículo. Material: Plástico. Dimensões individuais: 35 x 8 x 9,5 cm. Embalagem: Caixa de papelão.",Material: Plastic ,Material: Plástico,cardboard box,caixa de papelão,35.0,8.0,9.5,0.00266,225,"Individual Size 35x8x9,5CM",Manutenção automotiva,Em veículos automotores compatíveis,Revenda online,"160 - CHINA, REPÚBLICA POPULAR","Tianmen Fengcheng Trading Co. Ltd.
","Tianmen Fengcheng Trading Co. Ltd.
","Jingling Street, E-Commerce Industrial Park",S/N,Tianmen,Room 301,Hubei Province,Capa bege da maçaneta interna da porta dianteira esquerda do veículo.,"Capa bege para a maçaneta interna da porta dianteira esquerda do veículo. Material: Plástico. Dimensões individuais: 35 x 8 x 9,5 cm. Embalagem: Caixa de papelão.",Puxador Interno Porta Bmw 528i 535i 550i M5 2011-2016 Bege Bege || Puxador Interno Porta Bmw 528i 535i 550i M5 Bege 2011 - 2016 Bege,7895141625518,"R$ 22,55",Premium,42.69,24.0,cadastro_fotos/275-5.png
276,Electric vehicle window controls,Manutenção automotiva,"Tianmen Fengcheng Trading Co. Ltd.
",53.28,24.0,,"Controles de janela para veículos elétricos, Material: Plástico e metal, caixa de papelão",MLB1961932123,MLB1961932123,1.0,25/03/2026 12:53,276,SKU 276,276,SKU 276,Electric vehicle window controls,"Electric vehicle window controls, Material: Plastic and metal , cardboard box","Controles de janela para veículos elétricos, Material: Plástico e metal, caixa de papelão",Material: Plastic and metal ,Material: Plástico e metal,cardboard box,caixa de papelão,,,,0.0,,Individual Size xxCM,Manutenção automotiva,Em veículos automotores compatíveis,Revenda online,"160 - CHINA, REPÚBLICA POPULAR","Tianmen Fengcheng Trading Co. Ltd.
","Tianmen Fengcheng Trading Co. Ltd.
","Jingling Street, E-Commerce Industrial Park",S/N,Tianmen,Room 301,Hubei Province,controles de janela de veículo elétrico,"Controles de janela para veículos elétricos, Material: Plástico e metal, caixa de papelão",Comando Botões Vidro Elétrico Motorista Sorento 2 Auto,7895141625013,"R$ 26,25",Premium,53.28,24.0,cadastro_fotos/276.png
277,Vehicle engine air intake hosw,Manutenção automotiva,"Tianmen Fengcheng Trading Co. Ltd.
",33.88,24.0,,"Mangueira de entrada de ar do motor do veículo, Material: Plástico e borracha, caixa de papelão",,,,25/03/2026 12:53,277,SKU 277,277,SKU 277,Vehicle engine air intake hosw ,"Vehicle engine air intake hosw , Material: Plastic and Rubber, cardboard box","Mangueira de entrada de ar do motor do veículo, Material: Plástico e borracha, caixa de papelão",Material: Plastic and Rubber,Material: Plástico e borracha,cardboard box,caixa de papelão,,,,0.0,,Individual Size xxCM,Manutenção automotiva,Em veículos automotores compatíveis,Revenda online,"160 - CHINA, REPÚBLICA POPULAR","Tianmen Fengcheng Trading Co. Ltd.
","Tianmen Fengcheng Trading Co. Ltd.
","Jingling Street, E-Commerce Industrial Park",S/N,Tianmen,Room 301,Hubei Province,entrada de ar do motor do veículo,"Mangueira de entrada de ar do motor do veículo, Material: Plástico e borracha, caixa de papelão",,,,,33.88,24.0,cadastro_fotos/277.png
278,Vehicle engine air intake hose,Manutenção automotiva,"Tianmen Fengcheng Trading Co. Ltd.
",96.24,24.0,,"Mangueira de admissão de ar do motor do veículo, Material: Plástico e Borracha, Tamanho individual 81x15x15CM, caixa de papelão",MLB1960412973,MLB1960412973|MLB1960417346|MLB1960422165|MLB3022189347|MLB3022302274,5.0,25/03/2026 12:53,278,SKU 278,278,"A2700900382
SKU 278",Vehicle engine air intake hose ,"Vehicle engine air intake hose , Material: Plastic and Rubber, Individual Size 81x15x15CM, cardboard box","Mangueira de admissão de ar do motor do veículo, Material: Plástico e Borracha, Tamanho individual 81x15x15CM, caixa de papelão",Material: Plastic and Rubber,Material: Plástico e borracha,cardboard box,caixa de papelão,81.0,15.0,15.0,0.018225,Material Plastic,Individual Size 81x15x15CM,Manutenção automotiva,Em veículos automotores compatíveis,Revenda online,"160 - CHINA, REPÚBLICA POPULAR","Tianmen Fengcheng Trading Co. Ltd.
","Tianmen Fengcheng Trading Co. Ltd.
","Jingling Street, E-Commerce Industrial Park",S/N,Tianmen,Room 301,Hubei Province,Mangueira de admissão de ar do motor do veículo,"Mangueira de admissão de ar do motor do veículo, Material: Plástico e Borracha, Tamanho individual 81x15x15CM, caixa de papelão",Mangueira De Entrada De Ar Mercedes A200 B200 Cla E Gla || Mangueira Filtro Ar Mercedes A200 B200 Cla200 2013 2014 2015 || Mangueira Filtro De Ar Mercedes A200 Cla200 Gla200 2013/2018 || Tubo Duto Entrada Filtro Ar Mercedes A200 Cla200 Gla200 B200,789123400224|7895139518556,"R$ 26,25|R$ 28,35",Clássico|Premium,96.24,24.0,cadastro_fotos/278.png
279,Vehicle engine air intake hose,Manutenção automotiva,"Tianmen Fengcheng Trading Co. Ltd.
",91.9,24.0,,"Mangueira de admissão de ar do motor do veículo, Material: Plástico e Borracha, Tamanho individual 81x15x15CM, caixa de papelão",MLB2030860768,MLB2030860768|MLB3601910705,2.0,25/03/2026 12:53,279,SKU 279,279,"A2700900282
SKU 279",Vehicle engine air intake hose,"Vehicle engine air intake hose, Material: Plastic and Rubber, Individual Size 81x15x15CM, cardboard box","Mangueira de admissão de ar do motor do veículo, Material: Plástico e Borracha, Tamanho individual 81x15x15CM, caixa de papelão",Material: Plastic and Rubber,Material: Plástico e borracha,cardboard box,caixa de papelão,81.0,15.0,15.0,0.018225,Material Plastic,Individual Size 81x15x15CM,Manutenção automotiva,Em veículos automotores compatíveis,Revenda online,"160 - CHINA, REPÚBLICA POPULAR","Tianmen Fengcheng Trading Co. Ltd.
","Tianmen Fengcheng Trading Co. Ltd.
","Jingling Street, E-Commerce Industrial Park",S/N,Tianmen,Room 301,Hubei Province,Mangueira de admissão de ar do motor do veículo,"Mangueira de admissão de ar do motor do veículo, Material: Plástico e Borracha, Tamanho individual 81x15x15CM, caixa de papelão",Mangueira De Entrada De Ar Mercedes A200 B200 Cla E Gla || Tubo Duto Entrada Filtro Ar Mercedes A200 Cla200 Gla200 B200,7895139518532,"R$ 26,25|R$ 28,35",Clássico|Premium,91.9,24.0,cadastro_fotos/279.png
280,Retainer for vehicle valve control,Manutenção automotiva,"Tianmen Fengcheng Trading Co. Ltd.
",17.38,24.0,,"Retentor para controle de válvula de veículo, Material: 
Plástico, caixa de papelão",MLB1961850617,MLB1961850617|MLB1961852000|MLB2926088479|MLB3596218285,4.0,25/03/2026 12:53,280,SKU 280,280,SKU 280,Retainer for vehicle valve control,"Retainer for vehicle valve control,  Material:
Plastic, cardboard box","Retentor para controle de válvula de veículo, Material: 
Plástico, caixa de papelão"," Material:
Plastic","Material:
Plástico",cardboard box,caixa de papelão,,,,0.0,,Individual Size xxCM,Manutenção automotiva,Em veículos automotores compatíveis,Revenda online,"160 - CHINA, REPÚBLICA POPULAR","Tianmen Fengcheng Trading Co. Ltd.
","Tianmen Fengcheng Trading Co. Ltd.
","Jingling Street, E-Commerce Industrial Park",S/N,Tianmen,Room 301,Hubei Province,Retentor para controle de válvula de veículo,"Retentor para controle de válvula de veículo, Material: 
Plástico, caixa de papelão",Retentor Do Comando De Valvulas Cruze 2012/2016 55563374 || Retentor Do Comando De Valvulas Sonic 1.6 2012 2013 2014 || Retentor Do Comando De Válvulas Cruze Sonic Tracker 1.6/1.8 || Retentor Do Comando Válvulas Cruze Sonic Tracker 2012 A 2016,7895141623675|7895141636187,"R$ 12,35|R$ 14,35|R$ 7,75",Clássico|Premium,17.38,24.0,cadastro_fotos/280.png
280-K,,,,39.7,24.0,,,MLB3922851097,MLB3922851097|MLB4848986660|MLB5202483004,3.0,25/03/2026 12:53,280-K,,,,,,,,,,,,,,,,,,,,,,,,,,,,,,Par Retentor Comando Válvulas Cruze 1.8 16v Sonic 1.6 Ecotec || Par Retentor Comando Válvulas Cruze Sonic Tracker 55563374,7895141636187,"R$ 16,45|R$ 18,45",Clássico|Premium,39.7,24.0,
281,Valve for vehicle vacuum intake manifold,Manutenção automotiva,"Tianmen Fengcheng Trading Co. Ltd.
",11.22,24.0,,"Válvula para coletor de admissão a vácuo de veículo, Material: 
Plástico, caixa de papelão",,,,25/03/2026 12:53,281,SKU 281,281,SKU 281,Valve for vehicle vacuum intake manifold,"Valve for vehicle vacuum intake manifold,  Material:
Plastic, cardboard box","Válvula para coletor de admissão a vácuo de veículo, Material: 
Plástico, caixa de papelão"," Material:
Plastic","Material:
Plástico",cardboard box,caixa de papelão,,,,0.0,,Individual Size xxCM,Manutenção automotiva,Em veículos automotores compatíveis,Revenda online,"160 - CHINA, REPÚBLICA POPULAR","Tianmen Fengcheng Trading Co. Ltd.
","Tianmen Fengcheng Trading Co. Ltd.
","Jingling Street, E-Commerce Industrial Park",S/N,Tianmen,Room 301,Hubei Province,Válvula para coletor de admissão a vácuo do veículo,"Válvula para coletor de admissão a vácuo de veículo, Material: 
Plástico, caixa de papelão",,,,,11.22,24.0,cadastro_fotos/281.png
282,Hub lock actuator for vehicle,Manutenção automotiva,"Tianmen Fengcheng Trading Co. Ltd.
",,,,"Atuador de trava de cubo para veículo, Material:
Plástico e Metal, caixa de papelão",,,,25/03/2026 12:53,282,SKU 282,282,SKU 282,Hub lock actuator for vehicle,"Hub lock actuator for vehicle,  Material:
Plastic and Metal, cardboard box","Atuador de trava de cubo para veículo, Material:
Plástico e Metal, caixa de papelão"," Material:
Plastic and Metal","Material:
Plástico e Metal",cardboard box,caixa de papelão,,,,,,Individual Size xxCM,Manutenção automotiva,Em veículos automotores compatíveis,Revenda online,"160 - CHINA, REPÚBLICA POPULAR","Tianmen Fengcheng Trading Co. Ltd.
","Tianmen Fengcheng Trading Co. Ltd.
","Jingling Street, E-Commerce Industrial Park",S/N,Tianmen,Room 301,Hubei Province,Atuador de trava de cubo para veículo,"Atuador de trava de cubo para veículo, Material:
Plástico e Metal, caixa de papelão",,,,,,,cadastro_fotos/282.png
285,Controlling the vehicle's electric windows,Manutenção automotiva,"Tianmen Fengcheng Trading Co. Ltd.
",64.51,24.0,,"Controle dos vidros elétricos do veículo, Material:
Plástico e metal, Tamanho individual 15,5x6x4,5CM, caixa de papelão",MLB4113974573,MLB4113974573,1.0,25/03/2026 12:53,285,SKU 285,285,SKU 285,Controlling the vehicle's electric windows,"Controlling the vehicle's electric windows,  Material:
Plastic and metal, Individual Size 15,5x6x4,5CM, cardboard box","Controle dos vidros elétricos do veículo, Material:
Plástico e metal, Tamanho individual 15,5x6x4,5CM, caixa de papelão"," Material:
Plastic and metal","Material:
Plástico e metal",cardboard box,caixa de papelão,15.5,6.0,4.5,0.0004185,,"Individual Size 15,5x6x4,5CM",Manutenção automotiva,Em veículos automotores compatíveis,Revenda online,"160 - CHINA, REPÚBLICA POPULAR","Tianmen Fengcheng Trading Co. Ltd.
","Tianmen Fengcheng Trading Co. Ltd.
","Jingling Street, E-Commerce Industrial Park",S/N,Tianmen,Room 301,Hubei Province,Controlar os vidros elétricos do veículo.,"Controle dos vidros elétricos do veículo, Material:
Plástico e metal, Tamanho individual 15,5x6x4,5CM, caixa de papelão",Botão Vidro Eletrico Para Kia Sorento 2010 A 2014 ( 1 X Auto,7895141634541,"R$ 22,55",Clássico,64.51,24.0,cadastro_fotos/285.png
286,Seat valve kit,Manutenção automotiva,"Tianmen Fengcheng Trading Co. Ltd.
",30.3,24.0,,"Kit de válvula de sede, Material:
Plástico e metal, Tamanho individual 9,7x8x5,5CM, caixa de papelão",MLB1984439649,MLB1984439649|MLB1984448244|MLB1984448319|MLB1984448321|MLB3565129843|MLB3602661979|MLB5113786214,7.0,25/03/2026 12:53,286,SKU 286,286,"20748450
SKU 286",Seat valve kit ,"Seat valve kit ,  Material:
Plastic and metal, Individual Size 9,7x8x5,5CM, cardboard box","Kit de válvula de sede, Material:
Plástico e metal, Tamanho individual 9,7x8x5,5CM, caixa de papelão"," Material:
Plastic and metal","Material:
Plástico e metal",cardboard box,caixa de papelão,9.7,8.0,5.5,0.0004267999999999,,"Individual Size 9,7x8x5,5CM",Manutenção automotiva,Em veículos automotores compatíveis,Revenda online,"160 - CHINA, REPÚBLICA POPULAR","Tianmen Fengcheng Trading Co. Ltd.
","Tianmen Fengcheng Trading Co. Ltd.
","Jingling Street, E-Commerce Industrial Park",S/N,Tianmen,Room 301,Hubei Province,kit de válvula de sede,"Kit de válvula de sede, Material:
Plástico e metal, Tamanho individual 9,7x8x5,5CM, caixa de papelão",Valvula Nivel Banco Volvo Fh Vm Sc 124 Serie Pgr Mb Axor || Valvula Nivel Banco Volvo Fh Vm Sc 124 Serie Pgr Mb Axor Branco || Válvula De Nível Do Banco Pneumático Volvo Fh/fm 20443641 Branco || Válvula Morcego Banco Isri Para Volvo Fh /fm/ Fmx - 20748450 Branco || Válvula Morcego Regulagem Banco Isri Nts Scania/volvo/mmb || Válvula Niveladora Banco Pneumático Volvo Fh Fm 20443641 Branco,7895141622616,"R$ 16,45|R$ 18,45|R$ 18,85",Clássico|Premium,30.3,24.0,cadastro_fotos/286.png
287,Vehicle Air Flow Meter,Manutenção automotiva,"Tianmen Fengcheng Trading Co. Ltd.
",155.55,24.0,,"Medidor de fluxo de ar para veículos, Material:
Plástico e metal, caixa de papelão",,,,25/03/2026 12:53,287,SKU 287,287,SKU 287,Vehicle Air Flow Meter,"Vehicle Air Flow Meter,  Material:
Plastic and metal, cardboard box","Medidor de fluxo de ar para veículos, Material:
Plástico e metal, caixa de papelão"," Material:
Plastic and metal","Material:
Plástico e metal",cardboard box,caixa de papelão,,,,0.0,,Individual Size xxCM,Manutenção automotiva,Em veículos automotores compatíveis,Revenda online,"160 - CHINA, REPÚBLICA POPULAR","Tianmen Fengcheng Trading Co. Ltd.
","Tianmen Fengcheng Trading Co. Ltd.
","Jingling Street, E-Commerce Industrial Park",S/N,Tianmen,Room 301,Hubei Province,Medidor de fluxo de ar do veículo,"Medidor de fluxo de ar para veículos, Material:
Plástico e metal, caixa de papelão",,,,,155.55,24.0,cadastro_fotos/287.png
289,,,,256.06,24.0,,,MLB1978126939,MLB1978126939,1.0,25/03/2026 12:53,289,,,,,,,,,,,,,,,,,,,,,,,,,,,,,,Medidor De Fluxo Ar 7 Pinos Mitsubishi Pajero Tr4 2.0 16v,7895141626799,"R$ 23,65",Clássico,256.06,24.0,
290,Vehicle fuse Box,Manutenção automotiva,"Tianmen Fengcheng Trading Co. Ltd.
",250.44,24.0,,"Caixa de fusíveis para veículo, Material:
Plástico e metal, Tamanho individual 19x15,5x9,5CM, caixa de papelão",MLB1986895010,MLB1986895010|MLB1986900887|MLB1986900888|MLB3265912775|MLB3347878458|MLB3457840421,6.0,25/03/2026 12:53,290,SKU 290,290,"SL-BZ001
SKU 290",Vehicle fuse Box,"Vehicle fuse Box,  Material:
Plastic and metal, Individual Size 19x15,5x9,5CM, cardboard box","Caixa de fusíveis para veículo, Material:
Plástico e metal, Tamanho individual 19x15,5x9,5CM, caixa de papelão"," Material:
Plastic and metal","Material:
Plástico e metal",cardboard box,caixa de papelão,19.0,15.5,9.5,0.00279775,694,"Individual Size 19x15,5x9,5CM",Manutenção automotiva,Em veículos automotores compatíveis,Revenda online,"160 - CHINA, REPÚBLICA POPULAR","Tianmen Fengcheng Trading Co. Ltd.
","Tianmen Fengcheng Trading Co. Ltd.
","Jingling Street, E-Commerce Industrial Park",S/N,Tianmen,Room 301,Hubei Province,Caixa de fusíveis do veículo,"Caixa de fusíveis para veículo, Material:
Plástico e metal, Tamanho individual 19x15,5x9,5CM, caixa de papelão","Caixa Bsm Peugeot 206, 207, 307 1.4 E 1.6 - Nova E Original || Caixa Bsm Peugeot 206, 207, 307 1.4 E 1.6 Citroen Original || Caixa Fusivel Rele Bsm B5 Peugeot 206 207 Citroen C3 Nova || Caixa Fusível Módulo Bsm B3 B5 Citroen C3 6500y1 Original || Caixa Modulo Bsm Peugeot 206 207 307 Citroen C3 C4 1.6 1.4 || Modulo Caixa Bsm B3 B5 Original Citroen Picasso C3 C5 C8","7895141622654|7895141631878,7895141622654","R$ 23,65",Clássico|Premium,250.44,24.0,cadastro_fotos/290.png
291,Vehicle battery fuse board,Manutenção automotiva,"Tianmen Fengcheng Trading Co. Ltd.
",,,,"Painel de fusíveis da bateria do veículo, Material:
Plástico e metal, caixa de papelão",,,,25/03/2026 12:53,291,SKU 291,291,SKU 291,Vehicle battery fuse board,"Vehicle battery fuse board,  Material:
Plastic and metal, cardboard box","Painel de fusíveis da bateria do veículo, Material:
Plástico e metal, caixa de papelão"," Material:
Plastic and metal","Material:
Plástico e metal",cardboard box,caixa de papelão,,,,0.0,,Individual Size xxCM,Manutenção automotiva,Em veículos automotores compatíveis,Revenda online,"160 - CHINA, REPÚBLICA POPULAR","Tianmen Fengcheng Trading Co. Ltd.
","Tianmen Fengcheng Trading Co. Ltd.
","Jingling Street, E-Commerce Industrial Park",S/N,Tianmen,Room 301,Hubei Province,placa de fusíveis da bateria do veículo,"Painel de fusíveis da bateria do veículo, Material:
Plástico e metal, caixa de papelão",,,,,,,cadastro_fotos/291.png
291-1,Module for vehicle battery fuse board,Manutenção automotiva,"Tianmen Fengcheng Trading Co. Ltd.
",297.44,24.0,,"Módulo para placa de fusíveis da bateria do veículo, Material: Plástico e metal, caixa de papelão",MLB3298324219,MLB3298324219|MLB3298348397|MLB3298372667|MLB3355639123|MLB3525625844,5.0,25/03/2026 12:53,291-1,SKU 291-1,291-1,SKU 291-1,Module for vehicle battery fuse board,"Module for vehicle battery fuse board,  Material: Plastic and metal, cardboard box","Módulo para placa de fusíveis da bateria do veículo, Material: Plástico e metal, caixa de papelão", Material: Plastic and metal,Material: Plástico e metal,cardboard box,caixa de papelão,,,,0.0,,Individual Size xxCM,Manutenção automotiva,Em veículos automotores compatíveis,Revenda online,"160 - CHINA, REPÚBLICA POPULAR","Tianmen Fengcheng Trading Co. Ltd.
","Tianmen Fengcheng Trading Co. Ltd.
","Jingling Street, E-Commerce Industrial Park",S/N,Tianmen,Room 301,Hubei Province,Módulo para placa de fusíveis da bateria do veículo,"Módulo para placa de fusíveis da bateria do veículo, Material: Plástico e metal, caixa de papelão",Módulo Placa De Fusíveis Bateria Peugeot 3008 Citroen C4 || Módulo Placa Fusíveis Bateria Peugeot 3008 C4 Picasso 6500gr || Placa Fusíveis Bateria Peugeot 3008 C4 Picasso 28236841 Bpga,7891901541401|7895141622593|7895141632394|7895141632400|7895141632417,"R$ 20,95|R$ 22,55",Clássico|Premium,297.44,24.0,cadastro_fotos/291-1.png
292,Oil level sensor 1131e5,Manutenção automotiva,"Tianmen Fengcheng Trading Co. Ltd.
",73.98,24.0,,"Sensor de nível de óleo 1131e5, Material:
Plástico e metal, caixa de papelão",MLB2030919286,MLB2030919286|MLB3727614849|MLB4068455831,3.0,25/03/2026 12:53,292,SKU 292,292,SKU 292,Oil level sensor 1131e5,"Oil level sensor 1131e5,  Material:
Plastic and metal, cardboard box","Sensor de nível de óleo 1131e5, Material:
Plástico e metal, caixa de papelão"," Material:
Plastic and metal","Material:
Plástico e metal",cardboard box,caixa de papelão,,,,0.0,,Individual Size xxCM,Manutenção automotiva,Em veículos automotores compatíveis,Revenda online,"160 - CHINA, REPÚBLICA POPULAR","Tianmen Fengcheng Trading Co. Ltd.
","Tianmen Fengcheng Trading Co. Ltd.
","Jingling Street, E-Commerce Industrial Park",S/N,Tianmen,Room 301,Hubei Province,Sensor de nível de óleo 1131e5,"Sensor de nível de óleo 1131e5, Material:
Plástico e metal, caixa de papelão",Sensor Nivel Oleo 307 308 408 C4 Pallas Lounge Picasso 2.0 || Sensor Nível Óleo Carter 307 308 408 C4 C5 Xsara Picasso 2.0 || Sensor Nível Óleo Cebolinha Peugeot 307 408 C4 2.0 16v 1131k,7895139518884,"R$ 22,55",Clássico,73.98,24.0,cadastro_fotos/292.png
294,Turbine oil return pipe 037979,Manutenção automotiva,"Tianmen Fengcheng Trading Co. Ltd.
",116.48,24.0,,"Tubo de retorno de óleo da turbina 037979, Material:
Plástico e metal, caixa de papelão",,,,25/03/2026 12:53,294,SKU 294,294,SKU 294,Turbine oil return pipe 037979,"Turbine oil return pipe 037979,  Material:
Plastic and metal, cardboard box","Tubo de retorno de óleo da turbina 037979, Material:
Plástico e metal, caixa de papelão"," Material:
Plastic and metal","Material:
Plástico e metal",cardboard box,caixa de papelão,,,,0.0,,Individual Size xxCM,Manutenção automotiva,Em veículos automotores compatíveis,Revenda online,"160 - CHINA, REPÚBLICA POPULAR","Tianmen Fengcheng Trading Co. Ltd.
","Tianmen Fengcheng Trading Co. Ltd.
","Jingling Street, E-Commerce Industrial Park",S/N,Tianmen,Room 301,Hubei Province,Tubo de retorno de óleo da turbina 037979,"Tubo de retorno de óleo da turbina 037979, Material:
Plástico e metal, caixa de papelão",,,,,116.48,24.0,cadastro_fotos/294.png
295,Vehicle vacuum pump,Manutenção automotiva,"Tianmen Fengcheng Trading Co. Ltd.
",188.54,24.0,,"Bomba de vácuo para veículos, Material: Metal, caixa de papelão",MLB1984386684,MLB1984386684|MLB1984394218|MLB4359755620|MLB4359774366,4.0,25/03/2026 12:53,295,SKU 295,295,"701366060 
SKU 295",Vehicle vacuum pump,"Vehicle vacuum pump,  Material: Metal, cardboard box","Bomba de vácuo para veículos, Material: Metal, caixa de papelão", Material: Metal,Material: Metal,cardboard box,caixa de papelão,,,,0.0,,Individual Size xxCM,Manutenção automotiva,Em veículos automotores compatíveis,Revenda online,"160 - CHINA, REPÚBLICA POPULAR","Tianmen Fengcheng Trading Co. Ltd.
","Tianmen Fengcheng Trading Co. Ltd.
","Jingling Street, E-Commerce Industrial Park",S/N,Tianmen,Room 301,Hubei Province,Bomba de vácuo para veículos,"Bomba de vácuo para veículos, Material: Metal, caixa de papelão",Bomba De Vácuo Para Peugeot E Citroen Thp 1.6 16v Turbo 3008 || Bomba De Vácuo Para Peugeot E Citroen Thp 1.6 16v Turbo 308 Cinza || Bomba De Vácuo Peugeot E Citroen Thp 1.6 16v Turbo 3008 Ds3 || Bomba Vácuo Peugeot Citroen Thp 1.6 16v Turbo Ds3 C4 Rcz,7895139519355|7895141634930,"R$ 23,65|R$ 24,65",Clássico|Premium,188.54,24.0,cadastro_fotos/295.png
297,Front windshield washer nozzle,Manutenção automotiva,"Tianmen Fengcheng Trading Co. Ltd.
",8.54,24.0,,"Bocal do lavador do para-brisa dianteiro, Material: Plástico, Tamanho individual 3,5x2,2x3cm, caixa de papelão",,,,25/03/2026 12:53,297,SKU 297,297,"94556605
SKU 297",Front windshield washer nozzle ,"Front windshield washer nozzle ,  Material: Plastic, Individual Size 3,5x2,2x3CM, cardboard box","Bocal do lavador do para-brisa dianteiro, Material: Plástico, Tamanho individual 3,5x2,2x3cm, caixa de papelão", Material: Plastic,Material: Plástico,cardboard box,caixa de papelão,3.5,2.2,3.0,2.31e-05,,"Individual Size 3,5x2,2x3CM",Manutenção automotiva,Em veículos automotores compatíveis,Revenda online,"160 - CHINA, REPÚBLICA POPULAR","Tianmen Fengcheng Trading Co. Ltd.
","Tianmen Fengcheng Trading Co. Ltd.
","Jingling Street, E-Commerce Industrial Park",S/N,Tianmen,Room 301,Hubei Province,Bocal do lavador do para-brisa dianteiro,"Bocal do lavador do para-brisa dianteiro, Material: Plástico, Tamanho individual 3,5x2,2x3cm, caixa de papelão",,,,,8.54,24.0,cadastro_fotos/297.png
297-K,Pair Front windshield washer nozzle,Manutenção automotiva,"Tianmen Fengcheng Trading Co. Ltd.
",5.93,24.0,,"Conjunto de dois bicos lavadores de para-brisa dianteiro, Material: Plástico, Tamanho individual: 3,5 x 2,2 x 3 cm, Caixa de papelão",,,,25/03/2026 12:53,297-K,SKU 297-K,297-K,"94556605
SKU 297",Pair Front windshield washer nozzle ,"Pair Front windshield washer nozzle ,  Material: Plastic, Individual Size 3,5x2,2x3CM, cardboard box","Conjunto de dois bicos lavadores de para-brisa dianteiro, Material: Plástico, Tamanho individual: 3,5 x 2,2 x 3 cm, Caixa de papelão", Material: Plastic,Material: Plástico,cardboard box,caixa de papelão,3.5,2.2,3.0,2.31e-05,,"Individual Size 3,5x2,2x3CM",Manutenção automotiva,Em veículos automotores compatíveis,Revenda online,"160 - CHINA, REPÚBLICA POPULAR","Tianmen Fengcheng Trading Co. Ltd.
","Tianmen Fengcheng Trading Co. Ltd.
","Jingling Street, E-Commerce Industrial Park",S/N,Tianmen,Room 301,Hubei Province,Par de bicos de lavagem do para-brisa dianteiro,"Conjunto de dois bicos lavadores de para-brisa dianteiro, Material: Plástico, Tamanho individual: 3,5 x 2,2 x 3 cm, Caixa de papelão",,,,,5.93,24.0,cadastro_fotos/297-K.png
298,Pair Front windshield washer nozzle,Manutenção automotiva,"Tianmen Fengcheng Trading Co. Ltd.
",14.05,24.0,,"Conjunto de dois bicos para lavagem do para-brisa dianteiro, Material: 
Plástico, caixa de papelão",,,,25/03/2026 12:53,298,SKU 298,298,"986302E500
SKU 298",Pair Front windshield washer nozzle ,"Pair Front windshield washer nozzle ,  Material:
Plastic, cardboard box","Conjunto de dois bicos para lavagem do para-brisa dianteiro, Material: 
Plástico, caixa de papelão"," Material:
Plastic","Material:
Plástico",cardboard box,caixa de papelão,,,,0.0,,Individual Size xxCM,Manutenção automotiva,Em veículos automotores compatíveis,Revenda online,"160 - CHINA, REPÚBLICA POPULAR","Tianmen Fengcheng Trading Co. Ltd.
","Tianmen Fengcheng Trading Co. Ltd.
","Jingling Street, E-Commerce Industrial Park",S/N,Tianmen,Room 301,Hubei Province,Par de bicos de lavagem do para-brisa dianteiro,"Conjunto de dois bicos para lavagem do para-brisa dianteiro, Material: 
Plástico, caixa de papelão",,,,,14.05,24.0,cadastro_fotos/298.png
298-K,Pair Front windshield washer nozzle,Manutenção automotiva,"Tianmen Fengcheng Trading Co. Ltd.
",6.21,24.0,,"Par de bicos para lavagem do para-brisa dianteiro, Material: Plástico, caixa de papelão",MLB4103721403,MLB4103721403|MLB5453739958|MLB5453919846,3.0,25/03/2026 12:53,298-K,SKU 298-K,298-K,"986302E500
SKU 298",Pair Front windshield washer nozzle ,"Pair Front windshield washer nozzle ,  Material: Plastic, cardboard box","Par de bicos para lavagem do para-brisa dianteiro, Material: Plástico, caixa de papelão", Material: Plastic,Material: Plástico,cardboard box,caixa de papelão,,,,0.0,,Individual Size xxCM,Manutenção automotiva,Em veículos automotores compatíveis,Revenda online,"160 - CHINA, REPÚBLICA POPULAR","Tianmen Fengcheng Trading Co. Ltd.
","Tianmen Fengcheng Trading Co. Ltd.
","Jingling Street, E-Commerce Industrial Park",S/N,Tianmen,Room 301,Hubei Province,Par de bicos de lavagem do para-brisa dianteiro,"Par de bicos para lavagem do para-brisa dianteiro, Material: Plástico, caixa de papelão",02 Esguicho Brucutu Para Brisas Hyunday Tucson Kia Sportage || 2 Brucutu Hyundai Tucson 2005 - 2016 Par Esguicho Água || Par Esguicho Brucutu Para Brisas Hyunday Tucson Kia Sportage,"7895141634435,7895141623507|7895141634442,7895141623507|7895141634459,7895141623507","R$ 7,75",Clássico|Premium,6.21,24.0,cadastro_fotos/298-K.png
299-1,Vehicle headlight switch,Manutenção automotiva,"Tianmen Fengcheng Trading Co. Ltd.
",29.35,24.0,,"Interruptor do farol do veículo, Material:
Plástico e metal, caixa de papelão",-,-,1.0,25/03/2026 12:53,299-1,SKU 299-1,299-1,SKU 299-1,Vehicle headlight switch,"Vehicle headlight switch,  Material:
Plastic and metal, cardboard box","Interruptor do farol do veículo, Material:
Plástico e metal, caixa de papelão"," Material:
Plastic and metal","Material:
Plástico e metal",cardboard box,caixa de papelão,,,,0.0,,Individual Size xxCM,Manutenção automotiva,Em veículos automotores compatíveis,Revenda online,"160 - CHINA, REPÚBLICA POPULAR","Tianmen Fengcheng Trading Co. Ltd.
","Tianmen Fengcheng Trading Co. Ltd.
","Jingling Street, E-Commerce Industrial Park",S/N,Tianmen,Room 301,Hubei Province,interruptor do farol do veículo,"Interruptor do farol do veículo, Material:
Plástico e metal, caixa de papelão",-,7895141629318|7895141632745|7895141634947|7895141637979,-,-,29.35,24.0,cadastro_fotos/299-1.png
299-2,,,,29.35,24.0,,,-,-,1.0,25/03/2026 12:53,299-2,,,,,,,,,,,,,,,,,,,,,,,,,,,,,,-,7895141629325|7895141632752|7895141634954|7895141637986,-,-,29.35,24.0,
303,Valve for activating the vehicle's front differential,Manutenção automotiva,"Tianmen Fengcheng Trading Co. Ltd.
",39.39,24.0,,"Válvula para ativar o diferencial dianteiro do veículo, Material:
Metal, caixa de papelão",,,,25/03/2026 12:53,303,SKU 303,303,SKU 303,Valve for activating the vehicle's front differential,"Valve for activating the vehicle's front differential,  Material:
Metal, cardboard box","Válvula para ativar o diferencial dianteiro do veículo, Material:
Metal, caixa de papelão"," Material:
Metal","Material:
Metal",cardboard box,caixa de papelão,,,,0.0,,Individual Size xxCM,Manutenção automotiva,Em veículos automotores compatíveis,Revenda online,"160 - CHINA, REPÚBLICA POPULAR","Tianmen Fengcheng Trading Co. Ltd.
","Tianmen Fengcheng Trading Co. Ltd.
","Jingling Street, E-Commerce Industrial Park",S/N,Tianmen,Room 301,Hubei Province,Válvula para acionar o diferencial dianteiro do veículo.,"Válvula para ativar o diferencial dianteiro do veículo, Material:
Metal, caixa de papelão",,,,,39.39,24.0,cadastro_fotos/303.png
306-10-K,,,,12.46,24.0,,,,,,25/03/2026 12:53,306-10-K,,,,,,,,,,,,,,,,,,,,,,,,,,,,,,,,,,12.46,24.0,
306-2-K,,,,12.46,24.0,,,,,,25/03/2026 12:53,306-2-K,,,,,,,,,,,,,,,,,,,,,,,,,,,,,,,,,,12.46,24.0,
307,,,,143.0,24.0,,,,,,25/03/2026 12:53,307,,,,,,,,,,,,,,,,,,,,,,,,,,,,,,,,,,143.0,24.0,
307-1,Vehicle thermostatic valve housing with sensor,Manutenção automotiva,"Tianmen Fengcheng Trading Co. Ltd.
",120.8,24.0,,"Carcaça da válvula termostática do veículo com sensor, Material: Plástico, metal e borracha, caixa de papelão",,,,25/03/2026 12:53,307-1,SKU 307-1,307-1,SKU 307-1,Vehicle thermostatic valve housing with sensor,"Vehicle thermostatic valve housing with sensor, Material: Plastic metal and rubber, cardboard box","Carcaça da válvula termostática do veículo com sensor, Material: Plástico, metal e borracha, caixa de papelão",Material: Plastic metal and rubber,"Material: Plástico, metal e borracha",cardboard box,caixa de papelão,,,,,,Individual Size xxCM,Manutenção automotiva,Em veículos automotores compatíveis,Revenda online,"160 - CHINA, REPÚBLICA POPULAR","Tianmen Fengcheng Trading Co. Ltd.
","Tianmen Fengcheng Trading Co. Ltd.
","Jingling Street, E-Commerce Industrial Park",S/N,Tianmen,Room 301,Hubei Province,Carcaça da válvula termostática do veículo com sensor,"Carcaça da válvula termostática do veículo com sensor, Material: Plástico, metal e borracha, caixa de papelão",,,,,120.8,24.0,cadastro_fotos/307-1.png
307-2,Cable for vehicle thermostatic valve housing,Manutenção automotiva,"Tianmen Fengcheng Trading Co. Ltd.
",22.2,24.0,,"Cabo para caixa de válvula termostática de veículo, Material:
Plástico e metal, caixa de papelão",MLB3885091347,MLB3885091347|MLB3885272231|MLB3885317533,3.0,25/03/2026 12:53,307-2,SKU 307-2,307-2,SKU 307-2,Cable for vehicle thermostatic valve housing,"Cable for vehicle thermostatic valve housing,  Material:
Plastic and metal, cardboard box","Cabo para caixa de válvula termostática de veículo, Material:
Plástico e metal, caixa de papelão"," Material:
Plastic and metal","Material:
Plástico e metal",cardboard box,caixa de papelão,,,,,,Individual Size xxCM,Manutenção automotiva,Em veículos automotores compatíveis,Revenda online,"160 - CHINA, REPÚBLICA POPULAR","Tianmen Fengcheng Trading Co. Ltd.
","Tianmen Fengcheng Trading Co. Ltd.
","Jingling Street, E-Commerce Industrial Park",S/N,Tianmen,Room 301,Hubei Province,Cabo para caixa de válvula termostática de veículo,"Cabo para caixa de válvula termostática de veículo, Material:
Plástico e metal, caixa de papelão",Chicote P/ Carcaça Válvula Termostática Peugeot 308/408 Thp || Chicote Plug Conector Peugeot Citroen 1.6 16v Thp 9804315380 || Chicote Válvula Termostática Sensor Temperatura Thp 1.6 Turb,"7895141643123|7895141643123,7895141643130","R$ 18,45|R$ 18,85|R$ 8,05",Clássico|Premium,22.2,24.0,cadastro_fotos/307-2.png
307-K,Vehicle thermostatic valve housing with sensor and cable,Manutenção automotiva,"Tianmen Fengcheng Trading Co. Ltd.
",143.0,24.0,,"Carcaça da válvula termostática para veículo com sensor e cabo. Material: Plástico, metal e borracha. Embalagem: Caixa de papelão.",,,,25/03/2026 12:53,307-K,SKU 307-K,307-K,SKU 307-K,Vehicle thermostatic valve housing with sensor and cable,"Vehicle thermostatic valve housing with sensor and cable, Material: Plastic metal and rubber, cardboard box","Carcaça da válvula termostática para veículo com sensor e cabo. Material: Plástico, metal e borracha. Embalagem: Caixa de papelão.",Material: Plastic metal and rubber,"Material: Plástico, metal e borracha",cardboard box,caixa de papelão,,,,0.0,,Individual Size xxCM,Manutenção automotiva,Em veículos automotores compatíveis,Revenda online,"160 - CHINA, REPÚBLICA POPULAR","Tianmen Fengcheng Trading Co. Ltd.
","Tianmen Fengcheng Trading Co. Ltd.
","Jingling Street, E-Commerce Industrial Park",S/N,Tianmen,Room 301,Hubei Province,Carcaça da válvula termostática do veículo com sensor e cabo.,"Carcaça da válvula termostática para veículo com sensor e cabo. Material: Plástico, metal e borracha. Embalagem: Caixa de papelão.",,,,,143.0,24.0,cadastro_fotos/307-K.png
308,Vehicle thermostatic valve housing,Manutenção automotiva,"Tianmen Fengcheng Trading Co. Ltd.
",37.12,24.0,,"Carcaça da válvula termostática do veículo, Material: 
Plástico, Tamanho individual 21x4x2CM, caixa de papelão",,,,25/03/2026 12:53,308,SKU 308,308,SKU 308,Vehicle thermostatic valve housing,"Vehicle thermostatic valve housing,  Material:
Plastic, Individual Size 21x4x2CM, cardboard box","Carcaça da válvula termostática do veículo, Material: 
Plástico, Tamanho individual 21x4x2CM, caixa de papelão"," Material:
Plastic","Material:
Plástico",cardboard box,caixa de papelão,21.0,4.0,2.0,0.000168,93,Individual Size 21x4x2CM,Manutenção automotiva,Em veículos automotores compatíveis,Revenda online,"160 - CHINA, REPÚBLICA POPULAR","Tianmen Fengcheng Trading Co. Ltd.
","Tianmen Fengcheng Trading Co. Ltd.
","Jingling Street, E-Commerce Industrial Park",S/N,Tianmen,Room 301,Hubei Province,Carcaça da válvula termostática do veículo,"Carcaça da válvula termostática do veículo, Material: 
Plástico, Tamanho individual 21x4x2CM, caixa de papelão",,,,,37.12,24.0,cadastro_fotos/308.png
308-1,,,,37.12,24.0,,,,,,25/03/2026 12:53,308-1,,,,,,,,,,,,,,,,,,,,,,,,,,,,,,,,,,37.12,24.0,
309.1,,,,153.13,24.0,,,MLB4487060683,MLB4487060683|MLB6301388104|MLB6301657494,3.0,25/03/2026 12:53,309.1,,,,,,,,,,,,,,,,,,,,,,,,,,,,,,Válvula Reguladora Bomba De Alta Hr E 2500 Novas 2012 || Válvula Reguladora Hr Bongo Sprinter 415 515 2.5 28233374,,"R$ 41,90",Clássico|Premium,153.13,24.0,
31-A,Air duct diffuser for Mitsubishi Lancer,Manutenção automotiva,"Tianmen Fengcheng Trading Co. Ltd.
",,,,"Difusor de duto de ar para Mitsubishi Lancer, Material: Plástico, caixa de papelão",,,,25/03/2026 12:53,31-A,SKU 31-A,31-A,SKU 31-A,Air duct diffuser for Mitsubishi Lancer,"Air duct diffuser for Mitsubishi Lancer,  Material: Plastic, cardboard box","Difusor de duto de ar para Mitsubishi Lancer, Material: Plástico, caixa de papelão", Material: Plastic,Material: Plástico,cardboard box,caixa de papelão,,,,,,Individual Size xxCM,Manutenção automotiva,Em veículos automotores compatíveis,Revenda online,"160 - CHINA, REPÚBLICA POPULAR","Tianmen Fengcheng Trading Co. Ltd.
","Tianmen Fengcheng Trading Co. Ltd.
","Jingling Street, E-Commerce Industrial Park",S/N,Tianmen,Room 301,Hubei Province,Difusor de duto de ar para Mitsubishi Lancer,"Difusor de duto de ar para Mitsubishi Lancer, Material: Plástico, caixa de papelão",,,,,,,cadastro_fotos/31-A.png
31-B,Air duct diffuser for Mitsubishi Lancer,Manutenção automotiva,"Tianmen Fengcheng Trading Co. Ltd.
",,,,"Difusor de duto de ar para Mitsubishi Lancer, Material: Plástico, caixa de papelão",,,,25/03/2026 12:53,31-B,SKU 31-B,31-B,SKU 31-B,Air duct diffuser for Mitsubishi Lancer,"Air duct diffuser for Mitsubishi Lancer,  Material: Plastic, cardboard box","Difusor de duto de ar para Mitsubishi Lancer, Material: Plástico, caixa de papelão", Material: Plastic,Material: Plástico,cardboard box,caixa de papelão,,,,,,Individual Size xxCM,Manutenção automotiva,Em veículos automotores compatíveis,Revenda online,"160 - CHINA, REPÚBLICA POPULAR","Tianmen Fengcheng Trading Co. Ltd.
","Tianmen Fengcheng Trading Co. Ltd.
","Jingling Street, E-Commerce Industrial Park",S/N,Tianmen,Room 301,Hubei Province,Difusor de duto de ar para Mitsubishi Lancer,"Difusor de duto de ar para Mitsubishi Lancer, Material: Plástico, caixa de papelão",,,,,,,cadastro_fotos/31-B.png
31-C,Air duct diffuser for Mitsubishi Lancer,Manutenção automotiva,"Tianmen Fengcheng Trading Co. Ltd.
",,,,"Difusor de duto de ar para Mitsubishi Lancer, Material: Plástico, caixa de papelão",,,,25/03/2026 12:53,31-C,SKU 31-C,31-C,SKU 31-C,Air duct diffuser for Mitsubishi Lancer,"Air duct diffuser for Mitsubishi Lancer,  Material: Plastic, cardboard box","Difusor de duto de ar para Mitsubishi Lancer, Material: Plástico, caixa de papelão", Material: Plastic,Material: Plástico,cardboard box,caixa de papelão,,,,,,Individual Size xxCM,Manutenção automotiva,Em veículos automotores compatíveis,Revenda online,"160 - CHINA, REPÚBLICA POPULAR","Tianmen Fengcheng Trading Co. Ltd.
","Tianmen Fengcheng Trading Co. Ltd.
","Jingling Street, E-Commerce Industrial Park",S/N,Tianmen,Room 301,Hubei Province,Difusor de duto de ar para Mitsubishi Lancer,"Difusor de duto de ar para Mitsubishi Lancer, Material: Plástico, caixa de papelão",,,,,,,cadastro_fotos/31-C.png
31-D,Air duct diffuser for Mitsubishi Lancer,Manutenção automotiva,"Tianmen Fengcheng Trading Co. Ltd.
",,,,"Difusor de duto de ar para Mitsubishi Lancer, Material: Plástico, caixa de papelão",,,,25/03/2026 12:53,31-D,SKU 31-D,31-D,SKU 31-D,Air duct diffuser for Mitsubishi Lancer,"Air duct diffuser for Mitsubishi Lancer,  Material: Plastic, cardboard box","Difusor de duto de ar para Mitsubishi Lancer, Material: Plástico, caixa de papelão", Material: Plastic,Material: Plástico,cardboard box,caixa de papelão,,,,,,Individual Size xxCM,Manutenção automotiva,Em veículos automotores compatíveis,Revenda online,"160 - CHINA, REPÚBLICA POPULAR","Tianmen Fengcheng Trading Co. Ltd.
","Tianmen Fengcheng Trading Co. Ltd.
","Jingling Street, E-Commerce Industrial Park",S/N,Tianmen,Room 301,Hubei Province,Difusor de duto de ar para Mitsubishi Lancer,"Difusor de duto de ar para Mitsubishi Lancer, Material: Plástico, caixa de papelão",,,,,,,cadastro_fotos/31-D.png
310,Vehicle Air Flow Meter,Manutenção automotiva,"Tianmen Fengcheng Trading Co. Ltd.
",84.9,24.0,,"Medidor de fluxo de ar para veículos, Material:
Plástico e metal, Tamanho individual 14x10x11CM, caixa de papelão",MLB3361987231,MLB3361987231|MLB3582691365|MLB3962309413|MLB4103999719,4.0,25/03/2026 12:53,310,SKU 310,310,SKU 310,Vehicle Air Flow Meter,"Vehicle Air Flow Meter,  Material:
Plastic and metal, Individual Size 14x10x11CM, cardboard box","Medidor de fluxo de ar para veículos, Material:
Plástico e metal, Tamanho individual 14x10x11CM, caixa de papelão"," Material:
Plastic and metal","Material:
Plástico e metal",cardboard box,caixa de papelão,14.0,10.0,11.0,0.00154,,Individual Size 14x10x11CM,Manutenção automotiva,Em veículos automotores compatíveis,Revenda online,"160 - CHINA, REPÚBLICA POPULAR","Tianmen Fengcheng Trading Co. Ltd.
","Tianmen Fengcheng Trading Co. Ltd.
","Jingling Street, E-Commerce Industrial Park",S/N,Tianmen,Room 301,Hubei Province,Medidor de fluxo de ar do veículo,"Medidor de fluxo de ar para veículos, Material:
Plástico e metal, Tamanho individual 14x10x11CM, caixa de papelão",Medidor Fluxo Ar Maf Suzuki Vitara Tracker Sidekick 1.6 2.0 || Medidor Fluxo Ar Maf Vitara E Tracker 1.6 E 2.0 16v Gasolina || Medidor Sensor Maf Fluxo Ar Grand Vitara Gm Tracker || Sensor Medidor Maf Fluxo Ar J20a Tracker Grand Vitara,7895141624948,"R$ 22,55",Clássico|Premium,84.9,24.0,cadastro_fotos/310.png
312,Vehicle Transmission Protection Mat,Manutenção automotiva,"Tianmen Fengcheng Trading Co. Ltd.
",36.75,24.0,,"Tapete de proteção para transmissão do veículo, Material: Plástico, caixa de papelão",MLB2031818180,MLB2031818180|MLB3565991557,2.0,25/03/2026 12:53,312,SKU 312,312,SKU 312,Vehicle Transmission Protection Mat,"Vehicle Transmission Protection Mat, Material: Plastic, cardboard box","Tapete de proteção para transmissão do veículo, Material: Plástico, caixa de papelão",Material: Plastic,Material: Plástico,cardboard box,caixa de papelão,,,,0.0,,Individual Size xxCM,Manutenção automotiva,Em veículos automotores compatíveis,Revenda online,"160 - CHINA, REPÚBLICA POPULAR","Tianmen Fengcheng Trading Co. Ltd.
","Tianmen Fengcheng Trading Co. Ltd.
","Jingling Street, E-Commerce Industrial Park",S/N,Tianmen,Room 301,Hubei Province,Tapete de proteção da transmissão do veículo,"Tapete de proteção para transmissão do veículo, Material: Plástico, caixa de papelão",Esteira Do Câmbio Automático Al4 Para Peugeot E Citroën || Esteira Do Câmbio Automático Peugeot 307 E Citroen C4,7895139518891,"R$ 18,45",Premium,36.75,24.0,cadastro_fotos/312.png
313,Vehicle Transmission Protection Mat,Manutenção automotiva,"Tianmen Fengcheng Trading Co. Ltd.
",22.27,24.0,,"Tapete de proteção para transmissão do veículo, Material: Plástico, caixa de papelão",MLB2039755990,MLB2039755990|MLB2039775254|MLB3031977976,3.0,25/03/2026 12:53,313,SKU 313,313,"8015A066
SKU 313",Vehicle Transmission Protection Mat,"Vehicle Transmission Protection Mat, Material: Plastic, cardboard box","Tapete de proteção para transmissão do veículo, Material: Plástico, caixa de papelão",Material: Plastic,Material: Plástico,cardboard box,caixa de papelão,,,,0.0,,Individual Size xxCM,Manutenção automotiva,Em veículos automotores compatíveis,Revenda online,"160 - CHINA, REPÚBLICA POPULAR","Tianmen Fengcheng Trading Co. Ltd.
","Tianmen Fengcheng Trading Co. Ltd.
","Jingling Street, E-Commerce Industrial Park",S/N,Tianmen,Room 301,Hubei Province,Tapete de proteção da transmissão do veículo,"Tapete de proteção para transmissão do veículo, Material: Plástico, caixa de papelão",Deslizante / Esteira Alavanca Cambio Automático Pajero Full || Esteira Alavanca Cambio Automático Pajero Full Deslizante || Esteira Alavanca Do Câmbio Pajero Full Acabamento Manopla,789123400224|7895139518914,"R$ 7,75",Clássico,22.27,24.0,cadastro_fotos/313.png
314,Anti-sound insert for seat belt,Acessório automotivo,"Tianmen Fengcheng Trading Co. Ltd.
",,,,"Inserto antirruído para cinto de segurança, Material: Metal, caixa de papelão",,,,25/03/2026 12:53,314,SKU 314,314,SKU 314,Anti-sound insert for seat belt,"Anti-sound insert for seat belt,  Material:Metal, cardboard box","Inserto antirruído para cinto de segurança, Material: Metal, caixa de papelão", Material:Metal,Material: Metal,cardboard box,caixa de papelão,,,,0.0,,Individual Size xxCM,Acessório automotivo,Em veículos automotores compatíveis,Revenda online,"160 - CHINA, REPÚBLICA POPULAR","Tianmen Fengcheng Trading Co. Ltd.
","Tianmen Fengcheng Trading Co. Ltd.
","Jingling Street, E-Commerce Industrial Park",S/N,Tianmen,Room 301,Hubei Province,Inserção antirruído para cinto de segurança,"Inserto antirruído para cinto de segurança, Material: Metal, caixa de papelão",,,,,,,cadastro_fotos/314.png
314-K,Anti-sound insert for seat belt,Acessório automotivo,"Tianmen Fengcheng Trading Co. Ltd.
",21.98,24.0,,"Inserto antirruído para cinto de segurança, Material: Metal, caixa de papelão",,,,25/03/2026 12:53,314-K,SKU 314-K,314-K,SKU 314-K,Anti-sound insert for seat belt,"Anti-sound insert for seat belt,  Material:Metal, cardboard box","Inserto antirruído para cinto de segurança, Material: Metal, caixa de papelão", Material:Metal,Material: Metal,cardboard box,caixa de papelão,,,,0.0,,Individual Size xxCM,Acessório automotivo,Em veículos automotores compatíveis,Revenda online,"160 - CHINA, REPÚBLICA POPULAR","Tianmen Fengcheng Trading Co. Ltd.
","Tianmen Fengcheng Trading Co. Ltd.
","Jingling Street, E-Commerce Industrial Park",S/N,Tianmen,Room 301,Hubei Province,Inserção antirruído para cinto de segurança,"Inserto antirruído para cinto de segurança, Material: Metal, caixa de papelão",,,,,21.98,24.0,cadastro_fotos/314-K.png
315,Anti-sound insert for seat belt,Acessório automotivo,"Tianmen Fengcheng Trading Co. Ltd.
",,,,"Inserto antirruído para cinto de segurança, Material: Metal, caixa de papelão",,,,25/03/2026 12:53,315,SKU 315,315,SKU 315,Anti-sound insert for seat belt,"Anti-sound insert for seat belt,  Material:Metal, cardboard box","Inserto antirruído para cinto de segurança, Material: Metal, caixa de papelão", Material:Metal,Material: Metal,cardboard box,caixa de papelão,,,,0.0,,Individual Size xxCM,Acessório automotivo,Em veículos automotores compatíveis,Revenda online,"160 - CHINA, REPÚBLICA POPULAR","Tianmen Fengcheng Trading Co. Ltd.
","Tianmen Fengcheng Trading Co. Ltd.
","Jingling Street, E-Commerce Industrial Park",S/N,Tianmen,Room 301,Hubei Province,Inserção antirruído para cinto de segurança,"Inserto antirruído para cinto de segurança, Material: Metal, caixa de papelão",,,,,,,cadastro_fotos/315.png
315-K,Anti-sound insert for seat belt,Acessório automotivo,"Tianmen Fengcheng Trading Co. Ltd.
",16.4,24.0,,"Inserto antirruído para cinto de segurança, Material: Metal, caixa de papelão",,,,25/03/2026 12:53,315-K,SKU 315-K,315-K,SKU 315-K,Anti-sound insert for seat belt,"Anti-sound insert for seat belt,  Material:Metal, cardboard box","Inserto antirruído para cinto de segurança, Material: Metal, caixa de papelão", Material:Metal,Material: Metal,cardboard box,caixa de papelão,,,,0.0,,Individual Size xxCM,Acessório automotivo,Em veículos automotores compatíveis,Revenda online,"160 - CHINA, REPÚBLICA POPULAR","Tianmen Fengcheng Trading Co. Ltd.
","Tianmen Fengcheng Trading Co. Ltd.
","Jingling Street, E-Commerce Industrial Park",S/N,Tianmen,Room 301,Hubei Province,Inserção antirruído para cinto de segurança,"Inserto antirruído para cinto de segurança, Material: Metal, caixa de papelão",,,,,16.4,24.0,cadastro_fotos/315-K.png
316,Vehicle power steering pressure switch,Manutenção automotiva,"Tianmen Fengcheng Trading Co. Ltd.
",16.29,24.0,,"Interruptor de pressão da direção hidráulica do veículo, Material: Metal e plástico, caixa de papelão",MLB2063101460,MLB2063101460|MLB2063120868|MLB3032604721|MLB4362495004|MLB4362573546,5.0,25/03/2026 12:53,316,SKU 316,316,SKU 316,Vehicle power steering pressure switch,"Vehicle power steering pressure switch, Material: Metal and plastic , cardboard box","Interruptor de pressão da direção hidráulica do veículo, Material: Metal e plástico, caixa de papelão",Material: Metal and plastic ,Material: Metal e plástico,cardboard box,caixa de papelão,,,,0.0,,Individual Size xxCM,Manutenção automotiva,Em veículos automotores compatíveis,Revenda online,"160 - CHINA, REPÚBLICA POPULAR","Tianmen Fengcheng Trading Co. Ltd.
","Tianmen Fengcheng Trading Co. Ltd.
","Jingling Street, E-Commerce Industrial Park",S/N,Tianmen,Room 301,Hubei Province,Interruptor de pressão da direção hidráulica do veículo,"Interruptor de pressão da direção hidráulica do veículo, Material: Metal e plástico, caixa de papelão",Sensor Da Direção Hidráulica Renault Clio Sandero Logan || Sensor De Direção Hidr. Renault Sandero Clio Logan Duster || Sensor Direção Hidráulica Renault Clio Logan Kang 497610324r || Sensor Pressão Direção Hidráulica Renault Clio Logan Sandero || Sensor Pressão Direção Hidráulica Scenic Megane Kangoo Clio,7895141624962|7895141634961|7895141634978,"R$ 14,35|R$ 7,75",Clássico|Premium,16.29,24.0,cadastro_fotos/316.png
318,Universal trunk lid lock set for vehicle,Manutenção automotiva,"Tianmen Fengcheng Trading Co. Ltd.
",38.13,24.0,,"Conjunto universal de fechaduras para tampa de porta-malas de veículos, Material: Metal e plástico, Tamanho individual: 11x11x7cm, Caixa de papelão",MLB2065150709,MLB2065150709|MLB3032696999|MLB3032760921|MLB4362687096|MLB4362766994,5.0,25/03/2026 12:53,318,SKU 318,318,"81230-1S100
SKU 318",Universal trunk lid lock set for vehicle ,"Universal trunk lid lock set for vehicle , Material: Metal and plastic , Individual Size 11x11x7CM, cardboard box","Conjunto universal de fechaduras para tampa de porta-malas de veículos, Material: Metal e plástico, Tamanho individual: 11x11x7cm, Caixa de papelão",Material: Metal and plastic ,Material: Metal e plástico,cardboard box,caixa de papelão,11.0,11.0,7.0,0.000847,310,Individual Size 11x11x7CM,Manutenção automotiva,Em veículos automotores compatíveis,Revenda online,"160 - CHINA, REPÚBLICA POPULAR","Tianmen Fengcheng Trading Co. Ltd.
","Tianmen Fengcheng Trading Co. Ltd.
","Jingling Street, E-Commerce Industrial Park",S/N,Tianmen,Room 301,Hubei Province,Conjunto universal de fechadura para tampa do porta-malas de veículos,"Conjunto universal de fechaduras para tampa de porta-malas de veículos, Material: Metal e plástico, Tamanho individual: 11x11x7cm, Caixa de papelão",Fechadura Tranca Traseira Elétrica Porta Mala Hb20s Sedan || Fechadura Trava Tranca Tampa Porta Malas Hb20s Sedan || Fechadura Trava Tranca Tampa Porta Malas Hb20s Sedan 2016 || Tranca Fechadura Tampa Traseira Hb20s Sedan 812301s210,7895141624979|7895141634466|7895141634985|7895141634992,"R$ 17,65|R$ 19,85",Clássico|Premium,38.13,24.0,cadastro_fotos/318.png
319,Hydraulic Actuator Cylinder for vehicle,Manutenção automotiva,"Tianmen Fengcheng Trading Co. Ltd.
",47.58,24.0,,"Cilindro atuador hidráulico para veículo, Material: Plástico, caixa de papelão",MLB2059442581,MLB2059442581|MLB2059448896|MLB3568256741,3.0,25/03/2026 12:53,319,SKU 319,319,SKU 319,Hydraulic Actuator Cylinder for vehicle,"Hydraulic Actuator Cylinder for vehicle, Material: Plastic , cardboard box","Cilindro atuador hidráulico para veículo, Material: Plástico, caixa de papelão",Material: Plastic ,Material: Plástico,cardboard box,caixa de papelão,,,,0.0,,Individual Size xxCM,Manutenção automotiva,Em veículos automotores compatíveis,Revenda online,"160 - CHINA, REPÚBLICA POPULAR","Tianmen Fengcheng Trading Co. Ltd.
","Tianmen Fengcheng Trading Co. Ltd.
","Jingling Street, E-Commerce Industrial Park",S/N,Tianmen,Room 301,Hubei Province,Cilindro atuador hidráulico para veículo,"Cilindro atuador hidráulico para veículo, Material: Plástico, caixa de papelão",Cilindro Atuador Hidráulico Meriva 2012 Easytronic G1d500201 || Cilindro Atuador Hidráulico Meriva Easytronic G1d500201,"789123400224,7895141635401|7895141624986|7895141635098","R$ 20,95|R$ 22,55",Clássico|Premium,47.58,24.0,cadastro_fotos/319.png
32,Motorcycle radiator,Manutenção automotiva,"Tianmen Fengcheng Trading Co. Ltd.
",,,,"Radiador para motocicleta, Material: Alumínio, Dimensões individuais: 45x28x11cm, caixa de papelão",,,,25/03/2026 12:53,32,SKU 32,32,"HX600 
SKU: 32",Motorcycle radiator,"Motorcycle radiator,  Material: Aluminum, Individual Size 45x28x11CM, cardboard box","Radiador para motocicleta, Material: Alumínio, Dimensões individuais: 45x28x11cm, caixa de papelão", Material: Aluminum,Material: Alumínio,cardboard box,caixa de papelão,45.0,28.0,11.0,0.01386,,Individual Size 45x28x11CM,Manutenção automotiva,Em veículos automotores compatíveis,Revenda online,"160 - CHINA, REPÚBLICA POPULAR","Tianmen Fengcheng Trading Co. Ltd.
","Tianmen Fengcheng Trading Co. Ltd.
","Jingling Street, E-Commerce Industrial Park",S/N,Tianmen,Room 301,Hubei Province,Radiador de motocicleta,"Radiador para motocicleta, Material: Alumínio, Dimensões individuais: 45x28x11cm, caixa de papelão",,,,,,,cadastro_fotos/32.png
32-K,,,,199.27,24.0,,,,,,25/03/2026 12:53,32-K,,,,,,,,,,,,,,,,,,,,,,,,,,,,,,,,,,199.27,24.0,
320,Pair of vehicle lamps 35W 12V 6000k D1S Fitting.,Manutenção automotiva,"Tianmen Fengcheng Trading Co. Ltd.
",42.34,24.0,,"Par de lâmpadas automotivas 35W 12V 6000k com encaixe D1S. Material: Plástico, vidro e metal. Dimensões individuais: 9,5 x 9 x 5,5 cm. Embalagem: Caixa de papelão.",,,,25/03/2026 12:53,320,SKU 320,320,SKU 320,Pair of vehicle lamps 35W 12V 6000k D1S Fitting.,"Pair of vehicle lamps 35W 12V 6000k D1S Fitting.,  Material: Plastic glass and metal, Individual Size 9,5x9x5,5CM, cardboard box","Par de lâmpadas automotivas 35W 12V 6000k com encaixe D1S. Material: Plástico, vidro e metal. Dimensões individuais: 9,5 x 9 x 5,5 cm. Embalagem: Caixa de papelão.", Material: Plastic glass and metal,"Material: Plástico, vidro e metal",cardboard box,caixa de papelão,9.5,9.0,5.5,0.00047025,162,"Individual Size 9,5x9x5,5CM",Manutenção automotiva,Em veículos automotores compatíveis,Revenda online,"160 - CHINA, REPÚBLICA POPULAR","Tianmen Fengcheng Trading Co. Ltd.
","Tianmen Fengcheng Trading Co. Ltd.
","Jingling Street, E-Commerce Industrial Park",S/N,Tianmen,Room 301,Hubei Province,Par de lâmpadas automotivas 35W 12V 6000k com encaixe D1S.,"Par de lâmpadas automotivas 35W 12V 6000k com encaixe D1S. Material: Plástico, vidro e metal. Dimensões individuais: 9,5 x 9 x 5,5 cm. Embalagem: Caixa de papelão.",,,,,42.34,24.0,cadastro_fotos/320.png
320-1,Pair of vehicle lamps 35W 12V 8000k D1S Fitting.,Manutenção automotiva,"Tianmen Fengcheng Trading Co. Ltd.
",,,,"Par de lâmpadas automotivas 35W 12V 8000k com encaixe D1S. Material: Plástico, vidro e metal. Dimensões individuais: 9,5 x 9 x 5,5 cm. Embalagem: caixa de papelão.",,,,25/03/2026 12:53,320-1,SKU 320-1,320-1,SKU 320-1,Pair of vehicle lamps 35W 12V 8000k D1S Fitting.,"Pair of vehicle lamps 35W 12V 8000k D1S Fitting.,  Material: Plastic glass and metal, Individual Size 9,5x9x5,5CM, cardboard box","Par de lâmpadas automotivas 35W 12V 8000k com encaixe D1S. Material: Plástico, vidro e metal. Dimensões individuais: 9,5 x 9 x 5,5 cm. Embalagem: caixa de papelão.", Material: Plastic glass and metal,"Material: Plástico, vidro e metal",cardboard box,caixa de papelão,9.5,9.0,5.5,0.00047025,162,"Individual Size 9,5x9x5,5CM",Manutenção automotiva,Em veículos automotores compatíveis,Revenda online,"160 - CHINA, REPÚBLICA POPULAR","Tianmen Fengcheng Trading Co. Ltd.
","Tianmen Fengcheng Trading Co. Ltd.
","Jingling Street, E-Commerce Industrial Park",S/N,Tianmen,Room 301,Hubei Province,Par de lâmpadas automotivas 35W 12V 8000k com encaixe D1S.,"Par de lâmpadas automotivas 35W 12V 8000k com encaixe D1S. Material: Plástico, vidro e metal. Dimensões individuais: 9,5 x 9 x 5,5 cm. Embalagem: caixa de papelão.",,,,,,,cadastro_fotos/320-1.png
321-1,"Sports spoiler for vehicle bumper, Rigth side",Manutenção automotiva,"Tianmen Fengcheng Trading Co. Ltd.
",14.53,24.0,,"Spoiler esportivo para para-choque de veículo, lado direito, material: plástico, caixa de papelão",,,,25/03/2026 12:53,321-1,SKU 321-1,321-1,SKU 321-1,"Sports spoiler for vehicle bumper, Rigth side","Sports spoiler for vehicle bumper, Rigth side, Material: Plastic , cardboard box","Spoiler esportivo para para-choque de veículo, lado direito, material: plástico, caixa de papelão",Material: Plastic ,Material: Plástico,cardboard box,caixa de papelão,,,,0.0,,Individual Size xxCM,Manutenção automotiva,Em veículos automotores compatíveis,Revenda online,"160 - CHINA, REPÚBLICA POPULAR","Tianmen Fengcheng Trading Co. Ltd.
","Tianmen Fengcheng Trading Co. Ltd.
","Jingling Street, E-Commerce Industrial Park",S/N,Tianmen,Room 301,Hubei Province,"Spoiler esportivo para para-choque do veículo, lado direito","Spoiler esportivo para para-choque de veículo, lado direito, material: plástico, caixa de papelão",,,,,14.53,24.0,cadastro_fotos/321-1.png
321-2,"Sports spoiler for vehicle bumper, Left side",Manutenção automotiva,"Tianmen Fengcheng Trading Co. Ltd.
",14.53,24.0,,"Spoiler esportivo para para-choque de veículo, lado esquerdo, Material: Plástico, caixa de papelão",,,,25/03/2026 12:53,321-2,SKU 321-2,321-2,SKU 321-2,"Sports spoiler for vehicle bumper, Left side","Sports spoiler for vehicle bumper, Left side, Material: Plastic , cardboard box","Spoiler esportivo para para-choque de veículo, lado esquerdo, Material: Plástico, caixa de papelão",Material: Plastic ,Material: Plástico,cardboard box,caixa de papelão,,,,0.0,,Individual Size xxCM,Manutenção automotiva,Em veículos automotores compatíveis,Revenda online,"160 - CHINA, REPÚBLICA POPULAR","Tianmen Fengcheng Trading Co. Ltd.
","Tianmen Fengcheng Trading Co. Ltd.
","Jingling Street, E-Commerce Industrial Park",S/N,Tianmen,Room 301,Hubei Province,"Spoiler esportivo para para-choque do veículo, lado esquerdo","Spoiler esportivo para para-choque de veículo, lado esquerdo, Material: Plástico, caixa de papelão",,,,,14.53,24.0,cadastro_fotos/321-2.png
321-K,Set of two sporty spoilers for vehicle bumpers.,Manutenção automotiva,"Tianmen Fengcheng Trading Co. Ltd.
",29.05,24.0,,Conjunto de dois spoilers esportivos para para-choques de veículos. Material: Plástico. Embalagem: Caixa de papelão.,,,,25/03/2026 12:53,321-K,SKU 321-K,321-K,SKU 321-K,Set of two sporty spoilers for vehicle bumpers.,"Set of two sporty spoilers for vehicle bumpers., Material: Plastic , cardboard box",Conjunto de dois spoilers esportivos para para-choques de veículos. Material: Plástico. Embalagem: Caixa de papelão.,Material: Plastic ,Material: Plástico,cardboard box,caixa de papelão,,,,0.0,,Individual Size xxCM,Manutenção automotiva,Em veículos automotores compatíveis,Revenda online,"160 - CHINA, REPÚBLICA POPULAR","Tianmen Fengcheng Trading Co. Ltd.
","Tianmen Fengcheng Trading Co. Ltd.
","Jingling Street, E-Commerce Industrial Park",S/N,Tianmen,Room 301,Hubei Province,Conjunto de dois spoilers esportivos para para-choques de veículos.,Conjunto de dois spoilers esportivos para para-choques de veículos. Material: Plástico. Embalagem: Caixa de papelão.,,,,,29.05,24.0,cadastro_fotos/321-K.png
D104-32,Bicycle Chainring 104 BCD 32-38T,Manutenção em mountain bike ,"Tianmen Fengcheng Trading Co. Ltd.
",23.89,20.0,,"Coroa para bicicleta 104 BCD 32-38T, Material: Liga de alumínio 7075, caixa de papelão",,,,25/03/2026 12:53,322-104-32,SKU 322-104-32,322-104-32,D104-32,Bicycle Chainring 104 BCD 32-38T,"Bicycle Chainring 104 BCD 32-38T, Material: Aluminum Alloy 7075, cardboard box","Coroa para bicicleta 104 BCD 32-38T, Material: Liga de alumínio 7075, caixa de papelão",Material: Aluminum Alloy 7075,Material: Liga de alumínio 7075,cardboard box,caixa de papelão,,,,0.0,,Individual Size xxCM,Manutenção em mountain bike ,Mountain bike ,Revenda online,"160 - CHINA, REPÚBLICA POPULAR","Tianmen Fengcheng Trading Co. Ltd.
","Tianmen Fengcheng Trading Co. Ltd.
","Jingling Street, E-Commerce Industrial Park",S/N,Tianmen,Room 301,Hubei Province,Coroa de bicicleta 104 BCD 32-38T,"Coroa para bicicleta 104 BCD 32-38T, Material: Liga de alumínio 7075, caixa de papelão",,,,,23.89,20.0,cadastro_fotos/322-104-32.jpg
D104-32-O,Oval Bicycle Chainring 96 BCD 32-38T,Manutenção em mountain bike ,"Tianmen Fengcheng Trading Co. Ltd.
",26.63,20.0,,"Coroa oval para bicicleta, BCD 96, 32-38 dentes, material: liga de alumínio 7075, caixa de papelão.",,,,25/03/2026 12:53,322-104-32-O,SKU 322-104-32-O,322-104-32-O,D104-32-O,Oval Bicycle Chainring 96 BCD 32-38T,"Oval Bicycle Chainring 96 BCD 32-38T, Material: Aluminum Alloy 7075, cardboard box","Coroa oval para bicicleta, BCD 96, 32-38 dentes, material: liga de alumínio 7075, caixa de papelão.",Material: Aluminum Alloy 7075,Material: Liga de alumínio 7075,cardboard box,caixa de papelão,,,,0.0,,Individual Size xxCM,Manutenção em mountain bike ,Mountain bike ,Revenda online,"160 - CHINA, REPÚBLICA POPULAR","Tianmen Fengcheng Trading Co. Ltd.
","Tianmen Fengcheng Trading Co. Ltd.
","Jingling Street, E-Commerce Industrial Park",S/N,Tianmen,Room 301,Hubei Province,"Coroa oval para bicicleta, 96 BCD, 32-38 dentes","Coroa oval para bicicleta, BCD 96, 32-38 dentes, material: liga de alumínio 7075, caixa de papelão.",,,,,26.63,20.0,cadastro_fotos/322-104-32-O.jpg
D104-34,Bicycle Chainring 104 BCD 32-38T,Manutenção em mountain bike ,"Tianmen Fengcheng Trading Co. Ltd.
",23.89,20.0,,"Coroa para bicicleta 104 BCD 32-38T, Material: Liga de alumínio 7075, caixa de papelão",,,,25/03/2026 12:53,322-104-34,SKU 322-104-34,322-104-34,D104-34,Bicycle Chainring 104 BCD 32-38T,"Bicycle Chainring 104 BCD 32-38T, Material: Aluminum Alloy 7075, cardboard box","Coroa para bicicleta 104 BCD 32-38T, Material: Liga de alumínio 7075, caixa de papelão",Material: Aluminum Alloy 7075,Material: Liga de alumínio 7075,cardboard box,caixa de papelão,,,,0.0,,Individual Size xxCM,Manutenção em mountain bike ,Mountain bike ,Revenda online,"160 - CHINA, REPÚBLICA POPULAR","Tianmen Fengcheng Trading Co. Ltd.
","Tianmen Fengcheng Trading Co. Ltd.
","Jingling Street, E-Commerce Industrial Park",S/N,Tianmen,Room 301,Hubei Province,Coroa de bicicleta 104 BCD 32-38T,"Coroa para bicicleta 104 BCD 32-38T, Material: Liga de alumínio 7075, caixa de papelão",,,,,23.89,20.0,cadastro_fotos/322-104-34.png
D104-34-O,Oval Bicycle Chainring 96 BCD 32-38T,Manutenção em mountain bike ,"Tianmen Fengcheng Trading Co. Ltd.
",26.63,20.0,,"Coroa oval para bicicleta, BCD 96, 32-38 dentes, material: liga de alumínio 7075, caixa de papelão.",,,,25/03/2026 12:53,322-104-34-O,SKU 322-104-34-O,322-104-34-O,D104-34-O,Oval Bicycle Chainring 96 BCD 32-38T,"Oval Bicycle Chainring 96 BCD 32-38T, Material: Aluminum Alloy 7075, cardboard box","Coroa oval para bicicleta, BCD 96, 32-38 dentes, material: liga de alumínio 7075, caixa de papelão.",Material: Aluminum Alloy 7075,Material: Liga de alumínio 7075,cardboard box,caixa de papelão,,,,0.0,,Individual Size xxCM,Manutenção em mountain bike ,Mountain bike ,Revenda online,"160 - CHINA, REPÚBLICA POPULAR","Tianmen Fengcheng Trading Co. Ltd.
","Tianmen Fengcheng Trading Co. Ltd.
","Jingling Street, E-Commerce Industrial Park",S/N,Tianmen,Room 301,Hubei Province,"Coroa oval para bicicleta, 96 BCD, 32-38 dentes","Coroa oval para bicicleta, BCD 96, 32-38 dentes, material: liga de alumínio 7075, caixa de papelão.",,,,,26.63,20.0,cadastro_fotos/322-104-34-O.jpg
D104-36,Bicycle Chainring 104 BCD 32-38T,Manutenção em mountain bike ,"Tianmen Fengcheng Trading Co. Ltd.
",23.89,20.0,,"Coroa para bicicleta 104 BCD 32-38T, Material: Liga de alumínio 7075, caixa de papelão",,,,25/03/2026 12:53,322-104-36,SKU 322-104-36,322-104-36,D104-36,Bicycle Chainring 104 BCD 32-38T,"Bicycle Chainring 104 BCD 32-38T, Material: Aluminum Alloy 7075, cardboard box","Coroa para bicicleta 104 BCD 32-38T, Material: Liga de alumínio 7075, caixa de papelão",Material: Aluminum Alloy 7075,Material: Liga de alumínio 7075,cardboard box,caixa de papelão,,,,0.0,,Individual Size xxCM,Manutenção em mountain bike ,Mountain bike ,Revenda online,"160 - CHINA, REPÚBLICA POPULAR","Tianmen Fengcheng Trading Co. Ltd.
","Tianmen Fengcheng Trading Co. Ltd.
","Jingling Street, E-Commerce Industrial Park",S/N,Tianmen,Room 301,Hubei Province,Coroa de bicicleta 104 BCD 32-38T,"Coroa para bicicleta 104 BCD 32-38T, Material: Liga de alumínio 7075, caixa de papelão",,,,,23.89,20.0,cadastro_fotos/322-104-36.png
D104-36-O,Oval Bicycle Chainring 96 BCD 32-38T,Manutenção em mountain bike ,"Tianmen Fengcheng Trading Co. Ltd.
",26.63,20.0,,"Coroa oval para bicicleta, BCD 96, 32-38 dentes, material: liga de alumínio 7075, caixa de papelão.",,,,25/03/2026 12:53,322-104-36-O,SKU 322-104-36-O,322-104-36-O,D104-36-O,Oval Bicycle Chainring 96 BCD 32-38T,"Oval Bicycle Chainring 96 BCD 32-38T, Material: Aluminum Alloy 7075, cardboard box","Coroa oval para bicicleta, BCD 96, 32-38 dentes, material: liga de alumínio 7075, caixa de papelão.",Material: Aluminum Alloy 7075,Material: Liga de alumínio 7075,cardboard box,caixa de papelão,,,,0.0,,Individual Size xxCM,Manutenção em mountain bike ,Mountain bike ,Revenda online,"160 - CHINA, REPÚBLICA POPULAR","Tianmen Fengcheng Trading Co. Ltd.
","Tianmen Fengcheng Trading Co. Ltd.
","Jingling Street, E-Commerce Industrial Park",S/N,Tianmen,Room 301,Hubei Province,"Coroa oval para bicicleta, 96 BCD, 32-38 dentes","Coroa oval para bicicleta, BCD 96, 32-38 dentes, material: liga de alumínio 7075, caixa de papelão.",,,,,26.63,20.0,cadastro_fotos/322-104-36-O.jpg
D104-38,Bicycle Chainring 104 BCD 32-38T,Manutenção em mountain bike ,"Tianmen Fengcheng Trading Co. Ltd.
",23.89,20.0,,"Coroa para bicicleta 104 BCD 32-38T, Material: Liga de alumínio 7075, caixa de papelão",,,,25/03/2026 12:53,322-104-38,SKU 322-104-38,322-104-38,D104-38,Bicycle Chainring 104 BCD 32-38T,"Bicycle Chainring 104 BCD 32-38T, Material: Aluminum Alloy 7075, cardboard box","Coroa para bicicleta 104 BCD 32-38T, Material: Liga de alumínio 7075, caixa de papelão",Material: Aluminum Alloy 7075,Material: Liga de alumínio 7075,cardboard box,caixa de papelão,,,,0.0,,Individual Size xxCM,Manutenção em mountain bike ,Mountain bike ,Revenda online,"160 - CHINA, REPÚBLICA POPULAR","Tianmen Fengcheng Trading Co. Ltd.
","Tianmen Fengcheng Trading Co. Ltd.
","Jingling Street, E-Commerce Industrial Park",S/N,Tianmen,Room 301,Hubei Province,Coroa de bicicleta 104 BCD 32-38T,"Coroa para bicicleta 104 BCD 32-38T, Material: Liga de alumínio 7075, caixa de papelão",,,,,23.89,20.0,cadastro_fotos/322-104-38.jpg
D104-38-O,Oval Bicycle Chainring 96 BCD 32-38T,Manutenção em mountain bike ,"Tianmen Fengcheng Trading Co. Ltd.
",26.63,20.0,,"Coroa oval para bicicleta, BCD 96, 32-38 dentes, material: liga de alumínio 7075, caixa de papelão.",,,,25/03/2026 12:53,322-104-38-O,SKU 322-104-38-O,322-104-38-O,D104-38-O,Oval Bicycle Chainring 96 BCD 32-38T,"Oval Bicycle Chainring 96 BCD 32-38T, Material: Aluminum Alloy 7075, cardboard box","Coroa oval para bicicleta, BCD 96, 32-38 dentes, material: liga de alumínio 7075, caixa de papelão.",Material: Aluminum Alloy 7075,Material: Liga de alumínio 7075,cardboard box,caixa de papelão,,,,0.0,,Individual Size xxCM,Manutenção em mountain bike ,Mountain bike ,Revenda online,"160 - CHINA, REPÚBLICA POPULAR","Tianmen Fengcheng Trading Co. Ltd.
","Tianmen Fengcheng Trading Co. Ltd.
","Jingling Street, E-Commerce Industrial Park",S/N,Tianmen,Room 301,Hubei Province,"Coroa oval para bicicleta, 96 BCD, 32-38 dentes","Coroa oval para bicicleta, BCD 96, 32-38 dentes, material: liga de alumínio 7075, caixa de papelão.",,,,,26.63,20.0,cadastro_fotos/322-104-38-O.jpg
D104-40,Bicycle Chainring 104 BCD 40-52T,Manutenção em mountain bike ,"Tianmen Fengcheng Trading Co. Ltd.
",,,,"Coroa para bicicleta 104 BCD 40-52T, Material: Liga de alumínio 7075, caixa de papelão",,,,25/03/2026 12:53,322-104-40,SKU 322-104-40,322-104-40,D104-40,Bicycle Chainring 104 BCD 40-52T,"Bicycle Chainring 104 BCD 40-52T, Material: Aluminum Alloy 7075, cardboard box","Coroa para bicicleta 104 BCD 40-52T, Material: Liga de alumínio 7075, caixa de papelão",Material: Aluminum Alloy 7075,Material: Liga de alumínio 7075,cardboard box,caixa de papelão,,,,,,Individual Size xxCM,Manutenção em mountain bike ,Mountain bike ,Revenda online,"160 - CHINA, REPÚBLICA POPULAR","Tianmen Fengcheng Trading Co. Ltd.
","Tianmen Fengcheng Trading Co. Ltd.
","Jingling Street, E-Commerce Industrial Park",S/N,Tianmen,Room 301,Hubei Province,Coroa de bicicleta 104 BCD 40-52 dentes,"Coroa para bicicleta 104 BCD 40-52T, Material: Liga de alumínio 7075, caixa de papelão",,,,,,,cadastro_fotos/322-104-40.png
D104-42,Bicycle Chainring 104 BCD 40-52T,Manutenção em mountain bike ,"Tianmen Fengcheng Trading Co. Ltd.
",,,,"Coroa para bicicleta 104 BCD 40-52T, Material: Liga de alumínio 7075, caixa de papelão",,,,25/03/2026 12:53,322-104-42,SKU 322-104-42,322-104-42,D104-42,Bicycle Chainring 104 BCD 40-52T,"Bicycle Chainring 104 BCD 40-52T, Material: Aluminum Alloy 7075, cardboard box","Coroa para bicicleta 104 BCD 40-52T, Material: Liga de alumínio 7075, caixa de papelão",Material: Aluminum Alloy 7075,Material: Liga de alumínio 7075,cardboard box,caixa de papelão,,,,,,Individual Size xxCM,Manutenção em mountain bike ,Mountain bike ,Revenda online,"160 - CHINA, REPÚBLICA POPULAR","Tianmen Fengcheng Trading Co. Ltd.
","Tianmen Fengcheng Trading Co. Ltd.
","Jingling Street, E-Commerce Industrial Park",S/N,Tianmen,Room 301,Hubei Province,Coroa de bicicleta 104 BCD 40-52 dentes,"Coroa para bicicleta 104 BCD 40-52T, Material: Liga de alumínio 7075, caixa de papelão",,,,,,,cadastro_fotos/322-104-42.png
D104-44,Bicycle Chainring 104 BCD 40-52T,Manutenção em mountain bike ,"Tianmen Fengcheng Trading Co. Ltd.
",,,,"Coroa para bicicleta 104 BCD 40-52T, Material: Liga de alumínio 7075, caixa de papelão",,,,25/03/2026 12:53,322-104-44,SKU 322-104-44,322-104-44,D104-44,Bicycle Chainring 104 BCD 40-52T,"Bicycle Chainring 104 BCD 40-52T, Material: Aluminum Alloy 7075, cardboard box","Coroa para bicicleta 104 BCD 40-52T, Material: Liga de alumínio 7075, caixa de papelão",Material: Aluminum Alloy 7075,Material: Liga de alumínio 7075,cardboard box,caixa de papelão,,,,,,Individual Size xxCM,Manutenção em mountain bike ,Mountain bike ,Revenda online,"160 - CHINA, REPÚBLICA POPULAR","Tianmen Fengcheng Trading Co. Ltd.
","Tianmen Fengcheng Trading Co. Ltd.
","Jingling Street, E-Commerce Industrial Park",S/N,Tianmen,Room 301,Hubei Province,Coroa de bicicleta 104 BCD 40-52 dentes,"Coroa para bicicleta 104 BCD 40-52T, Material: Liga de alumínio 7075, caixa de papelão",,,,,,,cadastro_fotos/322-104-44.png
D104-46,Bicycle Chainring 104 BCD 40-52T,Manutenção em mountain bike ,"Tianmen Fengcheng Trading Co. Ltd.
",,,,"Coroa para bicicleta 104 BCD 40-52T, Material: Liga de alumínio 7075, caixa de papelão",,,,25/03/2026 12:53,322-104-46,SKU 322-104-46,322-104-46,D104-46,Bicycle Chainring 104 BCD 40-52T,"Bicycle Chainring 104 BCD 40-52T, Material: Aluminum Alloy 7075, cardboard box","Coroa para bicicleta 104 BCD 40-52T, Material: Liga de alumínio 7075, caixa de papelão",Material: Aluminum Alloy 7075,Material: Liga de alumínio 7075,cardboard box,caixa de papelão,,,,,,Individual Size xxCM,Manutenção em mountain bike ,Mountain bike ,Revenda online,"160 - CHINA, REPÚBLICA POPULAR","Tianmen Fengcheng Trading Co. Ltd.
","Tianmen Fengcheng Trading Co. Ltd.
","Jingling Street, E-Commerce Industrial Park",S/N,Tianmen,Room 301,Hubei Province,Coroa de bicicleta 104 BCD 40-52 dentes,"Coroa para bicicleta 104 BCD 40-52T, Material: Liga de alumínio 7075, caixa de papelão",,,,,,,cadastro_fotos/322-104-46.png
D104-48,Bicycle Chainring 104 BCD 40-52T,Manutenção em mountain bike ,"Tianmen Fengcheng Trading Co. Ltd.
",,,,"Coroa para bicicleta 104 BCD 40-52T, Material: Liga de alumínio 7075, caixa de papelão",,,,25/03/2026 12:53,322-104-48,SKU 322-104-48,322-104-48,D104-48,Bicycle Chainring 104 BCD 40-52T,"Bicycle Chainring 104 BCD 40-52T, Material: Aluminum Alloy 7075, cardboard box","Coroa para bicicleta 104 BCD 40-52T, Material: Liga de alumínio 7075, caixa de papelão",Material: Aluminum Alloy 7075,Material: Liga de alumínio 7075,cardboard box,caixa de papelão,,,,,,Individual Size xxCM,Manutenção em mountain bike ,Mountain bike ,Revenda online,"160 - CHINA, REPÚBLICA POPULAR","Tianmen Fengcheng Trading Co. Ltd.
","Tianmen Fengcheng Trading Co. Ltd.
","Jingling Street, E-Commerce Industrial Park",S/N,Tianmen,Room 301,Hubei Province,Coroa de bicicleta 104 BCD 40-52 dentes,"Coroa para bicicleta 104 BCD 40-52T, Material: Liga de alumínio 7075, caixa de papelão",,,,,,,cadastro_fotos/322-104-48.png
D104-50,Bicycle Chainring 104 BCD 40-52T,Manutenção em mountain bike ,"Tianmen Fengcheng Trading Co. Ltd.
",,,,"Coroa para bicicleta 104 BCD 40-52T, Material: Liga de alumínio 7075, caixa de papelão",,,,25/03/2026 12:53,322-104-50,SKU 322-104-50,322-104-50,D104-50,Bicycle Chainring 104 BCD 40-52T,"Bicycle Chainring 104 BCD 40-52T, Material: Aluminum Alloy 7075, cardboard box","Coroa para bicicleta 104 BCD 40-52T, Material: Liga de alumínio 7075, caixa de papelão",Material: Aluminum Alloy 7075,Material: Liga de alumínio 7075,cardboard box,caixa de papelão,,,,,,Individual Size xxCM,Manutenção em mountain bike ,Mountain bike ,Revenda online,"160 - CHINA, REPÚBLICA POPULAR","Tianmen Fengcheng Trading Co. Ltd.
","Tianmen Fengcheng Trading Co. Ltd.
","Jingling Street, E-Commerce Industrial Park",S/N,Tianmen,Room 301,Hubei Province,Coroa de bicicleta 104 BCD 40-52 dentes,"Coroa para bicicleta 104 BCD 40-52T, Material: Liga de alumínio 7075, caixa de papelão",,,,,,,cadastro_fotos/322-104-50.png
D104-52,Bicycle Chainring 104 BCD 40-52T,Manutenção em mountain bike ,"Tianmen Fengcheng Trading Co. Ltd.
",,,,"Coroa para bicicleta 104 BCD 40-52T, Material: Liga de alumínio 7075, caixa de papelão",,,,25/03/2026 12:53,322-104-52,SKU 322-104-52,322-104-52,D104-52,Bicycle Chainring 104 BCD 40-52T,"Bicycle Chainring 104 BCD 40-52T, Material: Aluminum Alloy 7075, cardboard box","Coroa para bicicleta 104 BCD 40-52T, Material: Liga de alumínio 7075, caixa de papelão",Material: Aluminum Alloy 7075,Material: Liga de alumínio 7075,cardboard box,caixa de papelão,,,,,,Individual Size xxCM,Manutenção em mountain bike ,Mountain bike ,Revenda online,"160 - CHINA, REPÚBLICA POPULAR","Tianmen Fengcheng Trading Co. Ltd.
","Tianmen Fengcheng Trading Co. Ltd.
","Jingling Street, E-Commerce Industrial Park",S/N,Tianmen,Room 301,Hubei Province,Coroa de bicicleta 104 BCD 40-52 dentes,"Coroa para bicicleta 104 BCD 40-52T, Material: Liga de alumínio 7075, caixa de papelão",,,,,,,cadastro_fotos/322-104-52.png
D9496-32,Bicycle Chainring 94/96 BCD 32-38T,Manutenção em mountain bike ,"Tianmen Fengcheng Trading Co. Ltd.
",26.42,20.0,,"Coroa para bicicleta 94/96 BCD 32-38T, Material: Liga de alumínio 7075, caixa de papelão",,,,25/03/2026 12:53,322-94/96-32,SKU 322-94/96-32,322-94/96-32,D9496-32,Bicycle Chainring 94/96 BCD 32-38T,"Bicycle Chainring 94/96 BCD 32-38T, Material: Aluminum Alloy 7075, cardboard box","Coroa para bicicleta 94/96 BCD 32-38T, Material: Liga de alumínio 7075, caixa de papelão",Material: Aluminum Alloy 7075,Material: Liga de alumínio 7075,cardboard box,caixa de papelão,,,,0.0,,Individual Size xxCM,Manutenção em mountain bike ,Mountain bike ,Revenda online,"160 - CHINA, REPÚBLICA POPULAR","Tianmen Fengcheng Trading Co. Ltd.
","Tianmen Fengcheng Trading Co. Ltd.
","Jingling Street, E-Commerce Industrial Park",S/N,Tianmen,Room 301,Hubei Province,Coroa de bicicleta 94/96 BCD 32-38 dentes,"Coroa para bicicleta 94/96 BCD 32-38T, Material: Liga de alumínio 7075, caixa de papelão",,,,,26.42,20.0,cadastro_fotos/322-94_96-32.jpg
D9496-32-O,Oval Bicycle Chainring 94-96 BCD 32-38T,Manutenção em mountain bike ,"Tianmen Fengcheng Trading Co. Ltd.
",27.53,20.0,,"Coroa oval para bicicleta, BCD 94-96, 32-38 dentes, material: liga de alumínio 7075, caixa de papelão.",,,,25/03/2026 12:53,322-94/96-32-O,SKU 322-94/96-32-O,322-94/96-32-O,D9496-32-O,Oval Bicycle Chainring 94-96 BCD 32-38T,"Oval Bicycle Chainring 94-96 BCD 32-38T, Material: Aluminum Alloy 7075, cardboard box","Coroa oval para bicicleta, BCD 94-96, 32-38 dentes, material: liga de alumínio 7075, caixa de papelão.",Material: Aluminum Alloy 7075,Material: Liga de alumínio 7075,cardboard box,caixa de papelão,,,,0.0,,Individual Size xxCM,Manutenção em mountain bike ,Mountain bike ,Revenda online,"160 - CHINA, REPÚBLICA POPULAR","Tianmen Fengcheng Trading Co. Ltd.
","Tianmen Fengcheng Trading Co. Ltd.
","Jingling Street, E-Commerce Industrial Park",S/N,Tianmen,Room 301,Hubei Province,"Coroa oval para bicicleta, BCD 94-96, 32-38 dentes","Coroa oval para bicicleta, BCD 94-96, 32-38 dentes, material: liga de alumínio 7075, caixa de papelão.",,,,,27.53,20.0,cadastro_fotos/322-94_96-32-O.jpg
D9496-34,Bicycle Chainring 94/96 BCD 32-38T,Manutenção em mountain bike ,"Tianmen Fengcheng Trading Co. Ltd.
",26.42,20.0,,"Coroa para bicicleta 94/96 BCD 32-38T, Material: Liga de alumínio 7075, caixa de papelão",,,,25/03/2026 12:53,322-94/96-34,SKU 322-94/96-34,322-94/96-34,D9496-34,Bicycle Chainring 94/96 BCD 32-38T,"Bicycle Chainring 94/96 BCD 32-38T, Material: Aluminum Alloy 7075, cardboard box","Coroa para bicicleta 94/96 BCD 32-38T, Material: Liga de alumínio 7075, caixa de papelão",Material: Aluminum Alloy 7075,Material: Liga de alumínio 7075,cardboard box,caixa de papelão,,,,0.0,,Individual Size xxCM,Manutenção em mountain bike ,Mountain bike ,Revenda online,"160 - CHINA, REPÚBLICA POPULAR","Tianmen Fengcheng Trading Co. Ltd.
","Tianmen Fengcheng Trading Co. Ltd.
","Jingling Street, E-Commerce Industrial Park",S/N,Tianmen,Room 301,Hubei Province,Coroa de bicicleta 94/96 BCD 32-38 dentes,"Coroa para bicicleta 94/96 BCD 32-38T, Material: Liga de alumínio 7075, caixa de papelão",,,,,26.42,20.0,cadastro_fotos/322-94_96-34.jpg
D9496-34-O,Oval Bicycle Chainring 94-96 BCD 32-38T,Manutenção em mountain bike ,"Tianmen Fengcheng Trading Co. Ltd.
",27.53,20.0,,"Coroa oval para bicicleta, BCD 94-96, 32-38 dentes, material: liga de alumínio 7075, caixa de papelão.",,,,25/03/2026 12:53,322-94/96-34-O,SKU 322-94/96-34-O,322-94/96-34-O,D9496-34-O,Oval Bicycle Chainring 94-96 BCD 32-38T,"Oval Bicycle Chainring 94-96 BCD 32-38T, Material: Aluminum Alloy 7075, cardboard box","Coroa oval para bicicleta, BCD 94-96, 32-38 dentes, material: liga de alumínio 7075, caixa de papelão.",Material: Aluminum Alloy 7075,Material: Liga de alumínio 7075,cardboard box,caixa de papelão,,,,0.0,,Individual Size xxCM,Manutenção em mountain bike ,Mountain bike ,Revenda online,"160 - CHINA, REPÚBLICA POPULAR","Tianmen Fengcheng Trading Co. Ltd.
","Tianmen Fengcheng Trading Co. Ltd.
","Jingling Street, E-Commerce Industrial Park",S/N,Tianmen,Room 301,Hubei Province,"Coroa oval para bicicleta, BCD 94-96, 32-38 dentes","Coroa oval para bicicleta, BCD 94-96, 32-38 dentes, material: liga de alumínio 7075, caixa de papelão.",,,,,27.53,20.0,cadastro_fotos/322-94_96-34-O.jpg
D9496-36,Bicycle Chainring 94/96 BCD 32-38T,Manutenção em mountain bike ,"Tianmen Fengcheng Trading Co. Ltd.
",26.42,20.0,,"Coroa para bicicleta 94/96 BCD 32-38T, Material: Liga de alumínio 7075, caixa de papelão",,,,25/03/2026 12:53,322-94/96-36,SKU 322-94/96-36,322-94/96-36,D9496-36,Bicycle Chainring 94/96 BCD 32-38T,"Bicycle Chainring 94/96 BCD 32-38T, Material: Aluminum Alloy 7075, cardboard box","Coroa para bicicleta 94/96 BCD 32-38T, Material: Liga de alumínio 7075, caixa de papelão",Material: Aluminum Alloy 7075,Material: Liga de alumínio 7075,cardboard box,caixa de papelão,,,,0.0,,Individual Size xxCM,Manutenção em mountain bike ,Mountain bike ,Revenda online,"160 - CHINA, REPÚBLICA POPULAR","Tianmen Fengcheng Trading Co. Ltd.
","Tianmen Fengcheng Trading Co. Ltd.
","Jingling Street, E-Commerce Industrial Park",S/N,Tianmen,Room 301,Hubei Province,Coroa de bicicleta 94/96 BCD 32-38 dentes,"Coroa para bicicleta 94/96 BCD 32-38T, Material: Liga de alumínio 7075, caixa de papelão",,,,,26.42,20.0,cadastro_fotos/322-94_96-36.jpg
D9496-36-O,Oval Bicycle Chainring 94-96 BCD 32-38T,Manutenção em mountain bike ,"Tianmen Fengcheng Trading Co. Ltd.
",27.53,20.0,,"Coroa oval para bicicleta, BCD 94-96, 32-38 dentes, material: liga de alumínio 7075, caixa de papelão.",,,,25/03/2026 12:53,322-94/96-36-O,SKU 322-94/96-36-O,322-94/96-36-O,D9496-36-O,Oval Bicycle Chainring 94-96 BCD 32-38T,"Oval Bicycle Chainring 94-96 BCD 32-38T, Material: Aluminum Alloy 7075, cardboard box","Coroa oval para bicicleta, BCD 94-96, 32-38 dentes, material: liga de alumínio 7075, caixa de papelão.",Material: Aluminum Alloy 7075,Material: Liga de alumínio 7075,cardboard box,caixa de papelão,,,,0.0,,Individual Size xxCM,Manutenção em mountain bike ,Mountain bike ,Revenda online,"160 - CHINA, REPÚBLICA POPULAR","Tianmen Fengcheng Trading Co. Ltd.
","Tianmen Fengcheng Trading Co. Ltd.
","Jingling Street, E-Commerce Industrial Park",S/N,Tianmen,Room 301,Hubei Province,"Coroa oval para bicicleta, BCD 94-96, 32-38 dentes","Coroa oval para bicicleta, BCD 94-96, 32-38 dentes, material: liga de alumínio 7075, caixa de papelão.",,,,,27.53,20.0,cadastro_fotos/322-94_96-36-O.jpg
D9496-38,Bicycle Chainring 94/96 BCD 32-38T,Manutenção em mountain bike ,"Tianmen Fengcheng Trading Co. Ltd.
",26.42,20.0,,"Coroa para bicicleta 94/96 BCD 32-38T, Material: Liga de alumínio 7075, caixa de papelão",,,,25/03/2026 12:53,322-94/96-38,SKU 322-94/96-38,322-94/96-38,D9496-38,Bicycle Chainring 94/96 BCD 32-38T,"Bicycle Chainring 94/96 BCD 32-38T, Material: Aluminum Alloy 7075, cardboard box","Coroa para bicicleta 94/96 BCD 32-38T, Material: Liga de alumínio 7075, caixa de papelão",Material: Aluminum Alloy 7075,Material: Liga de alumínio 7075,cardboard box,caixa de papelão,,,,0.0,,Individual Size xxCM,Manutenção em mountain bike ,Mountain bike ,Revenda online,"160 - CHINA, REPÚBLICA POPULAR","Tianmen Fengcheng Trading Co. Ltd.
","Tianmen Fengcheng Trading Co. Ltd.
","Jingling Street, E-Commerce Industrial Park",S/N,Tianmen,Room 301,Hubei Province,Coroa de bicicleta 94/96 BCD 32-38 dentes,"Coroa para bicicleta 94/96 BCD 32-38T, Material: Liga de alumínio 7075, caixa de papelão",,,,,26.42,20.0,cadastro_fotos/322-94_96-38.jpg
D9496-38-O,Oval Bicycle Chainring 94-96 BCD 32-38T,Manutenção em mountain bike ,"Tianmen Fengcheng Trading Co. Ltd.
",27.53,20.0,,"Coroa oval para bicicleta, BCD 94-96, 32-38 dentes, material: liga de alumínio 7075, caixa de papelão.",,,,25/03/2026 12:53,322-94/96-38-O,SKU 322-94/96-38-O,322-94/96-38-O,D9496-38-O,Oval Bicycle Chainring 94-96 BCD 32-38T,"Oval Bicycle Chainring 94-96 BCD 32-38T, Material: Aluminum Alloy 7075, cardboard box","Coroa oval para bicicleta, BCD 94-96, 32-38 dentes, material: liga de alumínio 7075, caixa de papelão.",Material: Aluminum Alloy 7075,Material: Liga de alumínio 7075,cardboard box,caixa de papelão,,,,0.0,,Individual Size xxCM,Manutenção em mountain bike ,Mountain bike ,Revenda online,"160 - CHINA, REPÚBLICA POPULAR","Tianmen Fengcheng Trading Co. Ltd.
","Tianmen Fengcheng Trading Co. Ltd.
","Jingling Street, E-Commerce Industrial Park",S/N,Tianmen,Room 301,Hubei Province,"Coroa oval para bicicleta, BCD 94-96, 32-38 dentes","Coroa oval para bicicleta, BCD 94-96, 32-38 dentes, material: liga de alumínio 7075, caixa de papelão.",,,,,27.53,20.0,cadastro_fotos/322-94_96-38-O.jpg
D96A-32,Oval Bicycle Chainring 96 BCD 32-38T,Manutenção em mountain bike ,"Tianmen Fengcheng Trading Co. Ltd.
",27.74,20.0,,"Coroa oval para bicicleta, BCD 96, 32-38 dentes, material: liga de alumínio 7075, caixa de papelão.",,,,25/03/2026 12:53,322-96A-32,SKU 322-96A-32,322-96A-32,D96A-32,Oval Bicycle Chainring 96 BCD 32-38T,"Oval Bicycle Chainring 96 BCD 32-38T, Material: Aluminum Alloy 7075, cardboard box","Coroa oval para bicicleta, BCD 96, 32-38 dentes, material: liga de alumínio 7075, caixa de papelão.",Material: Aluminum Alloy 7075,Material: Liga de alumínio 7075,cardboard box,caixa de papelão,,,,0.0,,Individual Size xxCM,Manutenção em mountain bike ,Mountain bike ,Revenda online,"160 - CHINA, REPÚBLICA POPULAR","Tianmen Fengcheng Trading Co. Ltd.
","Tianmen Fengcheng Trading Co. Ltd.
","Jingling Street, E-Commerce Industrial Park",S/N,Tianmen,Room 301,Hubei Province,"Coroa oval para bicicleta, 96 BCD, 32-38 dentes","Coroa oval para bicicleta, BCD 96, 32-38 dentes, material: liga de alumínio 7075, caixa de papelão.",,,,,27.74,20.0,cadastro_fotos/322-96A-32.jpg
D96A-32-O,Oval Bicycle Chainring 96 BCD 32-38T,Manutenção em mountain bike ,"Tianmen Fengcheng Trading Co. Ltd.
",27.53,20.0,,"Coroa oval para bicicleta, BCD 96, 32-38 dentes, material: liga de alumínio 7075, caixa de papelão.",,,,25/03/2026 12:53,322-96A-32-O,SKU 322-96A-32-O,322-96A-32-O,D96A-32-O,Oval Bicycle Chainring 96 BCD 32-38T,"Oval Bicycle Chainring 96 BCD 32-38T, Material: Aluminum Alloy 7075, cardboard box","Coroa oval para bicicleta, BCD 96, 32-38 dentes, material: liga de alumínio 7075, caixa de papelão.",Material: Aluminum Alloy 7075,Material: Liga de alumínio 7075,cardboard box,caixa de papelão,,,,0.0,,Individual Size xxCM,Manutenção em mountain bike ,Mountain bike ,Revenda online,"160 - CHINA, REPÚBLICA POPULAR","Tianmen Fengcheng Trading Co. Ltd.
","Tianmen Fengcheng Trading Co. Ltd.
","Jingling Street, E-Commerce Industrial Park",S/N,Tianmen,Room 301,Hubei Province,"Coroa oval para bicicleta, 96 BCD, 32-38 dentes","Coroa oval para bicicleta, BCD 96, 32-38 dentes, material: liga de alumínio 7075, caixa de papelão.",,,,,27.53,20.0,cadastro_fotos/322-96A-32-O.jpg
D96A-34,Oval Bicycle Chainring 96 BCD 32-38T,Manutenção em mountain bike ,"Tianmen Fengcheng Trading Co. Ltd.
",27.74,20.0,,"Coroa oval para bicicleta, BCD 96, 32-38 dentes, material: liga de alumínio 7075, caixa de papelão.",,,,25/03/2026 12:53,322-96A-34,SKU 322-96A-34,322-96A-34,D96A-34,Oval Bicycle Chainring 96 BCD 32-38T,"Oval Bicycle Chainring 96 BCD 32-38T, Material: Aluminum Alloy 7075, cardboard box","Coroa oval para bicicleta, BCD 96, 32-38 dentes, material: liga de alumínio 7075, caixa de papelão.",Material: Aluminum Alloy 7075,Material: Liga de alumínio 7075,cardboard box,caixa de papelão,,,,0.0,,Individual Size xxCM,Manutenção em mountain bike ,Mountain bike ,Revenda online,"160 - CHINA, REPÚBLICA POPULAR","Tianmen Fengcheng Trading Co. Ltd.
","Tianmen Fengcheng Trading Co. Ltd.
","Jingling Street, E-Commerce Industrial Park",S/N,Tianmen,Room 301,Hubei Province,"Coroa oval para bicicleta, 96 BCD, 32-38 dentes","Coroa oval para bicicleta, BCD 96, 32-38 dentes, material: liga de alumínio 7075, caixa de papelão.",,,,,27.74,20.0,cadastro_fotos/322-96A-34.jpg
D96A-34-O,Oval Bicycle Chainring 96 BCD 32-38T,Manutenção em mountain bike ,"Tianmen Fengcheng Trading Co. Ltd.
",27.53,20.0,,"Coroa oval para bicicleta, BCD 96, 32-38 dentes, material: liga de alumínio 7075, caixa de papelão.",,,,25/03/2026 12:53,322-96A-34-O,SKU 322-96A-34-O,322-96A-34-O,D96A-34-O,Oval Bicycle Chainring 96 BCD 32-38T,"Oval Bicycle Chainring 96 BCD 32-38T, Material: Aluminum Alloy 7075, cardboard box","Coroa oval para bicicleta, BCD 96, 32-38 dentes, material: liga de alumínio 7075, caixa de papelão.",Material: Aluminum Alloy 7075,Material: Liga de alumínio 7075,cardboard box,caixa de papelão,,,,0.0,,Individual Size xxCM,Manutenção em mountain bike ,Mountain bike ,Revenda online,"160 - CHINA, REPÚBLICA POPULAR","Tianmen Fengcheng Trading Co. Ltd.
","Tianmen Fengcheng Trading Co. Ltd.
","Jingling Street, E-Commerce Industrial Park",S/N,Tianmen,Room 301,Hubei Province,"Coroa oval para bicicleta, 96 BCD, 32-38 dentes","Coroa oval para bicicleta, BCD 96, 32-38 dentes, material: liga de alumínio 7075, caixa de papelão.",,,,,27.53,20.0,cadastro_fotos/322-96A-34-O.jpg
D96A-36,Oval Bicycle Chainring 96 BCD 32-38T,Manutenção em mountain bike ,"Tianmen Fengcheng Trading Co. Ltd.
",27.74,20.0,,"Coroa oval para bicicleta, BCD 96, 32-38 dentes, material: liga de alumínio 7075, caixa de papelão.",,,,25/03/2026 12:53,322-96A-36,SKU 322-96A-36,322-96A-36,D96A-36,Oval Bicycle Chainring 96 BCD 32-38T,"Oval Bicycle Chainring 96 BCD 32-38T, Material: Aluminum Alloy 7075, cardboard box","Coroa oval para bicicleta, BCD 96, 32-38 dentes, material: liga de alumínio 7075, caixa de papelão.",Material: Aluminum Alloy 7075,Material: Liga de alumínio 7075,cardboard box,caixa de papelão,,,,0.0,,Individual Size xxCM,Manutenção em mountain bike ,Mountain bike ,Revenda online,"160 - CHINA, REPÚBLICA POPULAR","Tianmen Fengcheng Trading Co. Ltd.
","Tianmen Fengcheng Trading Co. Ltd.
","Jingling Street, E-Commerce Industrial Park",S/N,Tianmen,Room 301,Hubei Province,"Coroa oval para bicicleta, 96 BCD, 32-38 dentes","Coroa oval para bicicleta, BCD 96, 32-38 dentes, material: liga de alumínio 7075, caixa de papelão.",,,,,27.74,20.0,cadastro_fotos/322-96A-36.jpg
D96A-36-O,Oval Bicycle Chainring 96 BCD 32-38T,Manutenção em mountain bike ,"Tianmen Fengcheng Trading Co. Ltd.
",27.53,20.0,,"Coroa oval para bicicleta, BCD 96, 32-38 dentes, material: liga de alumínio 7075, caixa de papelão.",,,,25/03/2026 12:53,322-96A-36-O,SKU 322-96A-36-O,322-96A-36-O,D96A-36-O,Oval Bicycle Chainring 96 BCD 32-38T,"Oval Bicycle Chainring 96 BCD 32-38T, Material: Aluminum Alloy 7075, cardboard box","Coroa oval para bicicleta, BCD 96, 32-38 dentes, material: liga de alumínio 7075, caixa de papelão.",Material: Aluminum Alloy 7075,Material: Liga de alumínio 7075,cardboard box,caixa de papelão,,,,0.0,,Individual Size xxCM,Manutenção em mountain bike ,Mountain bike ,Revenda online,"160 - CHINA, REPÚBLICA POPULAR","Tianmen Fengcheng Trading Co. Ltd.
","Tianmen Fengcheng Trading Co. Ltd.
","Jingling Street, E-Commerce Industrial Park",S/N,Tianmen,Room 301,Hubei Province,"Coroa oval para bicicleta, 96 BCD, 32-38 dentes","Coroa oval para bicicleta, BCD 96, 32-38 dentes, material: liga de alumínio 7075, caixa de papelão.",,,,,27.53,20.0,cadastro_fotos/322-96A-36-O.jpg
D96A-38,Oval Bicycle Chainring 96 BCD 32-38T,Manutenção em mountain bike ,"Tianmen Fengcheng Trading Co. Ltd.
",27.74,20.0,,"Coroa oval para bicicleta, BCD 96, 32-38 dentes, material: liga de alumínio 7075, caixa de papelão.",,,,25/03/2026 12:53,322-96A-38,SKU 322-96A-38,322-96A-38,D96A-38,Oval Bicycle Chainring 96 BCD 32-38T,"Oval Bicycle Chainring 96 BCD 32-38T, Material: Aluminum Alloy 7075, cardboard box","Coroa oval para bicicleta, BCD 96, 32-38 dentes, material: liga de alumínio 7075, caixa de papelão.",Material: Aluminum Alloy 7075,Material: Liga de alumínio 7075,cardboard box,caixa de papelão,,,,0.0,,Individual Size xxCM,Manutenção em mountain bike ,Mountain bike ,Revenda online,"160 - CHINA, REPÚBLICA POPULAR","Tianmen Fengcheng Trading Co. Ltd.
","Tianmen Fengcheng Trading Co. Ltd.
","Jingling Street, E-Commerce Industrial Park",S/N,Tianmen,Room 301,Hubei Province,"Coroa oval para bicicleta, 96 BCD, 32-38 dentes","Coroa oval para bicicleta, BCD 96, 32-38 dentes, material: liga de alumínio 7075, caixa de papelão.",,,,,27.74,20.0,cadastro_fotos/322-96A-38.jpg
D96A-38-O,Oval Bicycle Chainring 96 BCD 32-38T,Manutenção em mountain bike ,"Tianmen Fengcheng Trading Co. Ltd.
",27.53,20.0,,"Coroa oval para bicicleta, BCD 96, 32-38 dentes, material: liga de alumínio 7075, caixa de papelão.",,,,25/03/2026 12:53,322-96A-38-O,SKU 322-96A-38-O,322-96A-38-O,D96A-38-O,Oval Bicycle Chainring 96 BCD 32-38T,"Oval Bicycle Chainring 96 BCD 32-38T, Material: Aluminum Alloy 7075, cardboard box","Coroa oval para bicicleta, BCD 96, 32-38 dentes, material: liga de alumínio 7075, caixa de papelão.",Material: Aluminum Alloy 7075,Material: Liga de alumínio 7075,cardboard box,caixa de papelão,,,,0.0,,Individual Size xxCM,Manutenção em mountain bike ,Mountain bike ,Revenda online,"160 - CHINA, REPÚBLICA POPULAR","Tianmen Fengcheng Trading Co. Ltd.
","Tianmen Fengcheng Trading Co. Ltd.
","Jingling Street, E-Commerce Industrial Park",S/N,Tianmen,Room 301,Hubei Province,"Coroa oval para bicicleta, 96 BCD, 32-38 dentes","Coroa oval para bicicleta, BCD 96, 32-38 dentes, material: liga de alumínio 7075, caixa de papelão.",,,,,27.53,20.0,cadastro_fotos/322-96A-38-O.jpg
DGC-03,"MTB Bicycle Chain Guide,",Manutenção em mountain bike ,"Tianmen Fengcheng Trading Co. Ltd.
",24.01,20.0,,"Guia de corrente para bicicleta MTB, Material: Liga de alumínio 7075, caixa de papelão",,,,25/03/2026 12:53,322-GC-03,SKU 322-GC-03,322-GC-03,DGC-03,"MTB Bicycle Chain Guide,","MTB Bicycle Chain Guide,, Material: Aluminum Alloy 7075, cardboard box","Guia de corrente para bicicleta MTB, Material: Liga de alumínio 7075, caixa de papelão",Material: Aluminum Alloy 7075,Material: Liga de alumínio 7075,cardboard box,caixa de papelão,,,,0.0,,Individual Size xxCM,Manutenção em mountain bike ,Mountain bike ,Revenda online,"160 - CHINA, REPÚBLICA POPULAR","Tianmen Fengcheng Trading Co. Ltd.
","Tianmen Fengcheng Trading Co. Ltd.
","Jingling Street, E-Commerce Industrial Park",S/N,Tianmen,Room 301,Hubei Province,"Guia de corrente para bicicletas MTB,","Guia de corrente para bicicleta MTB, Material: Liga de alumínio 7075, caixa de papelão",,,,,24.01,20.0,cadastro_fotos/322-GC-03.jpg
DGC-05,"MTB Bicycle Chain Guide,",Manutenção em mountain bike ,"Tianmen Fengcheng Trading Co. Ltd.
",24.01,20.0,,"Guia de corrente para bicicleta MTB, Material: Liga de alumínio 7075, caixa de papelão",,,,25/03/2026 12:53,322-GC-05,SKU 322-GC-05,322-GC-05,DGC-05,"MTB Bicycle Chain Guide,","MTB Bicycle Chain Guide,, Material: Aluminum Alloy 7075, cardboard box","Guia de corrente para bicicleta MTB, Material: Liga de alumínio 7075, caixa de papelão",Material: Aluminum Alloy 7075,Material: Liga de alumínio 7075,cardboard box,caixa de papelão,,,,0.0,,Individual Size xxCM,Manutenção em mountain bike ,Mountain bike ,Revenda online,"160 - CHINA, REPÚBLICA POPULAR","Tianmen Fengcheng Trading Co. Ltd.
","Tianmen Fengcheng Trading Co. Ltd.
","Jingling Street, E-Commerce Industrial Park",S/N,Tianmen,Room 301,Hubei Province,"Guia de corrente para bicicletas MTB,","Guia de corrente para bicicleta MTB, Material: Liga de alumínio 7075, caixa de papelão",,,,,24.01,20.0,cadastro_fotos/322-GC-05.png
DGC-BB,"MTB Bicycle Chain Guide,",Manutenção em mountain bike ,"Tianmen Fengcheng Trading Co. Ltd.
",24.01,20.0,,"Guia de corrente para bicicleta MTB, Material: Liga de alumínio 7075, caixa de papelão",,,,25/03/2026 12:53,322-GC-BB,SKU 322-GC-BB,322-GC-BB,DGC-BB,"MTB Bicycle Chain Guide,","MTB Bicycle Chain Guide,, Material: Aluminum Alloy 7075, cardboard box","Guia de corrente para bicicleta MTB, Material: Liga de alumínio 7075, caixa de papelão",Material: Aluminum Alloy 7075,Material: Liga de alumínio 7075,cardboard box,caixa de papelão,,,,0.0,,Individual Size xxCM,Manutenção em mountain bike ,Mountain bike ,Revenda online,"160 - CHINA, REPÚBLICA POPULAR","Tianmen Fengcheng Trading Co. Ltd.
","Tianmen Fengcheng Trading Co. Ltd.
","Jingling Street, E-Commerce Industrial Park",S/N,Tianmen,Room 301,Hubei Province,"Guia de corrente para bicicletas MTB,","Guia de corrente para bicicleta MTB, Material: Liga de alumínio 7075, caixa de papelão",,,,,24.01,20.0,cadastro_fotos/322-GC-BB.png
DSHI-30,"Round 1×12 Speed Bicycle Chainring, 30-38T, 3 mm Offset",Manutenção em mountain bike ,"Tianmen Fengcheng Trading Co. Ltd.
",59.8,20.0,,"Coroa redonda para bicicleta 1x12 velocidades, 30-38 dentes, offset de 3 mm, material: liga de alumínio 7075, caixa de papelão",,,,25/03/2026 12:53,322-SHI-30,SKU 322-SHI-30,322-SHI-30,DSHI-30,"Round 1×12 Speed Bicycle Chainring, 30-38T, 3 mm Offset","Round 1×12 Speed Bicycle Chainring, 30-38T, 3 mm Offset, Material: Aluminum Alloy 7075, cardboard box","Coroa redonda para bicicleta 1x12 velocidades, 30-38 dentes, offset de 3 mm, material: liga de alumínio 7075, caixa de papelão",Material: Aluminum Alloy 7075,Material: Liga de alumínio 7075,cardboard box,caixa de papelão,,,,0.0,,Individual Size xxCM,Manutenção em mountain bike ,Mountain bike ,Revenda online,"160 - CHINA, REPÚBLICA POPULAR","Tianmen Fengcheng Trading Co. Ltd.
","Tianmen Fengcheng Trading Co. Ltd.
","Jingling Street, E-Commerce Industrial Park",S/N,Tianmen,Room 301,Hubei Province,"Coroa redonda para bicicleta 1x12 velocidades, 30-38 dentes, deslocamento de 3 mm","Coroa redonda para bicicleta 1x12 velocidades, 30-38 dentes, offset de 3 mm, material: liga de alumínio 7075, caixa de papelão",,,,,59.8,20.0,cadastro_fotos/322-SHI-30.png
DSHI-32,"Round 1×12 Speed Bicycle Chainring, 30-38T, 3 mm Offset",Manutenção em mountain bike ,"Tianmen Fengcheng Trading Co. Ltd.
",59.5,20.0,,"Coroa redonda para bicicleta 1x12 velocidades, 30-38 dentes, offset de 3 mm, material: liga de alumínio 7075, caixa de papelão",,,,25/03/2026 12:53,322-SHI-32,SKU 322-SHI-32,322-SHI-32,DSHI-32,"Round 1×12 Speed Bicycle Chainring, 30-38T, 3 mm Offset","Round 1×12 Speed Bicycle Chainring, 30-38T, 3 mm Offset, Material: Aluminum Alloy 7075, cardboard box","Coroa redonda para bicicleta 1x12 velocidades, 30-38 dentes, offset de 3 mm, material: liga de alumínio 7075, caixa de papelão",Material: Aluminum Alloy 7075,Material: Liga de alumínio 7075,cardboard box,caixa de papelão,,,,0.0,,Individual Size xxCM,Manutenção em mountain bike ,Mountain bike ,Revenda online,"160 - CHINA, REPÚBLICA POPULAR","Tianmen Fengcheng Trading Co. Ltd.
","Tianmen Fengcheng Trading Co. Ltd.
","Jingling Street, E-Commerce Industrial Park",S/N,Tianmen,Room 301,Hubei Province,"Coroa redonda para bicicleta 1x12 velocidades, 30-38 dentes, deslocamento de 3 mm","Coroa redonda para bicicleta 1x12 velocidades, 30-38 dentes, offset de 3 mm, material: liga de alumínio 7075, caixa de papelão",,,,,59.5,20.0,cadastro_fotos/322-SHI-32.png
DSHI-34,"Round 1×12 Speed Bicycle Chainring, 30-38T, 3 mm Offset",Manutenção em mountain bike ,"Tianmen Fengcheng Trading Co. Ltd.
",56.78,20.0,,"Coroa redonda para bicicleta 1x12 velocidades, 30-38 dentes, offset de 3 mm, material: liga de alumínio 7075, caixa de papelão",,,,25/03/2026 12:53,322-SHI-34,SKU 322-SHI-34,322-SHI-34,DSHI-34,"Round 1×12 Speed Bicycle Chainring, 30-38T, 3 mm Offset","Round 1×12 Speed Bicycle Chainring, 30-38T, 3 mm Offset, Material: Aluminum Alloy 7075, cardboard box","Coroa redonda para bicicleta 1x12 velocidades, 30-38 dentes, offset de 3 mm, material: liga de alumínio 7075, caixa de papelão",Material: Aluminum Alloy 7075,Material: Liga de alumínio 7075,cardboard box,caixa de papelão,,,,0.0,,Individual Size xxCM,Manutenção em mountain bike ,Mountain bike ,Revenda online,"160 - CHINA, REPÚBLICA POPULAR","Tianmen Fengcheng Trading Co. Ltd.
","Tianmen Fengcheng Trading Co. Ltd.
","Jingling Street, E-Commerce Industrial Park",S/N,Tianmen,Room 301,Hubei Province,"Coroa redonda para bicicleta 1x12 velocidades, 30-38 dentes, deslocamento de 3 mm","Coroa redonda para bicicleta 1x12 velocidades, 30-38 dentes, offset de 3 mm, material: liga de alumínio 7075, caixa de papelão",,,,,56.78,20.0,cadastro_fotos/322-SHI-34.png
DSHI-36,"Round 1×12 Speed Bicycle Chainring, 30-38T, 3 mm Offset",Manutenção em mountain bike ,"Tianmen Fengcheng Trading Co. Ltd.
",58.69,20.0,,"Coroa redonda para bicicleta 1x12 velocidades, 30-38 dentes, offset de 3 mm, material: liga de alumínio 7075, caixa de papelão",,,,25/03/2026 12:53,322-SHI-36,SKU 322-SHI-36,322-SHI-36,DSHI-36,"Round 1×12 Speed Bicycle Chainring, 30-38T, 3 mm Offset","Round 1×12 Speed Bicycle Chainring, 30-38T, 3 mm Offset, Material: Aluminum Alloy 7075, cardboard box","Coroa redonda para bicicleta 1x12 velocidades, 30-38 dentes, offset de 3 mm, material: liga de alumínio 7075, caixa de papelão",Material: Aluminum Alloy 7075,Material: Liga de alumínio 7075,cardboard box,caixa de papelão,,,,0.0,,Individual Size xxCM,Manutenção em mountain bike ,Mountain bike ,Revenda online,"160 - CHINA, REPÚBLICA POPULAR","Tianmen Fengcheng Trading Co. Ltd.
","Tianmen Fengcheng Trading Co. Ltd.
","Jingling Street, E-Commerce Industrial Park",S/N,Tianmen,Room 301,Hubei Province,"Coroa redonda para bicicleta 1x12 velocidades, 30-38 dentes, deslocamento de 3 mm","Coroa redonda para bicicleta 1x12 velocidades, 30-38 dentes, offset de 3 mm, material: liga de alumínio 7075, caixa de papelão",,,,,58.69,20.0,cadastro_fotos/322-SHI-36.png
DSHI-38,"Round 1×12 Speed Bicycle Chainring, 30-38T, 3 mm Offset",Manutenção em mountain bike ,"Tianmen Fengcheng Trading Co. Ltd.
",58.69,20.0,,"Coroa redonda para bicicleta 1x12 velocidades, 30-38 dentes, offset de 3 mm, material: liga de alumínio 7075, caixa de papelão",,,,25/03/2026 12:53,322-SHI-38,SKU 322-SHI-38,322-SHI-38,DSHI-38,"Round 1×12 Speed Bicycle Chainring, 30-38T, 3 mm Offset","Round 1×12 Speed Bicycle Chainring, 30-38T, 3 mm Offset, Material: Aluminum Alloy 7075, cardboard box","Coroa redonda para bicicleta 1x12 velocidades, 30-38 dentes, offset de 3 mm, material: liga de alumínio 7075, caixa de papelão",Material: Aluminum Alloy 7075,Material: Liga de alumínio 7075,cardboard box,caixa de papelão,,,,0.0,,Individual Size xxCM,Manutenção em mountain bike ,Mountain bike ,Revenda online,"160 - CHINA, REPÚBLICA POPULAR","Tianmen Fengcheng Trading Co. Ltd.
","Tianmen Fengcheng Trading Co. Ltd.
","Jingling Street, E-Commerce Industrial Park",S/N,Tianmen,Room 301,Hubei Province,"Coroa redonda para bicicleta 1x12 velocidades, 30-38 dentes, deslocamento de 3 mm","Coroa redonda para bicicleta 1x12 velocidades, 30-38 dentes, offset de 3 mm, material: liga de alumínio 7075, caixa de papelão",,,,,58.69,20.0,cadastro_fotos/322-SHI-38.png
DSRAM-30,"Round 1×12 Speed Bicycle Chainring, 30-38T, Direct Mount",Manutenção em mountain bike ,"Tianmen Fengcheng Trading Co. Ltd.
",50.35,20.0,,"Coroa redonda para bicicleta 1x12 velocidades, 30-38 dentes, montagem direta, material: liga de alumínio 7075, caixa de papelão",,,,25/03/2026 12:53,322-SRAM-30,SKU 322-SRAM-30,322-SRAM-30,DSRAM-30,"Round 1×12 Speed Bicycle Chainring, 30-38T, Direct Mount","Round 1×12 Speed Bicycle Chainring, 30-38T, Direct Mount, Material: Aluminum Alloy 7075, cardboard box","Coroa redonda para bicicleta 1x12 velocidades, 30-38 dentes, montagem direta, material: liga de alumínio 7075, caixa de papelão",Material: Aluminum Alloy 7075,Material: Liga de alumínio 7075,cardboard box,caixa de papelão,,,,0.0,,Individual Size xxCM,Manutenção em mountain bike ,Mountain bike ,Revenda online,"160 - CHINA, REPÚBLICA POPULAR","Tianmen Fengcheng Trading Co. Ltd.
","Tianmen Fengcheng Trading Co. Ltd.
","Jingling Street, E-Commerce Industrial Park",S/N,Tianmen,Room 301,Hubei Province,"Coroa redonda para bicicleta 1x12 velocidades, 30-38 dentes, montagem direta.","Coroa redonda para bicicleta 1x12 velocidades, 30-38 dentes, montagem direta, material: liga de alumínio 7075, caixa de papelão",,,,,50.35,20.0,cadastro_fotos/322-SRAM-30.png
DSRAM-32,"Round 1×12 Speed Bicycle Chainring, 30-38T, Direct Mount",Manutenção em mountain bike ,"Tianmen Fengcheng Trading Co. Ltd.
",50.35,20.0,,"Coroa redonda para bicicleta 1x12 velocidades, 30-38 dentes, montagem direta, material: liga de alumínio 7075, caixa de papelão",,,,25/03/2026 12:53,322-SRAM-32,SKU 322-SRAM-32,322-SRAM-32,DSRAM-32,"Round 1×12 Speed Bicycle Chainring, 30-38T, Direct Mount","Round 1×12 Speed Bicycle Chainring, 30-38T, Direct Mount, Material: Aluminum Alloy 7075, cardboard box","Coroa redonda para bicicleta 1x12 velocidades, 30-38 dentes, montagem direta, material: liga de alumínio 7075, caixa de papelão",Material: Aluminum Alloy 7075,Material: Liga de alumínio 7075,cardboard box,caixa de papelão,,,,0.0,,Individual Size xxCM,Manutenção em mountain bike ,Mountain bike ,Revenda online,"160 - CHINA, REPÚBLICA POPULAR","Tianmen Fengcheng Trading Co. Ltd.
","Tianmen Fengcheng Trading Co. Ltd.
","Jingling Street, E-Commerce Industrial Park",S/N,Tianmen,Room 301,Hubei Province,"Coroa redonda para bicicleta 1x12 velocidades, 30-38 dentes, montagem direta.","Coroa redonda para bicicleta 1x12 velocidades, 30-38 dentes, montagem direta, material: liga de alumínio 7075, caixa de papelão",,,,,50.35,20.0,cadastro_fotos/322-SRAM-32.png
DSRAM-34,"Round 1×12 Speed Bicycle Chainring, 30-38T, Direct Mount",Manutenção em mountain bike ,"Tianmen Fengcheng Trading Co. Ltd.
",50.35,20.0,,"Coroa redonda para bicicleta 1x12 velocidades, 30-38 dentes, montagem direta, material: liga de alumínio 7075, caixa de papelão",,,,25/03/2026 12:53,322-SRAM-34,SKU 322-SRAM-34,322-SRAM-34,DSRAM-34,"Round 1×12 Speed Bicycle Chainring, 30-38T, Direct Mount","Round 1×12 Speed Bicycle Chainring, 30-38T, Direct Mount, Material: Aluminum Alloy 7075, cardboard box","Coroa redonda para bicicleta 1x12 velocidades, 30-38 dentes, montagem direta, material: liga de alumínio 7075, caixa de papelão",Material: Aluminum Alloy 7075,Material: Liga de alumínio 7075,cardboard box,caixa de papelão,,,,0.0,,Individual Size xxCM,Manutenção em mountain bike ,Mountain bike ,Revenda online,"160 - CHINA, REPÚBLICA POPULAR","Tianmen Fengcheng Trading Co. Ltd.
","Tianmen Fengcheng Trading Co. Ltd.
","Jingling Street, E-Commerce Industrial Park",S/N,Tianmen,Room 301,Hubei Province,"Coroa redonda para bicicleta 1x12 velocidades, 30-38 dentes, montagem direta.","Coroa redonda para bicicleta 1x12 velocidades, 30-38 dentes, montagem direta, material: liga de alumínio 7075, caixa de papelão",,,,,50.35,20.0,cadastro_fotos/322-SRAM-34.png
DSRAM-36,"Round 1×12 Speed Bicycle Chainring, 30-38T, Direct Mount",Manutenção em mountain bike ,"Tianmen Fengcheng Trading Co. Ltd.
",56.95,20.0,,"Coroa redonda para bicicleta 1x12 velocidades, 30-38 dentes, montagem direta, material: liga de alumínio 7075, caixa de papelão",,,,25/03/2026 12:53,322-SRAM-36,SKU 322-SRAM-36,322-SRAM-36,DSRAM-36,"Round 1×12 Speed Bicycle Chainring, 30-38T, Direct Mount","Round 1×12 Speed Bicycle Chainring, 30-38T, Direct Mount, Material: Aluminum Alloy 7075, cardboard box","Coroa redonda para bicicleta 1x12 velocidades, 30-38 dentes, montagem direta, material: liga de alumínio 7075, caixa de papelão",Material: Aluminum Alloy 7075,Material: Liga de alumínio 7075,cardboard box,caixa de papelão,,,,0.0,,Individual Size xxCM,Manutenção em mountain bike ,Mountain bike ,Revenda online,"160 - CHINA, REPÚBLICA POPULAR","Tianmen Fengcheng Trading Co. Ltd.
","Tianmen Fengcheng Trading Co. Ltd.
","Jingling Street, E-Commerce Industrial Park",S/N,Tianmen,Room 301,Hubei Province,"Coroa redonda para bicicleta 1x12 velocidades, 30-38 dentes, montagem direta.","Coroa redonda para bicicleta 1x12 velocidades, 30-38 dentes, montagem direta, material: liga de alumínio 7075, caixa de papelão",,,,,56.95,20.0,cadastro_fotos/322-SRAM-36.png
DSRAM-38,"Round 1×12 Speed Bicycle Chainring, 30-38T, Direct Mount",Manutenção em mountain bike ,"Tianmen Fengcheng Trading Co. Ltd.
",56.95,20.0,,"Coroa redonda para bicicleta 1x12 velocidades, 30-38 dentes, montagem direta, material: liga de alumínio 7075, caixa de papelão",,,,25/03/2026 12:53,322-SRAM-38,SKU 322-SRAM-38,322-SRAM-38,DSRAM-38,"Round 1×12 Speed Bicycle Chainring, 30-38T, Direct Mount","Round 1×12 Speed Bicycle Chainring, 30-38T, Direct Mount, Material: Aluminum Alloy 7075, cardboard box","Coroa redonda para bicicleta 1x12 velocidades, 30-38 dentes, montagem direta, material: liga de alumínio 7075, caixa de papelão",Material: Aluminum Alloy 7075,Material: Liga de alumínio 7075,cardboard box,caixa de papelão,,,,0.0,,Individual Size xxCM,Manutenção em mountain bike ,Mountain bike ,Revenda online,"160 - CHINA, REPÚBLICA POPULAR","Tianmen Fengcheng Trading Co. Ltd.
","Tianmen Fengcheng Trading Co. Ltd.
","Jingling Street, E-Commerce Industrial Park",S/N,Tianmen,Room 301,Hubei Province,"Coroa redonda para bicicleta 1x12 velocidades, 30-38 dentes, montagem direta.","Coroa redonda para bicicleta 1x12 velocidades, 30-38 dentes, montagem direta, material: liga de alumínio 7075, caixa de papelão",,,,,56.95,20.0,cadastro_fotos/322-SRAM-38.png
324,Vehicle air conditioning filter cover,Manutenção automotiva,"Tianmen Fengcheng Trading Co. Ltd.
",25.17,24.0,,"Tampa do filtro de ar condicionado do veículo, Material: Plástico, saco plástico",MLB2074931217,MLB2074931217|MLB3737462448|MLB4056151659,3.0,25/03/2026 12:53,324,SKU 324,324,SKU 324,Vehicle air conditioning filter cover,"Vehicle air conditioning filter cover, Material: Plastic , plastic bag","Tampa do filtro de ar condicionado do veículo, Material: Plástico, saco plástico",Material: Plastic ,Material: Plástico,plastic bag,saco plástico,,,,0.0,,Individual Size xxCM,Manutenção automotiva,Em veículos automotores compatíveis,Revenda online,"160 - CHINA, REPÚBLICA POPULAR","Tianmen Fengcheng Trading Co. Ltd.
","Tianmen Fengcheng Trading Co. Ltd.
","Jingling Street, E-Commerce Industrial Park",S/N,Tianmen,Room 301,Hubei Province,Tampa do filtro de ar condicionado do veículo,"Tampa do filtro de ar condicionado do veículo, Material: Plástico, saco plástico",Tampa Filtro Ar Condicionado Fusca Tsi Jetta Passat Tiguan || Tampa Filtro Ar Condicionado Vw Audi Jetta Passat Tiguan,7895141626850,"R$ 16,45|R$ 19,85|R$ 21,15",Premium,25.17,24.0,cadastro_fotos/324.png
325-1,Vehicle shock absorber cover. Right side,Manutenção automotiva,"Tianmen Fengcheng Trading Co. Ltd.
",,,,Capa para amortecedor de veículo. Lado direito. Material: Plástico. Dimensões individuais: 16x10x3cm. Embalagem em saco plástico.,,,,25/03/2026 12:53,325-1,SKU 325-1,325-1,SKU 325-1,Vehicle shock absorber cover. Right side,"Vehicle shock absorber cover. Right side, Material: Plastic , Individual Size 16x10x3CM, plastic bag",Capa para amortecedor de veículo. Lado direito. Material: Plástico. Dimensões individuais: 16x10x3cm. Embalagem em saco plástico.,Material: Plastic ,Material: Plástico,plastic bag,saco plástico,16.0,10.0,3.0,0.00048,5,Individual Size 16x10x3CM,Manutenção automotiva,Em veículos automotores compatíveis,Revenda online,"160 - CHINA, REPÚBLICA POPULAR","Tianmen Fengcheng Trading Co. Ltd.
","Tianmen Fengcheng Trading Co. Ltd.
","Jingling Street, E-Commerce Industrial Park",S/N,Tianmen,Room 301,Hubei Province,Tampa do amortecedor do veículo. Lado direito.,Capa para amortecedor de veículo. Lado direito. Material: Plástico. Dimensões individuais: 16x10x3cm. Embalagem em saco plástico.,,,,,,,cadastro_fotos/325-1.png
325-2,Vehicle shock absorber cover. Left side,Manutenção automotiva,"Tianmen Fengcheng Trading Co. Ltd.
",,,,"Capa para amortecedor de veículo. Lado esquerdo, Material: Plástico, Tamanho individual 16x10x3CM, embalagem plástica.",,,,25/03/2026 12:53,325-2,SKU 325-2,325-2,SKU 325-2,Vehicle shock absorber cover. Left side,"Vehicle shock absorber cover. Left side, Material: Plastic , Individual Size 16x10x3CM, plastic bag","Capa para amortecedor de veículo. Lado esquerdo, Material: Plástico, Tamanho individual 16x10x3CM, embalagem plástica.",Material: Plastic ,Material: Plástico,plastic bag,saco plástico,16.0,10.0,3.0,0.00048,5,Individual Size 16x10x3CM,Manutenção automotiva,Em veículos automotores compatíveis,Revenda online,"160 - CHINA, REPÚBLICA POPULAR","Tianmen Fengcheng Trading Co. Ltd.
","Tianmen Fengcheng Trading Co. Ltd.
","Jingling Street, E-Commerce Industrial Park",S/N,Tianmen,Room 301,Hubei Province,Tampa do amortecedor do veículo. Lado esquerdo.,"Capa para amortecedor de veículo. Lado esquerdo, Material: Plástico, Tamanho individual 16x10x3CM, embalagem plástica.",,,,,,,cadastro_fotos/325-2.png
326,Air outlet diffuser for the vehicle's rear center console,Manutenção automotiva,"Tianmen Fengcheng Trading Co. Ltd.
",102.64,24.0,,"Difusor de saída de ar para o console central traseiro do veículo. Material: Plástico. Dimensões individuais: 20 x 14 x 10,5 cm. Embalagem: Caixa de papelão.",MLB2063178138,MLB2063178138|MLB2063191042,2.0,25/03/2026 12:53,326,SKU 326,326,SKU 326,Air outlet diffuser for the vehicle's rear center console,"Air outlet diffuser for the vehicle's rear center console, Material: Plastic , Individual Size 20x14x10,5CM, cardboard box","Difusor de saída de ar para o console central traseiro do veículo. Material: Plástico. Dimensões individuais: 20 x 14 x 10,5 cm. Embalagem: Caixa de papelão.",Material: Plastic ,Material: Plástico,cardboard box,caixa de papelão,20.0,14.0,10.5,0.00294,22,"Individual Size 20x14x10,5CM",Manutenção automotiva,Em veículos automotores compatíveis,Revenda online,"160 - CHINA, REPÚBLICA POPULAR","Tianmen Fengcheng Trading Co. Ltd.
","Tianmen Fengcheng Trading Co. Ltd.
","Jingling Street, E-Commerce Industrial Park",S/N,Tianmen,Room 301,Hubei Province,Difusor de saída de ar para o console central traseiro do veículo.,"Difusor de saída de ar para o console central traseiro do veículo. Material: Plástico. Dimensões individuais: 20 x 14 x 10,5 cm. Embalagem: Caixa de papelão.",Difusor Ar Console Central Jetta 2.5 Original || Difusor Saída Ar Console Central Traseiro Jetta Variant 2.5,789123400224|7895141625006,"R$ 22,55|R$ 23,65",Clássico|Premium,102.64,24.0,cadastro_fotos/326.png
327,Vehicle cylinder head water flange,Manutenção automotiva,"Tianmen Fengcheng Trading Co. Ltd.
",27.92,24.0,,"Flange de água do cabeçote do cilindro do veículo, Material: Metal, caixa de papelão",MLB2068135950,MLB2068135950|MLB3036134540|MLB4369968520,3.0,25/03/2026 12:53,327,SKU 327,327,SKU 327,Vehicle cylinder head water flange,"Vehicle cylinder head water flange,  Material: Metal, cardboard box","Flange de água do cabeçote do cilindro do veículo, Material: Metal, caixa de papelão", Material: Metal,Material: Metal,cardboard box,caixa de papelão,,,,0.0,,Individual Size xxCM,Manutenção automotiva,Em veículos automotores compatíveis,Revenda online,"160 - CHINA, REPÚBLICA POPULAR","Tianmen Fengcheng Trading Co. Ltd.
","Tianmen Fengcheng Trading Co. Ltd.
","Jingling Street, E-Commerce Industrial Park",S/N,Tianmen,Room 301,Hubei Province,flange de água do cabeçote do cilindro do veículo,"Flange de água do cabeçote do cilindro do veículo, Material: Metal, caixa de papelão",Conexão Flange De Água Cabeçote Jetta Passat Tiguan 2.0 Tsi || Flange De Água Cabeçote Alumínio Jetta Passat Tiguan 2.0 Tsi,"789123400224,7895139518877|7895139518877|7895141635098","R$ 14,35|R$ 15,45|R$ 16,45",Clássico|Premium,27.92,24.0,cadastro_fotos/327.png
33,Hose Vehicle throttle body inlet,Manutenção automotiva,"Tianmen Fengcheng Trading Co. Ltd.
",14.61,24.0,,"Mangueira de entrada do corpo de borboleta do veículo, Material: Plástico e borracha, Tamanho individual 29x37x1CM, caixa de papelão",,,,25/03/2026 12:53,33,SKU 33,33,"55574685
SKU 33",Hose Vehicle throttle body inlet,"Hose Vehicle throttle body inlet, Material:Plastic and rubber, Individual Size 29x37x1CM, cardboard box","Mangueira de entrada do corpo de borboleta do veículo, Material: Plástico e borracha, Tamanho individual 29x37x1CM, caixa de papelão",Material:Plastic and rubber,Material: Plástico e borracha,cardboard box,caixa de papelão,29.0,37.0,1.0,0.001073,7,Individual Size 29x37x1CM,Manutenção automotiva,Em veículos automotores compatíveis,Revenda online,"160 - CHINA, REPÚBLICA POPULAR","Tianmen Fengcheng Trading Co. Ltd.
","Tianmen Fengcheng Trading Co. Ltd.
","Jingling Street, E-Commerce Industrial Park",S/N,Tianmen,Room 301,Hubei Province,Mangueira de entrada do corpo de borboleta do veículo,"Mangueira de entrada do corpo de borboleta do veículo, Material: Plástico e borracha, Tamanho individual 29x37x1CM, caixa de papelão",,,,,14.61,24.0,cadastro_fotos/33.png
331,Anti-sound insert for seat belt,Acessório automotivo,"Tianmen Fengcheng Trading Co. Ltd.
",8.5,24.0,,"Inserto antirruído para cinto de segurança. Material: Metal, saco plástico.",MLB2142097223,MLB2142097223,1.0,25/03/2026 12:53,331,SKU 331,331,SKU 331,Anti-sound insert for seat belt,"Anti-sound insert for seat belt,  Material: Metal, plastic bag","Inserto antirruído para cinto de segurança. Material: Metal, saco plástico.", Material: Metal,Material: Metal,plastic bag,saco plástico,,,,0.0,,Individual Size xxCM,Acessório automotivo,Em veículos automotores compatíveis,Revenda online,"160 - CHINA, REPÚBLICA POPULAR","Tianmen Fengcheng Trading Co. Ltd.
","Tianmen Fengcheng Trading Co. Ltd.
","Jingling Street, E-Commerce Industrial Park",S/N,Tianmen,Room 301,Hubei Province,Inserção antirruído para cinto de segurança,"Inserto antirruído para cinto de segurança. Material: Metal, saco plástico.",Cinto Anti Alarme Jetta Adaptador Cinto Segurança,7895139519409,"R$ 6,55",Clássico,8.5,24.0,cadastro_fotos/331.png
331-1,,,,8.5,24.0,,,,,,25/03/2026 12:53,331-1,,,,,,,,,,,,,,,,,,,,,,,,,,,,,,,,,,8.5,24.0,
331-1-K,,,,17.0,24.0,,,,,,25/03/2026 12:53,331-1-K,,,,,,,,,,,,,,,,,,,,,,,,,,,,,,,,,,17.0,24.0,
331-K,Anti-sound insert for seat belt,Acessório automotivo,"Tianmen Fengcheng Trading Co. Ltd.
",16.99,24.0,,"Inserto antirruído para cinto de segurança. Material: Metal, saco plástico.",MLB2121802426,MLB2121802426,1.0,25/03/2026 12:53,331-K,SKU 331-K,331-K,SKU 331-K,Anti-sound insert for seat belt,"Anti-sound insert for seat belt,  Material: Metal, plastic bag","Inserto antirruído para cinto de segurança. Material: Metal, saco plástico.", Material: Metal,Material: Metal,plastic bag,saco plástico,,,,0.0,,Individual Size xxCM,Acessório automotivo,Em veículos automotores compatíveis,Revenda online,"160 - CHINA, REPÚBLICA POPULAR","Tianmen Fengcheng Trading Co. Ltd.
","Tianmen Fengcheng Trading Co. Ltd.
","Jingling Street, E-Commerce Industrial Park",S/N,Tianmen,Room 301,Hubei Province,Inserção antirruído para cinto de segurança,"Inserto antirruído para cinto de segurança. Material: Metal, saco plástico.",Cinto Anti Alarme Jetta Adaptador Cinto Segurança - Par,7895141626874,"R$ 7,75",Clássico,16.99,24.0,cadastro_fotos/331-K.png
332,,,,7.43,24.0,,,,,,25/03/2026 12:53,332,,,,,,,,,,,,,,,,,,,,,,,,,,,,,,,,,,7.43,24.0,
332-K,,,,14.86,24.0,,,,,,25/03/2026 12:53,332-K,,,,,,,,,,,,,,,,,,,,,,,,,,,,,,,,,,14.86,24.0,
333,,,,7.43,24.0,,,MLB2121775728,MLB2121775728,1.0,25/03/2026 12:53,333,,,,,,,,,,,,,,,,,,,,,,,,,,,,,,Cinto Anti Alarme Mitsubishi Pajero Adaptador Segurança,7895141628458,"R$ 6,55",Clássico,7.43,24.0,
333-K,,,,14.86,24.0,,,MLB2121794656,MLB2121794656,1.0,25/03/2026 12:53,333-K,,,,,,,,,,,,,,,,,,,,,,,,,,,,,,Cinto Anti Alarme Mitsubishi Pajero Adaptador Segurança- Par,7895141626898,"R$ 7,75",Clássico,14.86,24.0,
336,,,,,,,,MLB4518818693,MLB4518818693|MLB4518880769|MLB6433811960,3.0,25/03/2026 12:53,336,,,,,,,,,,,,,,,,,,,,,,,,,,,,,,Acessorios Bmw 116i 118i 120i 125i M140i Botão Start Stop || Botão Partida Start Stop Bmw 120i 125i 320i 328i 420i X1 118 || Botão Start Stop Bmw Red 120i 320 M135 M235 M240 M2 M3,7895141653016|7895141653023|7895141653030,"R$ 6,55|R$ 7,75",Clássico,,,
337,Oil Pressure Solenoid Valve,Manutenção automotiva,"Tianmen Fengcheng Trading Co. Ltd.
",44.49,24.0,,"Válvula solenoide de pressão de óleo, material: metal, tamanho individual 4,5 x 3 x 3 cm, caixa de papelão",,,,25/03/2026 12:53,337,SKU 337,337,"SKU 337
06H109257C / 06H109257A / 06H109257K / 06H109257B",Oil Pressure Solenoid Valve,"Oil Pressure Solenoid Valve,  Material: Metal, Individual Size 4,5x3x3CM, cardboard box","Válvula solenoide de pressão de óleo, material: metal, tamanho individual 4,5 x 3 x 3 cm, caixa de papelão", Material: Metal,Material: Metal,cardboard box,caixa de papelão,4.5,3.0,3.0,,,"Individual Size 4,5x3x3CM",Manutenção automotiva,Em veículos automotores compatíveis,Revenda online,"160 - CHINA, REPÚBLICA POPULAR","Tianmen Fengcheng Trading Co. Ltd.
","Tianmen Fengcheng Trading Co. Ltd.
","Jingling Street, E-Commerce Industrial Park",S/N,Tianmen,Room 301,Hubei Province,Válvula solenoide de pressão de óleo,"Válvula solenoide de pressão de óleo, material: metal, tamanho individual 4,5 x 3 x 3 cm, caixa de papelão",,,,,44.49,24.0,cadastro_fotos/337.png
341,Fuel filter for vehicle,Manutenção automotiva,"Tianmen Fengcheng Trading Co. Ltd.
",59.4,24.0,,"Filtro de combustível para veículo, Material:
Plástico e metal, Tamanho individual 28x7x7CM, caixa de papelão",MLB2079306227,MLB2079306227|MLB2079312589|MLB2079332047,3.0,25/03/2026 12:53,341,SKU 341,341,SKU 341,Fuel filter for vehicle,"Fuel filter for vehicle,  Material:
Plastic and metal, Individual Size 28x7x7CM, cardboard box","Filtro de combustível para veículo, Material:
Plástico e metal, Tamanho individual 28x7x7CM, caixa de papelão"," Material:
Plastic and metal","Material:
Plástico e metal",cardboard box,caixa de papelão,28.0,7.0,7.0,0.001372,235,Individual Size 28x7x7CM,Manutenção automotiva,Em veículos automotores compatíveis,Revenda online,"160 - CHINA, REPÚBLICA POPULAR","Tianmen Fengcheng Trading Co. Ltd.
","Tianmen Fengcheng Trading Co. Ltd.
","Jingling Street, E-Commerce Industrial Park",S/N,Tianmen,Room 301,Hubei Province,Filtro de combustível para veículo,"Filtro de combustível para veículo, Material:
Plástico e metal, Tamanho individual 28x7x7CM, caixa de papelão",Filtro Combustivel Bmw X1 X3 118 320 120 318 16127233840 || Filtro Combustível Bmw F30 320i 2014 || Filtros Combustível Bmw 120i 320i 325i X1 Modelos Actveflex,789123400224|7895141622463,"R$ 22,55",Premium,59.4,24.0,cadastro_fotos/341.png
342,Universal fuel level display,Manutenção automotiva,"Tianmen Fengcheng Trading Co. Ltd.
",31.56,24.0,,"Indicador universal de nível de combustível, Material:
Plástico e metal, caixa de papelão",MLB2081890398,MLB2081890398|MLB2991319103|MLB3042268759|MLB3548384971|MLB4312453416|MLB4379616141,6.0,25/03/2026 12:53,342,SKU 342,342,SKU 342,Universal fuel level display,"Universal fuel level display,  Material:
Plastic and metal, cardboard box","Indicador universal de nível de combustível, Material:
Plástico e metal, caixa de papelão"," Material:
Plastic and metal","Material:
Plástico e metal",cardboard box,caixa de papelão,,,,0.0,,Individual Size xxCM,Manutenção automotiva,Em veículos automotores compatíveis,Revenda online,"160 - CHINA, REPÚBLICA POPULAR","Tianmen Fengcheng Trading Co. Ltd.
","Tianmen Fengcheng Trading Co. Ltd.
","Jingling Street, E-Commerce Industrial Park",S/N,Tianmen,Room 301,Hubei Province,Indicador universal de nível de combustível,"Indicador universal de nível de combustível, Material:
Plástico e metal, caixa de papelão",Marcador Medidor Combustível Digital Moto Carro Barco Full || Marcador Medidor Sensor Nível Combustível Digital Universal || Marcador Medidor Sensor Nível De Combustível Digital || Relógio Marcador Combustível Digital 52mm Universal 12v Led,789123400224|7895141622609|7895141632493|7895141633742|7895141633759,"R$ 14,35|R$ 16,45",Clássico|Premium,31.56,24.0,cadastro_fotos/342.png
343,Vehicle fuel level sensor,Manutenção automotiva,"Tianmen Fengcheng Trading Co. Ltd.
",74.1,24.0,,"Sensor de nível de combustível do veículo, Material:
Plástico e metal, caixa de papelão",MLB2087066503,MLB2087066503|MLB5619478228|MLB5841178986,3.0,25/03/2026 12:53,343,SKU 343,343,SKU 343,Vehicle fuel level sensor,"Vehicle fuel level sensor,  Material:
Plastic and metal, cardboard box","Sensor de nível de combustível do veículo, Material:
Plástico e metal, caixa de papelão"," Material:
Plastic and metal","Material:
Plástico e metal",cardboard box,caixa de papelão,,,,0.0,,Individual Size xxCM,Manutenção automotiva,Em veículos automotores compatíveis,Revenda online,"160 - CHINA, REPÚBLICA POPULAR","Tianmen Fengcheng Trading Co. Ltd.
","Tianmen Fengcheng Trading Co. Ltd.
","Jingling Street, E-Commerce Industrial Park",S/N,Tianmen,Room 301,Hubei Province,sensor de nível de combustível do veículo,"Sensor de nível de combustível do veículo, Material:
Plástico e metal, caixa de papelão",Boia Medidor De Nível Do Tanque De Combustível Pajero Full || Boia Nivel Sensor Medidor Tanque Pajero Full || Boia Nivel Sensor Medidor Tanque Pajero Full - Mr342870,7895139518846,"R$ 22,55|R$ 23,65",Premium,74.1,24.0,cadastro_fotos/343.png
344,Freewheel for 4x4 vehicles 1c3z3b396cb,Manutenção automotiva,"Tianmen Fengcheng Trading Co. Ltd.
",131.78,24.0,,"Roda livre para veículos 4x4 1c3z3b396cb, Material: Metal, Dimensões individuais: 13x10x9,5 cm, caixa de papelão",MLB2103639726,MLB2103639726|MLB3243093717|MLB3243118011,3.0,25/03/2026 12:53,344,SKU 344,344,"1C3Z-3B396-CB
SKU: 344",Freewheel for 4x4 vehicles 1c3z3b396cb,"Freewheel for 4x4 vehicles 1c3z3b396cb,  Material: Metal, Individual Size 13x10x9,5CM, cardboard box","Roda livre para veículos 4x4 1c3z3b396cb, Material: Metal, Dimensões individuais: 13x10x9,5 cm, caixa de papelão", Material: Metal,Material: Metal,cardboard box,caixa de papelão,13.0,10.0,9.5,0.001235,108,"Individual Size 13x10x9,5CM",Manutenção automotiva,Em veículos automotores compatíveis,Revenda online,"160 - CHINA, REPÚBLICA POPULAR","Tianmen Fengcheng Trading Co. Ltd.
","Tianmen Fengcheng Trading Co. Ltd.
","Jingling Street, E-Commerce Industrial Park",S/N,Tianmen,Room 301,Hubei Province,Roda livre para veículos 4x4 1c3z3b396cb,"Roda livre para veículos 4x4 1c3z3b396cb, Material: Metal, Dimensões individuais: 13x10x9,5 cm, caixa de papelão",Roda Livre Automática Ford F250 F350 F450 F550 Super Duty 4w || Roda Livre F250 2006 Até 2011 1c3z3b396cb || Roda Livre Ford F250 F350 F450 F550 4x4 Dianteira 4wd,7895139518587,"R$ 24,65",Clássico|Premium,131.78,24.0,cadastro_fotos/344.png
344-K,Pair of free-wheeling hubs for 4x4 vehicles 1c3z3b396cb,Manutenção automotiva,"Tianmen Fengcheng Trading Co. Ltd.
",267.18,24.0,,"Conjunto de dois cubos de roda livre para veículos 4x4 1c3z3b396cb, Material: Metal, caixa de papelão",MLB2103621703,MLB2103621703,1.0,25/03/2026 12:53,344-K,SKU 344-K,344-K,"1C3Z-3B396-CB
SKU: 344-K",Pair of free-wheeling hubs for 4x4 vehicles 1c3z3b396cb,"Pair of free-wheeling hubs for 4x4 vehicles 1c3z3b396cb,  Material: Metal, cardboard box","Conjunto de dois cubos de roda livre para veículos 4x4 1c3z3b396cb, Material: Metal, caixa de papelão", Material: Metal,Material: Metal,cardboard box,caixa de papelão,,,,0.0,,Individual Size xxCM,Manutenção automotiva,Em veículos automotores compatíveis,Revenda online,"160 - CHINA, REPÚBLICA POPULAR","Tianmen Fengcheng Trading Co. Ltd.
","Tianmen Fengcheng Trading Co. Ltd.
","Jingling Street, E-Commerce Industrial Park",S/N,Tianmen,Room 301,Hubei Province,Conjunto de dois cubos de roda livre para veículos 4x4 1c3z3b396cb,"Conjunto de dois cubos de roda livre para veículos 4x4 1c3z3b396cb, Material: Metal, caixa de papelão",Par Tração De Roda F250 F350 F4000 4x4,7895141629493,"R$ 26,25",Clássico,267.18,24.0,cadastro_fotos/344-K.png
345,Spark Plug Tester,Manutenção automotiva,"Tianmen Fengcheng Trading Co. Ltd.
",60.13,24.0,,"Testador de velas de ignição, Material:
Plástico e metal, Tamanho individual 16x9x9CM, caixa de papelão",,,,25/03/2026 12:53,345,SKU 345,345,SKU 345,Spark Plug Tester,"Spark Plug Tester,  Material:
Plastic and metal, Individual Size 16x9x9CM, cardboard box","Testador de velas de ignição, Material:
Plástico e metal, Tamanho individual 16x9x9CM, caixa de papelão"," Material:
Plastic and metal","Material:
Plástico e metal",cardboard box,caixa de papelão,16.0,9.0,9.0,0.001296,345,Individual Size 16x9x9CM,Manutenção automotiva,Em veículos automotores compatíveis,Revenda online,"160 - CHINA, REPÚBLICA POPULAR","Tianmen Fengcheng Trading Co. Ltd.
","Tianmen Fengcheng Trading Co. Ltd.
","Jingling Street, E-Commerce Industrial Park",S/N,Tianmen,Room 301,Hubei Province,Testador de velas de ignição,"Testador de velas de ignição, Material:
Plástico e metal, Tamanho individual 16x9x9CM, caixa de papelão",,,,,60.13,24.0,cadastro_fotos/345.png
346,Vehicle oil cooler sealing ring assembly,Manutenção automotiva,"Tianmen Fengcheng Trading Co. Ltd.
",10.42,24.0,,"Conjunto de anel de vedação do resfriador de óleo do veículo, Material: Borracha, saco plástico",MLB2120234033,MLB2120234033|MLB4411212850,2.0,25/03/2026 12:53,346,SKU 346,346,SKU 346,Vehicle oil cooler sealing ring assembly,"Vehicle oil cooler sealing ring assembly,  Material:Rubber, plastic bag","Conjunto de anel de vedação do resfriador de óleo do veículo, Material: Borracha, saco plástico", Material:Rubber,Material: Borracha,plastic bag,saco plástico,,,,0.0,,Individual Size xxCM,Manutenção automotiva,Em veículos automotores compatíveis,Revenda online,"160 - CHINA, REPÚBLICA POPULAR","Tianmen Fengcheng Trading Co. Ltd.
","Tianmen Fengcheng Trading Co. Ltd.
","Jingling Street, E-Commerce Industrial Park",S/N,Tianmen,Room 301,Hubei Province,conjunto de anel de vedação do resfriador de óleo do veículo,"Conjunto de anel de vedação do resfriador de óleo do veículo, Material: Borracha, saco plástico",Anel Vedação Completo Resfriador Trocador Calor Journey 3.6 || Anel Vedação Completo Resfriador Trocador Journey 3.6 Ate 13,7895141626904|7895141635852,"R$ 7,75",Clássico|Premium,10.42,24.0,cadastro_fotos/346.png
347,Vehicle oil cooler sealing ring assembly,Manutenção automotiva,"Tianmen Fengcheng Trading Co. Ltd.
",56.59,24.0,,"Conjunto de anel de vedação do resfriador de óleo do veículo, Material: Borracha, , saco plástico",MLB2103546858,MLB2103546858|MLB5266062134|MLB5266087708,3.0,25/03/2026 12:53,347,SKU 347,347,SKU 347,Vehicle oil cooler sealing ring assembly,"Vehicle oil cooler sealing ring assembly,  Material:Rubber, , plastic bag","Conjunto de anel de vedação do resfriador de óleo do veículo, Material: Borracha, , saco plástico", Material:Rubber,Material: Borracha,plastic bag,saco plástico,,,,,,,Manutenção automotiva,Em veículos automotores compatíveis,Revenda online,"160 - CHINA, REPÚBLICA POPULAR","Tianmen Fengcheng Trading Co. Ltd.
","Tianmen Fengcheng Trading Co. Ltd.
","Jingling Street, E-Commerce Industrial Park",S/N,Tianmen,Room 301,Hubei Province,conjunto de anel de vedação do resfriador de óleo do veículo,"Conjunto de anel de vedação do resfriador de óleo do veículo, Material: Borracha, , saco plástico",Aneis Resfriador Oleo Journey 3.6 Town Country Jeep Cherokee || Aneis Vedação Resfriador Calor Wrangler Dodge Charge 3.6 7pc || Anel Vedação Retentor Resfriador Dodge Journey Jeep Pós 13,7895139518624,"R$ 18,45|R$ 20,95",Clássico|Premium,56.59,24.0,cadastro_fotos/347.png
349,Pair of vehicle exhaust moldings,Acessório automotivo,"Tianmen Fengcheng Trading Co. Ltd.
",72.35,24.0,,"Conjunto de duas molduras para escapamento de veículo, Material: Plástico, embalagem plástica",MLB2113076838,MLB2113076838|MLB3583863743,2.0,25/03/2026 12:53,349,SKU 349,349,SKU 349,Pair of vehicle exhaust moldings,"Pair of vehicle exhaust moldings,  Material: Plastic , plastic bag","Conjunto de duas molduras para escapamento de veículo, Material: Plástico, embalagem plástica", Material: Plastic ,Material: Plástico,plastic bag,saco plástico,,,,0.0,,Individual Size xxCM,Acessório automotivo,Em veículos automotores compatíveis,Revenda online,"160 - CHINA, REPÚBLICA POPULAR","Tianmen Fengcheng Trading Co. Ltd.
","Tianmen Fengcheng Trading Co. Ltd.
","Jingling Street, E-Commerce Industrial Park",S/N,Tianmen,Room 301,Hubei Province,Par de molduras de escapamento de veículo,"Conjunto de duas molduras para escapamento de veículo, Material: Plástico, embalagem plástica",Moldura Ponteira Escapamento Amg W205 Glc Classe A B C E || Ponteira Escape Amg Para Mercedes Classes A B C E Glc Cinza,7895139518839,"R$ 20,95|R$ 23,65",Clássico,72.35,24.0,cadastro_fotos/349.png
35,Vehicle power steering oil pressure sensor,Manutenção automotiva,"Tianmen Fengcheng Trading Co. Ltd.
",12.61,24.0,,"Sensor de pressão do óleo da direção hidráulica do veículo, Material: Plástico e metal, Dimensões individuais: 2,5 x 5,5 x 2,5 cm, Caixa de papelão",,,,25/03/2026 12:53,35,SKU 35,35,"401509
SKU 35",Vehicle power steering oil pressure sensor,"Vehicle power steering oil pressure sensor,  Material: Plastic and metal, Individual Size 2,5x5,5x2,5CM, cardboard box","Sensor de pressão do óleo da direção hidráulica do veículo, Material: Plástico e metal, Dimensões individuais: 2,5 x 5,5 x 2,5 cm, Caixa de papelão", Material: Plastic and metal,Material: Plástico e metal,cardboard box,caixa de papelão,2.5,5.5,2.5,3.4375e-05,25,"Individual Size 2,5x5,5x2,5CM",Manutenção automotiva,Em veículos automotores compatíveis,Revenda online,"160 - CHINA, REPÚBLICA POPULAR","Tianmen Fengcheng Trading Co. Ltd.
","Tianmen Fengcheng Trading Co. Ltd.
","Jingling Street, E-Commerce Industrial Park",S/N,Tianmen,Room 301,Hubei Province,sensor de pressão do óleo da direção hidráulica do veículo,"Sensor de pressão do óleo da direção hidráulica do veículo, Material: Plástico e metal, Dimensões individuais: 2,5 x 5,5 x 2,5 cm, Caixa de papelão",,,,,12.61,24.0,cadastro_fotos/35.png
350-1,,,,,,,,MLB2077459394,MLB2077459394|MLB3558151207,2.0,25/03/2026 12:53,350-1,,,,,,,,,,,,,,,,,,,,,,,,,,,,,,Tapete De Atividades Para Bebes Inflavel Interativo Aquario || Tapete De Água Inflável Atividades Infantil Almofada Bebê,07899658319090|7895141632349,"R$ 7,85|R$ 8,05",Premium,,,
351,,,,199.48,24.0,,,,,,25/03/2026 12:53,351,,,,,,,,,,,,,,,,,,,,,,,,,,,,,,,,,,199.48,24.0,
352,Electric vehicle window controls,Manutenção automotiva,"Tianmen Fengcheng Trading Co. Ltd.
",49.17,24.0,,"Controles de janela de veículo elétrico, Material:
Plástico e metal, caixa de papelão",MLB2121300018,MLB2121300018|MLB2121300019|MLB2121318800|MLB3079660599|MLB3079691929,5.0,25/03/2026 12:53,352,SKU 352,352,SKU 352,Electric vehicle window controls,"Electric vehicle window controls,  Material:
Plastic and metal, cardboard box","Controles de janela de veículo elétrico, Material:
Plástico e metal, caixa de papelão"," Material:
Plastic and metal","Material:
Plástico e metal",cardboard box,caixa de papelão,,,,0.0,,Individual Size xxCM,Manutenção automotiva,Em veículos automotores compatíveis,Revenda online,"160 - CHINA, REPÚBLICA POPULAR","Tianmen Fengcheng Trading Co. Ltd.
","Tianmen Fengcheng Trading Co. Ltd.
","Jingling Street, E-Commerce Industrial Park",S/N,Tianmen,Room 301,Hubei Province,controles de janela de veículo elétrico,"Controles de janela de veículo elétrico, Material:
Plástico e metal, caixa de papelão",Botão Vidro Elétrico Sprinter 311/415/515 Esquerdo Motorista || Comando Botao Vidro Eletrico Sprinter 311/ 415/ 515 3 Plugs || Comando Botão Interruptor Vidro Eletrico Sprinter Cdi 415 || Painel Botão Vidro Eletrico Sprinter 415 2017 2018 2019 2021,7895141626911,"R$ 18,45|R$ 20,95",Premium,49.17,24.0,cadastro_fotos/352.png
353,Vehicle oil filter,Manutenção automotiva,"Tianmen Fengcheng Trading Co. Ltd.
",52.41,24.0,,"Filtro de óleo para veículos, Material:
Plástico e metal, saco plástico",,,,25/03/2026 12:53,353,SKU 353,353,"114388
SKU:353",Vehicle oil filter,"Vehicle oil filter,  Material:
Plastic and metal, plastic bag","Filtro de óleo para veículos, Material:
Plástico e metal, saco plástico"," Material:
Plastic and metal","Material:
Plástico e metal",plastic bag,saco plástico,,,,0.0,,Individual Size xxCM,Manutenção automotiva,Em veículos automotores compatíveis,Revenda online,"160 - CHINA, REPÚBLICA POPULAR","Tianmen Fengcheng Trading Co. Ltd.
","Tianmen Fengcheng Trading Co. Ltd.
","Jingling Street, E-Commerce Industrial Park",S/N,Tianmen,Room 301,Hubei Province,Filtro de óleo do veículo,"Filtro de óleo para veículos, Material:
Plástico e metal, saco plástico",,,,,52.41,24.0,cadastro_fotos/353.png
354,Vehicle fuel level sensor,Manutenção automotiva,"Tianmen Fengcheng Trading Co. Ltd.
",44.16,24.0,,"Sensor de nível de combustível do veículo, Material: Plástico ABS e metal, Tamanho individual 29x10x8CM, embalagem plástica",MLB2116318330,MLB2116318330|MLB2116324585|MLB2116337476|MLB3076878592|MLB3076885083,5.0,25/03/2026 12:53,354,SKU 354,354,"MB571603
SKU:354",Vehicle fuel level sensor ,"Vehicle fuel level sensor ,  Material: Plastic ABS and metal, Individual Size 29x10x8CM, plastic bag","Sensor de nível de combustível do veículo, Material: Plástico ABS e metal, Tamanho individual 29x10x8CM, embalagem plástica", Material: Plastic ABS and metal,Material: Plástico ABS e metal,plastic bag,saco plástico,29.0,10.0,8.0,0.00232,153,Individual Size 29x10x8CM,Manutenção automotiva,Em veículos automotores compatíveis,Revenda online,"160 - CHINA, REPÚBLICA POPULAR","Tianmen Fengcheng Trading Co. Ltd.
","Tianmen Fengcheng Trading Co. Ltd.
","Jingling Street, E-Commerce Industrial Park",S/N,Tianmen,Room 301,Hubei Province,sensor de nível de combustível do veículo,"Sensor de nível de combustível do veículo, Material: Plástico ABS e metal, Tamanho individual 29x10x8CM, embalagem plástica",Boia Do Tanque De Pajero Gls-b Glx 2.8 8v Diesel 1990 A 2000 || Medidor De Combustivel Pajero Gls-b 2.8 8v Diesel 90 A 2000 || Sensor De Nivel Tanque Pajero 2.8 1992 Até 2000 || Sensor Do Nivel Combustivel Pajero Gls-b 2.8 Diesel 90 A 00 || Sensor Nivel Combustivel Pajero 2.0 2.5 2.8 3.0 3.5 90 A 01,7895139518815,"R$ 19,85|R$ 22,55|R$ 23,65",Clássico|Premium,44.16,24.0,cadastro_fotos/354.png
355,Electric vehicle window controls,Manutenção automotiva,"Tianmen Fengcheng Trading Co. Ltd.
",65.3,24.0,,"Controles de janela para veículos elétricos, Material: Plástico e metal, caixa de papelão",,,,25/03/2026 12:53,355,SKU 355,355,6395451013,Electric vehicle window controls,"Electric vehicle window controls,  Material:Plastic and metal, cardboard box","Controles de janela para veículos elétricos, Material: Plástico e metal, caixa de papelão", Material:Plastic and metal,Material: Plástico e metal,cardboard box,caixa de papelão,,,,0.0,,Individual Size xxCM,Manutenção automotiva,Em veículos automotores compatíveis,Revenda online,"160 - CHINA, REPÚBLICA POPULAR","Tianmen Fengcheng Trading Co. Ltd.
","Tianmen Fengcheng Trading Co. Ltd.
","Jingling Street, E-Commerce Industrial Park",S/N,Tianmen,Room 301,Hubei Province,controles de janela de veículo elétrico,"Controles de janela para veículos elétricos, Material: Plástico e metal, caixa de papelão",,,,,65.3,24.0,cadastro_fotos/355.png
357,Spiral drill bit for soil drilling,Broca para solo,"Tianmen Fengcheng Trading Co. Ltd.
",12.66,24.0,,"Broca espiral para perfuração de solo, Material: Metal, saco plástico",MLB2127140953,MLB2127140953|MLB2127160487|MLB3584436853|MLB3584541045,4.0,25/03/2026 12:53,357,SKU 357,357,SKU 357,Spiral drill bit for soil drilling,"Spiral drill bit for soil drilling,  Material:Metal, plastic bag","Broca espiral para perfuração de solo, Material: Metal, saco plástico", Material:Metal,Material: Metal,plastic bag,saco plástico,,,,0.0,,Individual Size xxCM,Broca para solo,Uso doméstico,Revenda online,"160 - CHINA, REPÚBLICA POPULAR","Tianmen Fengcheng Trading Co. Ltd.
","Tianmen Fengcheng Trading Co. Ltd.
","Jingling Street, E-Commerce Industrial Park",S/N,Tianmen,Room 301,Hubei Province,Broca espiral para perfuração de solo,"Broca espiral para perfuração de solo, Material: Metal, saco plástico",Broca Furo Espiral Para Plantio Jardim Portátil Uso Fácil || Broca Jardim Espiral Ferramenta Escavadeira Buraco Plantio || Super Broca Helicoidal P/ Solo Terra Jardim Espiral Metal || Super Broca Perfurador Solo Terra Jardim Espiral De Metal,789123400224|7895141626935|7895141635876|7895141635883,"R$ 7,85|R$ 7,95",Clássico|Premium,12.66,24.0,cadastro_fotos/357.png
358,Palm Rejection Stylus Pen for Tablet,Acessório para celulares e tablet,"Tianmen Fengcheng Trading Co. Ltd.
",22.72,24.0,,"Caneta Stylus com Rejeição de Palma para Tablet, Material:
Plástico e metal, Tamanho individual 21x6,5x2CM, caixa de papelão",MLB3438431953,MLB3438431953|MLB3866615819|MLB3899732231|MLB4106425531,4.0,25/03/2026 12:53,358,SKU 358,358,SKU 358,Palm Rejection Stylus Pen for Tablet,"Palm Rejection Stylus Pen for Tablet,  Material:
Plastic and metal, Individual Size 21x6,5x2CM, cardboard box","Caneta Stylus com Rejeição de Palma para Tablet, Material:
Plástico e metal, Tamanho individual 21x6,5x2CM, caixa de papelão"," Material:
Plastic and metal","Material:
Plástico e metal",cardboard box,caixa de papelão,21.0,6.5,2.0,0.000273,8,"Individual Size 21x6,5x2CM",Acessório para celulares e tablet,Uso doméstico,Revenda online,"160 - CHINA, REPÚBLICA POPULAR","Tianmen Fengcheng Trading Co. Ltd.
","Tianmen Fengcheng Trading Co. Ltd.
","Jingling Street, E-Commerce Industrial Park",S/N,Tianmen,Room 301,Hubei Province,Caneta Stylus com Rejeição de Palma para Tablet,"Caneta Stylus com Rejeição de Palma para Tablet, Material:
Plástico e metal, Tamanho individual 21x6,5x2CM, caixa de papelão",Caneta Stylus Com Palm Rejection iPad 9 Geração 10.2 || Caneta Stylus Com Palm Rejection iPad 9 Geração 10.2 2021,789123400224|7895141625716|7899126413725,"R$ 19,85|R$ 7,85|R$ 8,05",Clássico|Premium,22.72,24.0,cadastro_fotos/358.png
360,Crankshaft seal on flywheel side,Manutenção automotiva,"Tianmen Fengcheng Trading Co. Ltd.
",26.4,24.0,,"Retentor do virabrequim no lado do volante, Material: Plástico, embalagem plástica",MLB2108564402,MLB2108564402|MLB2108564404|MLB2108581259|MLB4006302981,4.0,25/03/2026 12:53,360,SKU 360,360,SKU 360,Crankshaft seal on flywheel side,"Crankshaft seal on flywheel side, Material: Plastic , plastic bag","Retentor do virabrequim no lado do volante, Material: Plástico, embalagem plástica",Material: Plastic ,Material: Plástico,plastic bag,saco plástico,,,,0.0,,Individual Size xxCM,Manutenção automotiva,Em veículos automotores compatíveis,Revenda online,"160 - CHINA, REPÚBLICA POPULAR","Tianmen Fengcheng Trading Co. Ltd.
","Tianmen Fengcheng Trading Co. Ltd.
","Jingling Street, E-Commerce Industrial Park",S/N,Tianmen,Room 301,Hubei Province,Retentor do virabrequim no lado do volante,"Retentor do virabrequim no lado do volante, Material: Plástico, embalagem plástica",Retentor Do Virabrequim Lado Volante Civic 1.6 1996 A 2000 || Retentor Do Virabrequim Lado Volante Civic 1.7 2001 A 2005 || Retentor Do Virabrequim Lado Volante Honda Civic 1.7 E 1.6,7895139518792|7895141634664|7895141634671,"R$ 15,45|R$ 21,15|R$ 22,55|R$ 7,85",Clássico|Premium,26.4,24.0,cadastro_fotos/360.png
361,Replacement LCD display for satellite dish configuration devices.,Manutenção automotiva,"Tianmen Fengcheng Trading Co. Ltd.
",94.17,24.0,,"Visor LCD de substituição para dispositivos de configuração de antenas parabólicas. Material:
Plástico, vidro e metal, caixa de papelão.",MLB2152568189,MLB2152568189|MLB2152605963|MLB2152622019|MLB3287240077|MLB4233190554|MLB4233340414,6.0,25/03/2026 12:53,361,SKU 361,361,SKU 361,Replacement LCD display for satellite dish configuration devices.,"Replacement LCD display for satellite dish configuration devices.,  Material:
Plastic glass and metal, cardboard box","Visor LCD de substituição para dispositivos de configuração de antenas parabólicas. Material:
Plástico, vidro e metal, caixa de papelão."," Material:
Plastic glass and metal","Material:
Plástico, vidro e metal",cardboard box,caixa de papelão,,,,0.0,,Individual Size xxCM,Manutenção automotiva,Em veículos automotores compatíveis,Revenda online,"160 - CHINA, REPÚBLICA POPULAR","Tianmen Fengcheng Trading Co. Ltd.
","Tianmen Fengcheng Trading Co. Ltd.
","Jingling Street, E-Commerce Industrial Park",S/N,Tianmen,Room 301,Hubei Province,Visor LCD de substituição para dispositivos de configuração de antenas parabólicas.,"Visor LCD de substituição para dispositivos de configuração de antenas parabólicas. Material:
Plástico, vidro e metal, caixa de papelão.",Display Satlink Tela Lcd 6909 6912 6918 6906 6908 - Novo || Display Tela Lcd Satlink Ws 6950 Hd 3.5 Polegadas || Display Tela Satlink Lcd 6906 6908 6909 6912 6918 Original || Tela Original 3.5 Lcd Satlink Ws-6902 6905 6906 6908 6909...,789123400224|7895141633407|7895141633414|7898915949193,"R$ 20,95",Clássico|Premium,94.17,24.0,cadastro_fotos/361.png
362,Vehicle fuel pump cover,Manutenção automotiva,"Tianmen Fengcheng Trading Co. Ltd.
",131.56,24.0,,"Tampa da bomba de combustível do veículo, Material:
Plástico e metal, caixa de plástico",,,,25/03/2026 12:53,362,SKU 362,362,SKU 362,Vehicle fuel pump cover,"Vehicle fuel pump cover,  Material:
Plastic and metal, plastic box","Tampa da bomba de combustível do veículo, Material:
Plástico e metal, caixa de plástico"," Material:
Plastic and metal","Material:
Plástico e metal",plastic box,caixa de plástico,,,,0.0,,Individual Size xxCM,Manutenção automotiva,Em veículos automotores compatíveis,Revenda online,"160 - CHINA, REPÚBLICA POPULAR","Tianmen Fengcheng Trading Co. Ltd.
","Tianmen Fengcheng Trading Co. Ltd.
","Jingling Street, E-Commerce Industrial Park",S/N,Tianmen,Room 301,Hubei Province,Tampa da bomba de combustível do veículo,"Tampa da bomba de combustível do veículo, Material:
Plástico e metal, caixa de plástico",,,,,131.56,24.0,cadastro_fotos/362.png
363,Buttons on the steering wheel to control the vehicle's sound,Manutenção automotiva,"Tianmen Fengcheng Trading Co. Ltd.
",80.62,24.0,,"Botões no volante para controlar o som do veículo, Material:
Plástico e metal, Tamanho individual 20x10x7CM, caixa de papelão",MLB2131159219,MLB2131159219|MLB2131178655|MLB4373163012|MLB4498882640,4.0,25/03/2026 12:53,363,SKU 363,363,SKU 363,Buttons on the steering wheel to control the vehicle's sound,"Buttons on the steering wheel to control the vehicle's sound,  Material:
Plastic and metal, Individual Size 20x10x7CM, cardboard box","Botões no volante para controlar o som do veículo, Material:
Plástico e metal, Tamanho individual 20x10x7CM, caixa de papelão"," Material:
Plastic and metal","Material:
Plástico e metal",cardboard box,caixa de papelão,20.0,10.0,7.0,0.0014,,Individual Size 20x10x7CM,Manutenção automotiva,Em veículos automotores compatíveis,Revenda online,"160 - CHINA, REPÚBLICA POPULAR","Tianmen Fengcheng Trading Co. Ltd.
","Tianmen Fengcheng Trading Co. Ltd.
","Jingling Street, E-Commerce Industrial Park",S/N,Tianmen,Room 301,Hubei Province,Botões no volante para controlar o som do veículo.,"Botões no volante para controlar o som do veículo, Material:
Plástico e metal, Tamanho individual 20x10x7CM, caixa de papelão",Comando Som Volante L200 Triton Pajero Dakar Outlender || Par Comando Botão Som Volante Pajero Dakar L200 Triton Asx || Par Comando Botão Volante Pajero Dakar L200 Triton Asx Full || Par Comando Cruzeiro Som Volante Pajero L200 Outlander Asx,789123400224|7895141626959|7895141635166|7895141636842,"R$ 20,95|R$ 22,55",Clássico|Premium,80.62,24.0,cadastro_fotos/363.png
364,Cell phone adapter for induction charging,Acessório para celulares e tablet,"Tianmen Fengcheng Trading Co. Ltd.
",,,,"Adaptador para celular para carregamento por indução, Material:
Plástico e metal, caixa de papelão",,,,25/03/2026 12:53,364,SKU 364,364,SKU 364-1,Cell phone adapter for induction charging,"Cell phone adapter for induction charging,  Material:
Plastic and metal, cardboard box","Adaptador para celular para carregamento por indução, Material:
Plástico e metal, caixa de papelão"," Material:
Plastic and metal","Material:
Plástico e metal",cardboard box,caixa de papelão,,,,0.0,,Individual Size xxCM,Acessório para celulares e tablet,Uso doméstico,Revenda online,"160 - CHINA, REPÚBLICA POPULAR","Tianmen Fengcheng Trading Co. Ltd.
","Tianmen Fengcheng Trading Co. Ltd.
","Jingling Street, E-Commerce Industrial Park",S/N,Tianmen,Room 301,Hubei Province,Adaptador de celular para carregamento por indução,"Adaptador para celular para carregamento por indução, Material:
Plástico e metal, caixa de papelão",,,,,,,cadastro_fotos/364.png
364-1,Cell phone adapter for induction charging,Acessório para celulares e tablet,"Tianmen Fengcheng Trading Co. Ltd.
",7.59,24.0,,"Adaptador para celular para carregamento por indução, Material:
Plástico e metal, caixa de papelão",-,-|MLB4266161825,2.0,25/03/2026 12:53,364-1,SKU 364-1,364-1,SKU 364-1,Cell phone adapter for induction charging,"Cell phone adapter for induction charging,  Material:
Plastic and metal, cardboard box","Adaptador para celular para carregamento por indução, Material:
Plástico e metal, caixa de papelão"," Material:
Plastic and metal","Material:
Plástico e metal",cardboard box,caixa de papelão,,,,0.0,,Individual Size xxCM,Acessório para celulares e tablet,Uso doméstico,Revenda online,"160 - CHINA, REPÚBLICA POPULAR","Tianmen Fengcheng Trading Co. Ltd.
","Tianmen Fengcheng Trading Co. Ltd.
","Jingling Street, E-Commerce Industrial Park",S/N,Tianmen,Room 301,Hubei Province,Adaptador de celular para carregamento por indução,"Adaptador para celular para carregamento por indução, Material:
Plástico e metal, caixa de papelão",- || Adaptador Sem Fio Wireless Qi Indução Receptor Universal Cor Type-a,"7891234000224,7895139519034,7895141626966|789123400224,7895139519188,7895141626966|7895141626966,7895139519188|7895141635180","-|R$ 7,75",-|Clássico,7.59,24.0,cadastro_fotos/364-1.png
364-2,Cell phone adapter for induction charging,Acessório para celulares e tablet,"Tianmen Fengcheng Trading Co. Ltd.
",10.89,24.0,,"Adaptador para celular para carregamento por indução, Material:
Plástico e metal, caixa de papelão",-,-,1.0,25/03/2026 12:53,364-2,SKU 364-2,364-2,SKU 364-2,Cell phone adapter for induction charging,"Cell phone adapter for induction charging,  Material:
Plastic and metal, cardboard box","Adaptador para celular para carregamento por indução, Material:
Plástico e metal, caixa de papelão"," Material:
Plastic and metal","Material:
Plástico e metal",cardboard box,caixa de papelão,,,,0.0,,Individual Size xxCM,Acessório para celulares e tablet,Uso doméstico,Revenda online,"160 - CHINA, REPÚBLICA POPULAR","Tianmen Fengcheng Trading Co. Ltd.
","Tianmen Fengcheng Trading Co. Ltd.
","Jingling Street, E-Commerce Industrial Park",S/N,Tianmen,Room 301,Hubei Province,Adaptador de celular para carregamento por indução,"Adaptador para celular para carregamento por indução, Material:
Plástico e metal, caixa de papelão",-,"7891234000224,7895139519041,7895141625730|789123400224,7895139519195,7895141625730|7895141635197",-,-,10.89,24.0,cadastro_fotos/364-2.png
364-3,Cell phone adapter for induction charging,Acessório para celulares e tablet,"Tianmen Fengcheng Trading Co. Ltd.
",10.89,24.0,,"Adaptador para celular para carregamento por indução, Material:
Plástico e metal, caixa de papelão",-,-,1.0,25/03/2026 12:53,364-3,SKU 364-3,364-3,SKU 364-3,Cell phone adapter for induction charging,"Cell phone adapter for induction charging,  Material:
Plastic and metal, cardboard box","Adaptador para celular para carregamento por indução, Material:
Plástico e metal, caixa de papelão"," Material:
Plastic and metal","Material:
Plástico e metal",cardboard box,caixa de papelão,,,,0.0,,Individual Size xxCM,Acessório para celulares e tablet,Uso doméstico,Revenda online,"160 - CHINA, REPÚBLICA POPULAR","Tianmen Fengcheng Trading Co. Ltd.
","Tianmen Fengcheng Trading Co. Ltd.
","Jingling Street, E-Commerce Industrial Park",S/N,Tianmen,Room 301,Hubei Province,Adaptador de celular para carregamento por indução,"Adaptador para celular para carregamento por indução, Material:
Plástico e metal, caixa de papelão",-,"7891234000224,7895139519058,7895139519164|789123400224,7895139519201,7895139519164|7895141635203",-,-,10.89,24.0,cadastro_fotos/364-3.png
364-4,Cell phone adapter for induction charging,Acessório para celulares e tablet,"Tianmen Fengcheng Trading Co. Ltd.
",10.89,24.0,,"Adaptador para celular para carregamento por indução, Material:
Plástico e metal, caixa de papelão",-,-,1.0,25/03/2026 12:53,364-4,SKU 364-4,364-4,SKU 364-4,Cell phone adapter for induction charging,"Cell phone adapter for induction charging,  Material:
Plastic and metal, cardboard box","Adaptador para celular para carregamento por indução, Material:
Plástico e metal, caixa de papelão"," Material:
Plastic and metal","Material:
Plástico e metal",cardboard box,caixa de papelão,,,,0.0,,Individual Size xxCM,Acessório para celulares e tablet,Uso doméstico,Revenda online,"160 - CHINA, REPÚBLICA POPULAR","Tianmen Fengcheng Trading Co. Ltd.
","Tianmen Fengcheng Trading Co. Ltd.
","Jingling Street, E-Commerce Industrial Park",S/N,Tianmen,Room 301,Hubei Province,Adaptador de celular para carregamento por indução,"Adaptador para celular para carregamento por indução, Material:
Plástico e metal, caixa de papelão",-,"7891234000224,7895139519065|789123400224,7895139519218,7895139519065|7895141635173",-,-,10.89,24.0,cadastro_fotos/364-4.png
365,Vehicle fuel pump cover,Manutenção automotiva,"Tianmen Fengcheng Trading Co. Ltd.
",46.2,24.0,,"Tampa da bomba de combustível do veículo, Material: Plástico, Tamanho individual 14x6x6CM, embalagem plástica",,,,25/03/2026 12:53,365,SKU 365,365,SKU 365,Vehicle fuel pump cover,"Vehicle fuel pump cover, Material: Plastic , Individual Size 14x6x6CM, plastic bag","Tampa da bomba de combustível do veículo, Material: Plástico, Tamanho individual 14x6x6CM, embalagem plástica",Material: Plastic ,Material: Plástico,plastic bag,saco plástico,14.0,6.0,6.0,0.000504,,Individual Size 14x6x6CM,Manutenção automotiva,Em veículos automotores compatíveis,Revenda online,"160 - CHINA, REPÚBLICA POPULAR","Tianmen Fengcheng Trading Co. Ltd.
","Tianmen Fengcheng Trading Co. Ltd.
","Jingling Street, E-Commerce Industrial Park",S/N,Tianmen,Room 301,Hubei Province,Tampa da bomba de combustível do veículo,"Tampa da bomba de combustível do veículo, Material: Plástico, Tamanho individual 14x6x6CM, embalagem plástica",,,,,46.2,24.0,cadastro_fotos/365.png
366,3 inch LCD display for vehicle instrument panel,Manutenção automotiva,"Tianmen Fengcheng Trading Co. Ltd.
",,,,"Visor LCD de 3 polegadas para painel de instrumentos de veículos, Material:
Plástico, vidro e metal, caixa de papelão",,,,25/03/2026 12:53,366,SKU 366,366,"
8V4F-AA
SKU:366",3 inch LCD display for vehicle instrument panel,"3 inch LCD display for vehicle instrument panel,  Material:
Plastic glass and metal, cardboard box","Visor LCD de 3 polegadas para painel de instrumentos de veículos, Material:
Plástico, vidro e metal, caixa de papelão"," Material:
Plastic glass and metal","Material:
Plástico, vidro e metal",cardboard box,caixa de papelão,,,,0.0,,Individual Size xxCM,Manutenção automotiva,Em veículos automotores compatíveis,Revenda online,"160 - CHINA, REPÚBLICA POPULAR","Tianmen Fengcheng Trading Co. Ltd.
","Tianmen Fengcheng Trading Co. Ltd.
","Jingling Street, E-Commerce Industrial Park",S/N,Tianmen,Room 301,Hubei Province,Visor LCD de 3 polegadas para painel de instrumentos de veículos,"Visor LCD de 3 polegadas para painel de instrumentos de veículos, Material:
Plástico, vidro e metal, caixa de papelão",,,,,,,cadastro_fotos/366.png
367,Freewheel for 4x4 vehicles,Manutenção automotiva,"Tianmen Fengcheng Trading Co. Ltd.
",82.23,24.0,,"Roda livre para veículos 4x4, Material: Metal, caixa de papelão",,,,25/03/2026 12:53,367,SKU 367,367,"1500170 
SKU: 367",Freewheel for 4x4 vehicles,"Freewheel for 4x4 vehicles,  Material:Metal, cardboard box","Roda livre para veículos 4x4, Material: Metal, caixa de papelão", Material:Metal,Material: Metal,cardboard box,caixa de papelão,,,,0.0,,Individual Size xxCM,Manutenção automotiva,Em veículos automotores compatíveis,Revenda online,"160 - CHINA, REPÚBLICA POPULAR","Tianmen Fengcheng Trading Co. Ltd.
","Tianmen Fengcheng Trading Co. Ltd.
","Jingling Street, E-Commerce Industrial Park",S/N,Tianmen,Room 301,Hubei Province,Roda livre para veículos 4x4,"Roda livre para veículos 4x4, Material: Metal, caixa de papelão",,,,,82.23,24.0,cadastro_fotos/367.png
367-K,Pair of free-rolling wheels for 4x4 vehicles.,Manutenção automotiva,"Tianmen Fengcheng Trading Co. Ltd.
",147.7,24.0,,Conjunto de rodas livres para veículos 4x4. Material: Metal. Dimensões individuais: 17x9x9cm. Embalagem: Caixa de papelão.,,,,25/03/2026 12:53,367-K,SKU 367-K,367-K,SKU 367-K,Pair of free-rolling wheels for 4x4 vehicles.,"Pair of free-rolling wheels for 4x4 vehicles.,  Material:Metal, Individual Size 17x9x9CM, cardboard box",Conjunto de rodas livres para veículos 4x4. Material: Metal. Dimensões individuais: 17x9x9cm. Embalagem: Caixa de papelão., Material:Metal,Material: Metal,cardboard box,caixa de papelão,17.0,9.0,9.0,0.001377,9,Individual Size 17x9x9CM,Manutenção automotiva,Em veículos automotores compatíveis,Revenda online,"160 - CHINA, REPÚBLICA POPULAR","Tianmen Fengcheng Trading Co. Ltd.
","Tianmen Fengcheng Trading Co. Ltd.
","Jingling Street, E-Commerce Industrial Park",S/N,Tianmen,Room 301,Hubei Province,Conjunto de rodas de rolamento livre para veículos 4x4.,Conjunto de rodas livres para veículos 4x4. Material: Metal. Dimensões individuais: 17x9x9cm. Embalagem: Caixa de papelão.,,,,,147.7,24.0,cadastro_fotos/367-K.png
368,Idle Speed Actuator for vehicle,Manutenção automotiva,"Tianmen Fengcheng Trading Co. Ltd.
",90.78,24.0,,"Atuador de marcha lenta para veículos, Material: Metal e borracha, Tamanho individual 14x6x5CM, caixa de papelão",,,,25/03/2026 12:53,368,SKU 368,368,SKU 368,Idle Speed Actuator for vehicle,"Idle Speed Actuator for vehicle,  Material: Metal and rubber, Individual Size 14x6x5CM, cardboard box","Atuador de marcha lenta para veículos, Material: Metal e borracha, Tamanho individual 14x6x5CM, caixa de papelão", Material: Metal and rubber,Material: Metal e borracha,cardboard box,caixa de papelão,14.0,6.0,5.0,0.00042,225,Individual Size 14x6x5CM,Manutenção automotiva,Em veículos automotores compatíveis,Revenda online,"160 - CHINA, REPÚBLICA POPULAR","Tianmen Fengcheng Trading Co. Ltd.
","Tianmen Fengcheng Trading Co. Ltd.
","Jingling Street, E-Commerce Industrial Park",S/N,Tianmen,Room 301,Hubei Province,Atuador de marcha lenta para veículos,"Atuador de marcha lenta para veículos, Material: Metal e borracha, Tamanho individual 14x6x5CM, caixa de papelão",,,,,90.78,24.0,cadastro_fotos/368.png
369,Vehicle water pump bypass pipe,Manutenção automotiva,"Tianmen Fengcheng Trading Co. Ltd.
",27.39,24.0,,"Tubo de desvio da bomba de água do veículo, Material: Metal, caixa de papelão",MLB2139730005,MLB2139730005|MLB3569981471|MLB4007049949,3.0,25/03/2026 12:53,369,SKU 369,369,SKU 369,Vehicle water pump bypass pipe,"Vehicle water pump bypass pipe,  Material:Metal, cardboard box","Tubo de desvio da bomba de água do veículo, Material: Metal, caixa de papelão", Material:Metal,Material: Metal,cardboard box,caixa de papelão,,,,0.0,,Individual Size xxCM,Manutenção automotiva,Em veículos automotores compatíveis,Revenda online,"160 - CHINA, REPÚBLICA POPULAR","Tianmen Fengcheng Trading Co. Ltd.
","Tianmen Fengcheng Trading Co. Ltd.
","Jingling Street, E-Commerce Industrial Park",S/N,Tianmen,Room 301,Hubei Province,Tubo de desvio da bomba de água do veículo,"Tubo de desvio da bomba de água do veículo, Material: Metal, caixa de papelão",Tubo Bypass Bomba De Agua Grand Cherokee 3.0 V6 Diesel 2015 || Tubo Bypass Bomba De Agua Grand Cherokee 3.0 V6 Diesel 2015 Preto || Tubo De Agua Da Grand Cherokee E Dodge Ram 3.0 V6 2013-2019,7895139519287|7895141635227,"R$ 16,45|R$ 18,45",Clássico|Premium,27.39,24.0,cadastro_fotos/369.png
37,Automatic Transmission Speed Sensor for Vehicle,Manutenção automotiva,"Tianmen Fengcheng Trading Co. Ltd.
",23.98,24.0,,"Sensor de velocidade de transmissão automática para veículos, Material: Plástico e metal, Tamanho individual 9x9,5x4cm, caixa de papelão",MLB1985747751,MLB1985747751|MLB1985755395|MLB3556439077,3.0,25/03/2026 12:53,37,SKU 37,37,"01M927321B
SKU:37",Automatic Transmission Speed Sensor for Vehicle,"Automatic Transmission Speed Sensor for Vehicle, Material: Plastic and metal., Individual Size 9x9,5x4CM, cardboard box","Sensor de velocidade de transmissão automática para veículos, Material: Plástico e metal, Tamanho individual 9x9,5x4cm, caixa de papelão",Material: Plastic and metal.,Material: Plástico e metal.,cardboard box,caixa de papelão,9.0,9.5,4.0,0.000342,56,"Individual Size 9x9,5x4CM",Manutenção automotiva,Em veículos automotores compatíveis,Revenda online,"160 - CHINA, REPÚBLICA POPULAR","Tianmen Fengcheng Trading Co. Ltd.
","Tianmen Fengcheng Trading Co. Ltd.
","Jingling Street, E-Commerce Industrial Park",S/N,Tianmen,Room 301,Hubei Province,Sensor de velocidade de transmissão automática para veículos,"Sensor de velocidade de transmissão automática para veículos, Material: Plástico e metal, Tamanho individual 9x9,5x4cm, caixa de papelão",Sensor De Rotação Câmbio Automático A3 Golf Bora 01m9027321b || Sensor De Velocidade Audi/vw A3/golf Cambio Automatico 01m || Sensor G68 Cambio 01m Audi A3 1.8 Golf Bora New Beetle 2.0,"7895141634640,7895141635449|7895141634657|7895141635449","R$ 16,45|R$ 7,75",Clássico|Premium,23.98,24.0,cadastro_fotos/37.png
371,Vehicle radiator connection flange plus cover,Manutenção automotiva,"Tianmen Fengcheng Trading Co. Ltd.
",24.0,24.0,,"Flange de conexão do radiador do veículo com tampa, Material:
Plástico e metal, caixa de papelão",MLB2170238955,MLB2170238955|MLB2170257124|MLB4375783552|MLB4375795068,4.0,25/03/2026 12:53,371,SKU 371,371,SKU 371,Vehicle radiator connection flange plus cover,"Vehicle radiator connection flange plus cover,  Material:
Plastic and metal, cardboard box","Flange de conexão do radiador do veículo com tampa, Material:
Plástico e metal, caixa de papelão"," Material:
Plastic and metal","Material:
Plástico e metal",cardboard box,caixa de papelão,,,,0.0,,Individual Size xxCM,Manutenção automotiva,Em veículos automotores compatíveis,Revenda online,"160 - CHINA, REPÚBLICA POPULAR","Tianmen Fengcheng Trading Co. Ltd.
","Tianmen Fengcheng Trading Co. Ltd.
","Jingling Street, E-Commerce Industrial Park",S/N,Tianmen,Room 301,Hubei Province,Flange de conexão do radiador do veículo mais tampa,"Flange de conexão do radiador do veículo com tampa, Material:
Plástico e metal, caixa de papelão",Tampa + Flange Conexão Radiador Freemont 2.4 Dodge Journey || Tubo Conexão Mangueira Radiador Freemont 2.4 2012 2013 2014 || Tubo Conexão Mangueira Radiador Freemont 2.4 2012/ C/ Tampa,7895141623217|7895141635234|7895141635241,"R$ 12,35|R$ 7,85|R$ 7,95",Clássico|Premium,24.0,24.0,cadastro_fotos/371.png
372,Vehicle Radiator Connection Flange plus cover,Manutenção automotiva,"Tianmen Fengcheng Trading Co. Ltd.
",32.03,24.0,,"Flange de conexão do radiador do veículo com tampa, Material: Plástico, caixa de papelão",,,,25/03/2026 12:53,372,SKU 372,372,SKU 372,Vehicle Radiator Connection Flange plus cover,"Vehicle Radiator Connection Flange plus cover, Material: Plastic , cardboard box","Flange de conexão do radiador do veículo com tampa, Material: Plástico, caixa de papelão",Material: Plastic ,Material: Plástico,cardboard box,caixa de papelão,,,,0.0,,Individual Size xxCM,Manutenção automotiva,Em veículos automotores compatíveis,Revenda online,"160 - CHINA, REPÚBLICA POPULAR","Tianmen Fengcheng Trading Co. Ltd.
","Tianmen Fengcheng Trading Co. Ltd.
","Jingling Street, E-Commerce Industrial Park",S/N,Tianmen,Room 301,Hubei Province,Flange de conexão do radiador do veículo com tampa,"Flange de conexão do radiador do veículo com tampa, Material: Plástico, caixa de papelão",,,,,32.03,24.0,cadastro_fotos/372.png
373,,,,226.49,24.0,,,MLB2162495353,MLB2162495353|MLB6142218880|MLB6142841484,3.0,25/03/2026 12:53,373,,,,,,,,,,,,,,,,,,,,,,,,,,,,,,Carcaça E Válvula Termostática Freemont 2.4 Compass 2.0 || Carcaça E Válvula Termostática Freemont 2.4 E Compass 2.0,7895141634701,"R$ 24,65",Clássico,226.49,24.0,
374-1,"Lower vehicle bumper grille, Rigth side",Manutenção automotiva,"Tianmen Fengcheng Trading Co. Ltd.
",20.52,24.0,,"Grade inferior do para-choque do veículo, lado direito, Material: Plástico, embalagem plástica",-,-,1.0,25/03/2026 12:53,374-1,SKU 374-1,374-1,SKU 374-1,"Lower vehicle bumper grille, Rigth side","Lower vehicle bumper grille, Rigth side, Material: Plastic , plastic bag","Grade inferior do para-choque do veículo, lado direito, Material: Plástico, embalagem plástica",Material: Plastic ,Material: Plástico,plastic bag,saco plástico,,,,0.0,,Individual Size xxCM,Manutenção automotiva,Em veículos automotores compatíveis,Revenda online,"160 - CHINA, REPÚBLICA POPULAR","Tianmen Fengcheng Trading Co. Ltd.
","Tianmen Fengcheng Trading Co. Ltd.
","Jingling Street, E-Commerce Industrial Park",S/N,Tianmen,Room 301,Hubei Province,"Grade inferior do para-choque do veículo, lado direito","Grade inferior do para-choque do veículo, lado direito, Material: Plástico, embalagem plástica",-,"7895141622470,7895141622500",-,-,20.52,24.0,cadastro_fotos/374-1.png
374-2,"Lower vehicle bumper grille, Left side",Manutenção automotiva,"Tianmen Fengcheng Trading Co. Ltd.
",20.52,24.0,,"Grade inferior do para-choque do veículo, lado esquerdo, Material: Plástico, embalagem plástica",-,-,1.0,25/03/2026 12:53,374-2,SKU 374-2,374-2,SKU 374-2,"Lower vehicle bumper grille, Left side","Lower vehicle bumper grille, Left side, Material: Plastic , plastic bag","Grade inferior do para-choque do veículo, lado esquerdo, Material: Plástico, embalagem plástica",Material: Plastic ,Material: Plástico,plastic bag,saco plástico,,,,0.0,,Individual Size xxCM,Manutenção automotiva,Em veículos automotores compatíveis,Revenda online,"160 - CHINA, REPÚBLICA POPULAR","Tianmen Fengcheng Trading Co. Ltd.
","Tianmen Fengcheng Trading Co. Ltd.
","Jingling Street, E-Commerce Industrial Park",S/N,Tianmen,Room 301,Hubei Province,"Grade inferior do para-choque do veículo, lado esquerdo","Grade inferior do para-choque do veículo, lado esquerdo, Material: Plástico, embalagem plástica",-,"7895141622494,7895141622517",-,-,20.52,24.0,cadastro_fotos/374-2.png
374-K,Pair of lower grilles for the vehicle bumper.,Manutenção automotiva,"Tianmen Fengcheng Trading Co. Ltd.
",99.3,24.0,,Conjunto de duas grades inferiores para o para-choque do veículo. Material: Plástico. Embalagem: Saco plástico.,MLB2158551122,MLB2158551122|MLB2158557475|MLB3943739679,3.0,25/03/2026 12:53,374-K,SKU 374-K,374-K,SKU 374-K,Pair of lower grilles for the vehicle bumper.,"Pair of lower grilles for the vehicle bumper., Material: Plastic , plastic bag",Conjunto de duas grades inferiores para o para-choque do veículo. Material: Plástico. Embalagem: Saco plástico.,Material: Plastic ,Material: Plástico,plastic bag,saco plástico,,,,0.0,,Individual Size xxCM,Manutenção automotiva,Em veículos automotores compatíveis,Revenda online,"160 - CHINA, REPÚBLICA POPULAR","Tianmen Fengcheng Trading Co. Ltd.
","Tianmen Fengcheng Trading Co. Ltd.
","Jingling Street, E-Commerce Industrial Park",S/N,Tianmen,Room 301,Hubei Province,Conjunto de duas grades inferiores para o para-choque do veículo.,Conjunto de duas grades inferiores para o para-choque do veículo. Material: Plástico. Embalagem: Saco plástico.,Grade Inferior Farol Milha Bmw  Par 320i 325i 330i E-90 Ambos Lados || Par Grade Farol Milha Bmw Serie 3 320i 2008 2010 2011 2012 Ambos Lados || Par Moldura Parachoque Bmw 318i 320i 325i 2009 Até 2012 Ambos Lados,7895141622487|7895141650695,"R$ 23,65|R$ 24,65|R$ 28,35",Premium,99.3,24.0,cadastro_fotos/374-K.png
375-1,LED Signal Lights for Sorento,Manutenção automotiva,"Tianmen Fengcheng Trading Co. Ltd.
",45.07,24.0,,"Luzes de sinalização LED para Sorento, Material: Plástico e metal, Tamanho individual 24x5x6CM, caixa de papelão",-,-,1.0,25/03/2026 12:53,375-1,SKU 375-1,375-1,SKU 375-1,LED Signal Lights for Sorento,"LED Signal Lights for Sorento, Material: Plastic e metal, Individual Size 24x5x6CM, cardboard box","Luzes de sinalização LED para Sorento, Material: Plástico e metal, Tamanho individual 24x5x6CM, caixa de papelão",Material: Plastic e metal,Material: Plástico e metal,cardboard box,caixa de papelão,24.0,5.0,6.0,0.00072,1,Individual Size 24x5x6CM,Manutenção automotiva,Em veículos automotores compatíveis,Revenda online,"160 - CHINA, REPÚBLICA POPULAR","Tianmen Fengcheng Trading Co. Ltd.
","Tianmen Fengcheng Trading Co. Ltd.
","Jingling Street, E-Commerce Industrial Park",S/N,Tianmen,Room 301,Hubei Province,Luzes de sinalização LED para Sorento,"Luzes de sinalização LED para Sorento, Material: Plástico e metal, Tamanho individual 24x5x6CM, caixa de papelão",-,7895141623248,-,-,45.07,24.0,cadastro_fotos/375-1.png
375-2,LED Signal Lights for Sorento,Manutenção automotiva,"Tianmen Fengcheng Trading Co. Ltd.
",45.13,24.0,,"Luzes de sinalização LED para Sorento, Material: Plástico e metal, caixa de papelão",-,-,1.0,25/03/2026 12:53,375-2,SKU 375-2,375-2,SKU 375-2,LED Signal Lights for Sorento,"LED Signal Lights for Sorento, Material: Plastic e metal, cardboard box","Luzes de sinalização LED para Sorento, Material: Plástico e metal, caixa de papelão",Material: Plastic e metal,Material: Plástico e metal,cardboard box,caixa de papelão,,,,0.0,,Individual Size xxCM,Manutenção automotiva,Em veículos automotores compatíveis,Revenda online,"160 - CHINA, REPÚBLICA POPULAR","Tianmen Fengcheng Trading Co. Ltd.
","Tianmen Fengcheng Trading Co. Ltd.
","Jingling Street, E-Commerce Industrial Park",S/N,Tianmen,Room 301,Hubei Province,Luzes de sinalização LED para Sorento,"Luzes de sinalização LED para Sorento, Material: Plástico e metal, caixa de papelão",-,7895141623255,-,-,45.13,24.0,cadastro_fotos/375-2.png
375-K,Pair of LED indicator lights for Sorento,Manutenção automotiva,"Tianmen Fengcheng Trading Co. Ltd.
",,,,"Par de luzes indicadoras de LED para Sorento, Material: Plástico e metal, Tamanho individual 24x5x6CM, caixa de papelão",,,,25/03/2026 12:53,375-K,SKU 375-K,375-K,SKU 375-K,Pair of LED indicator lights for Sorento,"Pair of LED indicator lights for Sorento, Material: Plastic e metal, Individual Size 24x5x6CM, cardboard box","Par de luzes indicadoras de LED para Sorento, Material: Plástico e metal, Tamanho individual 24x5x6CM, caixa de papelão",Material: Plastic e metal,Material: Plástico e metal,cardboard box,caixa de papelão,24.0,5.0,6.0,0.00072,0,Individual Size 24x5x6CM,Manutenção automotiva,Em veículos automotores compatíveis,Revenda online,"160 - CHINA, REPÚBLICA POPULAR","Tianmen Fengcheng Trading Co. Ltd.
","Tianmen Fengcheng Trading Co. Ltd.
","Jingling Street, E-Commerce Industrial Park",S/N,Tianmen,Room 301,Hubei Province,Par de luzes indicadoras de LED para Sorento,"Par de luzes indicadoras de LED para Sorento, Material: Plástico e metal, Tamanho individual 24x5x6CM, caixa de papelão",,,,,,,cadastro_fotos/375-K.png
376,Boat Outboard Engine Ignition Coil,Manutenção automotiva,"Tianmen Fengcheng Trading Co. Ltd.
",88.81,24.0,,"Bobina de Ignição para Motor de Popa de Barco, Material:
Plástico e metal, Tamanho individual 12x10x9CM, caixa de papelão",,,,25/03/2026 12:53,376,SKU 376,376,SKU 376,Boat Outboard Engine Ignition Coil,"Boat Outboard Engine Ignition Coil,  Material:
Plastic and metal, Individual Size 12x10x9CM, cardboard box","Bobina de Ignição para Motor de Popa de Barco, Material:
Plástico e metal, Tamanho individual 12x10x9CM, caixa de papelão"," Material:
Plastic and metal","Material:
Plástico e metal",cardboard box,caixa de papelão,12.0,10.0,9.0,0.00108,345,Individual Size 12x10x9CM,Manutenção automotiva,Em veículos automotores compatíveis,Revenda online,"160 - CHINA, REPÚBLICA POPULAR","Tianmen Fengcheng Trading Co. Ltd.
","Tianmen Fengcheng Trading Co. Ltd.
","Jingling Street, E-Commerce Industrial Park",S/N,Tianmen,Room 301,Hubei Province,Bobina de ignição do motor de popa de barco,"Bobina de Ignição para Motor de Popa de Barco, Material:
Plástico e metal, Tamanho individual 12x10x9CM, caixa de papelão",,,,,88.81,24.0,cadastro_fotos/376.png
377-2,Underwater light for boats and motorboats 27 LEDs,Acessórios para embarcações,"Tianmen Fengcheng Trading Co. Ltd.
",40.38,24.0,,"Luz subaquática para barcos e lanchas com 27 LEDs, Material:
Plástico e metal, caixa de papelão",-,-,1.0,25/03/2026 12:53,377-2,SKU 377-2,377-2,SKU 377-2,Underwater light for boats and motorboats 27 LEDs,"Underwater light for boats and motorboats 27 LEDs,  Material:
Plastic and metal, cardboard box","Luz subaquática para barcos e lanchas com 27 LEDs, Material:
Plástico e metal, caixa de papelão"," Material:
Plastic and metal","Material:
Plástico e metal",cardboard box,caixa de papelão,,,,0.0,,Individual Size xxCM,Acessórios para embarcações,Uso em emabarcações,Revenda online,"160 - CHINA, REPÚBLICA POPULAR","Tianmen Fengcheng Trading Co. Ltd.
","Tianmen Fengcheng Trading Co. Ltd.
","Jingling Street, E-Commerce Industrial Park",S/N,Tianmen,Room 301,Hubei Province,Luz subaquática para barcos e lanchas com 27 LEDs.,"Luz subaquática para barcos e lanchas com 27 LEDs, Material:
Plástico e metal, caixa de papelão",-,"789123400224,7895141623286|7895141638068|7895141638099",-,-,40.38,24.0,cadastro_fotos/377-2.png
377-4,Underwater light for boats and motorboats 27 LEDs,Acessórios para embarcações,"Tianmen Fengcheng Trading Co. Ltd.
",39.75,24.0,,"Luz subaquática para barcos e lanchas com 27 LEDs, Material:
Plástico e metal, caixa de plástico",-,-,1.0,25/03/2026 12:53,377-4,SKU 377-4,377-4,SKU 377-4,Underwater light for boats and motorboats 27 LEDs,"Underwater light for boats and motorboats 27 LEDs,  Material:
Plastic and metal, plastic box","Luz subaquática para barcos e lanchas com 27 LEDs, Material:
Plástico e metal, caixa de plástico"," Material:
Plastic and metal","Material:
Plástico e metal",plastic box,caixa de plástico,,,,0.0,,Individual Size xxCM,Acessórios para embarcações,Uso em emabarcações,Revenda online,"160 - CHINA, REPÚBLICA POPULAR","Tianmen Fengcheng Trading Co. Ltd.
","Tianmen Fengcheng Trading Co. Ltd.
","Jingling Street, E-Commerce Industrial Park",S/N,Tianmen,Room 301,Hubei Province,Luz subaquática para barcos e lanchas com 27 LEDs.,"Luz subaquática para barcos e lanchas com 27 LEDs, Material:
Plástico e metal, caixa de plástico",-,7895141623293|7895141638075|7895141638105,-,-,39.75,24.0,cadastro_fotos/377-4.png
377-4-K,,,,81.68,24.0,,,MLB2176999312,MLB2176999312|MLB3585879941|MLB4775238928|MLB4775303244,4.0,25/03/2026 12:53,377-4-K,,,,,,,,,,,,,,,,,,,,,,,,,,,,,,Kit 2 Luz Subaquática Popa Lancha Barco 27 Led Ip68 Azul || Par De Luz Lâmpada Subaquática Azul 27 Leds Lancha Barco || Par De Luz Lâmpada Subaquática Azul 27 Leds Lancha Jet Ski.,7895141635890|7895141650343,"R$ 20,95|R$ 22,55|R$ 23,65",Premium,81.68,24.0,
377-4K,,,,73.68,24.0,,,,,,25/03/2026 12:53,377-4K,,,,,,,,,,,,,,,,,,,,,,,,,,,,,,,,,,73.68,24.0,
379,O-ring and hose clips 14463-5X04B,Manutenção automotiva,"Tianmen Fengcheng Trading Co. Ltd.
",,,,"Anel de vedação e abraçadeiras 14463-5X04B, Material:
Plástico e metal, saco plástico",,,,25/03/2026 12:53,379,SKU 379,379,"14463-5X04B
Clips SKU:379",O-ring and hose clips 14463-5X04B,"O-ring and hose clips 14463-5X04B,  Material:
Plastic and metal, plastic bag","Anel de vedação e abraçadeiras 14463-5X04B, Material:
Plástico e metal, saco plástico"," Material:
Plastic and metal","Material:
Plástico e metal",plastic bag,saco plástico,,,,0.0,,Individual Size xxCM,Manutenção automotiva,Em veículos automotores compatíveis,Revenda online,"160 - CHINA, REPÚBLICA POPULAR","Tianmen Fengcheng Trading Co. Ltd.
","Tianmen Fengcheng Trading Co. Ltd.
","Jingling Street, E-Commerce Industrial Park",S/N,Tianmen,Room 301,Hubei Province,Anel de vedação e abraçadeiras 14463-5X04B,"Anel de vedação e abraçadeiras 14463-5X04B, Material:
Plástico e metal, saco plástico",,,,,,,cadastro_fotos/379.png
379-1,Hose seal ring 14463-5X04B,Manutenção automotiva,"Tianmen Fengcheng Trading Co. Ltd.
",8.1,24.0,,"Anel de vedação para mangueira 14463-5X04B, Material: Borracha, saco plástico",MLB2162528000,MLB2162528000|MLB3287567729|MLB5374329122,3.0,25/03/2026 12:53,379-1,SKU 379-1,379-1,SKU 379-1,Hose seal ring 14463-5X04B,"Hose seal ring 14463-5X04B, Material: Rubber, plastic bag","Anel de vedação para mangueira 14463-5X04B, Material: Borracha, saco plástico",Material: Rubber,Material: Borracha,plastic bag,saco plástico,,,,0.0,,Individual Size xxCM,Manutenção automotiva,Em veículos automotores compatíveis,Revenda online,"160 - CHINA, REPÚBLICA POPULAR","Tianmen Fengcheng Trading Co. Ltd.
","Tianmen Fengcheng Trading Co. Ltd.
","Jingling Street, E-Commerce Industrial Park",S/N,Tianmen,Room 301,Hubei Province,Anel de vedação da mangueira 14463-5X04B,"Anel de vedação para mangueira 14463-5X04B, Material: Borracha, saco plástico",Anéis Vedação Mangueira Intercooler Frontier 2.3 Lado Esquer Preto || Kit Anéis Vedação Da Mangueira Intercooler Frontier 2.5 190 || Kit Anéis Vedação Da Mangueira Intercooler Frontier 2.5 190  Preto,"7895141623149,7895141623118","R$ 20,95|R$ 7,75",Clássico,8.1,24.0,cadastro_fotos/379-1.png
379-2,Clips Intercooler 14463-5X04B'',Manutenção automotiva,"Tianmen Fengcheng Trading Co. Ltd.
",8.1,24.0,,"Clips para Intercooler 14463-5X04B'', Material: Metal, embalagem plástica",,,,25/03/2026 12:53,379-2,SKU 379-2,379-2,SKU 379-2,Clips Intercooler 14463-5X04B'',"Clips Intercooler 14463-5X04B'', Material: Metal, plastic bag","Clips para Intercooler 14463-5X04B'', Material: Metal, embalagem plástica",Material: Metal,Material: Metal,plastic bag,saco plástico,,,,0.0,,Individual Size xxCM,Manutenção automotiva,Em veículos automotores compatíveis,Revenda online,"160 - CHINA, REPÚBLICA POPULAR","Tianmen Fengcheng Trading Co. Ltd.
","Tianmen Fengcheng Trading Co. Ltd.
","Jingling Street, E-Commerce Industrial Park",S/N,Tianmen,Room 301,Hubei Province,Clips do Intercooler 14463-5X04B'',"Clips para Intercooler 14463-5X04B'', Material: Metal, embalagem plástica",,,,,8.1,24.0,cadastro_fotos/379-2.png
379-3,O-ring and hose clips 14463-5X04B,Manutenção automotiva,"Tianmen Fengcheng Trading Co. Ltd.
",16.2,24.0,,"Anel de vedação e abraçadeiras 14463-5X04B, Material: Metal e borracha, embalagem plástica",,,,25/03/2026 12:53,379-3,SKU 379-3,379-3,SKU 379-3,O-ring and hose clips 14463-5X04B,"O-ring and hose clips 14463-5X04B, Material: Metal and rubber, plastic bag","Anel de vedação e abraçadeiras 14463-5X04B, Material: Metal e borracha, embalagem plástica",Material: Metal and rubber,Material: Metal e borracha,plastic bag,saco plástico,,,,0.0,,Individual Size xxCM,Manutenção automotiva,Em veículos automotores compatíveis,Revenda online,"160 - CHINA, REPÚBLICA POPULAR","Tianmen Fengcheng Trading Co. Ltd.
","Tianmen Fengcheng Trading Co. Ltd.
","Jingling Street, E-Commerce Industrial Park",S/N,Tianmen,Room 301,Hubei Province,Anel de vedação e abraçadeiras 14463-5X04B,"Anel de vedação e abraçadeiras 14463-5X04B, Material: Metal e borracha, embalagem plástica",,,,,16.2,24.0,cadastro_fotos/379-3.png
379-4,Clips Intercooler 14463-5X04B,Manutenção automotiva,"Tianmen Fengcheng Trading Co. Ltd.
",4.05,24.0,,"Clips para Intercooler 14463-5X04B, Material: Metal, embalagem plástica",,,,25/03/2026 12:53,379-4,SKU 379-4,379-4,SKU 379-4,Clips Intercooler 14463-5X04B,"Clips Intercooler 14463-5X04B, Material: Metal, plastic bag","Clips para Intercooler 14463-5X04B, Material: Metal, embalagem plástica",Material: Metal,Material: Metal,plastic bag,saco plástico,,,,0.0,,Individual Size xxCM,Manutenção automotiva,Em veículos automotores compatíveis,Revenda online,"160 - CHINA, REPÚBLICA POPULAR","Tianmen Fengcheng Trading Co. Ltd.
","Tianmen Fengcheng Trading Co. Ltd.
","Jingling Street, E-Commerce Industrial Park",S/N,Tianmen,Room 301,Hubei Province,Clips do Intercooler 14463-5X04B,"Clips para Intercooler 14463-5X04B, Material: Metal, embalagem plástica",,,,,4.05,24.0,cadastro_fotos/379-4.png
379-5,O-ring and hose clips 14463-5X04B,Manutenção automotiva,"Tianmen Fengcheng Trading Co. Ltd.
",16.2,24.0,,"Anel de vedação e abraçadeiras 14463-5X04B, Material: Metal e borracha, embalagem plástica",,,,25/03/2026 12:53,379-5,SKU 379-5,379-5,SKU 379-5,O-ring and hose clips 14463-5X04B,"O-ring and hose clips 14463-5X04B, Material: Metal and rubber, plastic bag","Anel de vedação e abraçadeiras 14463-5X04B, Material: Metal e borracha, embalagem plástica",Material: Metal and rubber,Material: Metal e borracha,plastic bag,saco plástico,,,,0.0,,Individual Size xxCM,Manutenção automotiva,Em veículos automotores compatíveis,Revenda online,"160 - CHINA, REPÚBLICA POPULAR","Tianmen Fengcheng Trading Co. Ltd.
","Tianmen Fengcheng Trading Co. Ltd.
","Jingling Street, E-Commerce Industrial Park",S/N,Tianmen,Room 301,Hubei Province,Anel de vedação e abraçadeiras 14463-5X04B,"Anel de vedação e abraçadeiras 14463-5X04B, Material: Metal e borracha, embalagem plástica",,,,,16.2,24.0,cadastro_fotos/379-5.png
380,Universal switch with 5 keys led voltmeter 2 USB and 12 V charger,Acessórios para embarcações,"Tianmen Fengcheng Trading Co. Ltd.
",80.19,24.0,,"Interruptor universal com 5 teclas, voltímetro LED, 2 portas USB e carregador de 12 V. Material: Plástico e metal. Dimensões individuais: 15 x 10,5 x 8,5 cm. Embalagem em caixa de papelão.",MLB2179970413,MLB2179970413|MLB2179982700|MLB2179988899|MLB2180006875|MLB3374664285,5.0,25/03/2026 12:53,380,SKU 380,380,"SPA-9 
SKU: 380",Universal switch with 5 keys led voltmeter 2 USB and 12 V charger,"Universal switch with 5 keys led voltmeter 2 USB and 12 V charger, Material: Plastic and metal, Individual Size 15x10,5x8,5CM, cardboard box","Interruptor universal com 5 teclas, voltímetro LED, 2 portas USB e carregador de 12 V. Material: Plástico e metal. Dimensões individuais: 15 x 10,5 x 8,5 cm. Embalagem em caixa de papelão.",Material: Plastic and metal,Material: Plástico e metal,cardboard box,caixa de papelão,15.0,10.5,8.5,0.00133875,,"Individual Size 15x10,5x8,5CM",Acessórios para embarcações,Uso em emabarcações,Revenda online,"160 - CHINA, REPÚBLICA POPULAR","Tianmen Fengcheng Trading Co. Ltd.
","Tianmen Fengcheng Trading Co. Ltd.
","Jingling Street, E-Commerce Industrial Park",S/N,Tianmen,Room 301,Hubei Province,"Interruptor universal com 5 teclas, voltímetro LED, 2 portas USB e carregador de 12 V.","Interruptor universal com 5 teclas, voltímetro LED, 2 portas USB e carregador de 12 V. Material: Plástico e metal. Dimensões individuais: 15 x 10,5 x 8,5 cm. Embalagem em caixa de papelão.",Painel Elétrico 5 Botões Usb Voltímetro Tomada Gptrend || Painel Elétrico 5 Chaves 2 Usb Com Voltímetro Lancha Barco,789123400224|7895141623323,"R$ 22,55",Clássico|Premium,80.19,24.0,cadastro_fotos/380.png
381,Electrical Panel 6 USB Keys for boats and boats,Acessórios para embarcações,"Tianmen Fengcheng Trading Co. Ltd.
",143.97,24.0,,"Painel elétrico com 6 chaves USB para barcos e embarcações, Material: Plástico e metal, Tamanho individual 20x13x12CM, caixa de papelão",MLB4354242764,MLB4354242764,1.0,25/03/2026 12:53,381,SKU 381,381,SKU 381,Electrical Panel 6 USB Keys for boats and boats,"Electrical Panel 6 USB Keys for boats and boats, Material: Plastic and metal, Individual Size 20x13x12CM, cardboard box","Painel elétrico com 6 chaves USB para barcos e embarcações, Material: Plástico e metal, Tamanho individual 20x13x12CM, caixa de papelão",Material: Plastic and metal,Material: Plástico e metal,cardboard box,caixa de papelão,20.0,13.0,12.0,0.00312,44,Individual Size 20x13x12CM,Acessórios para embarcações,Uso em emabarcações,Revenda online,"160 - CHINA, REPÚBLICA POPULAR","Tianmen Fengcheng Trading Co. Ltd.
","Tianmen Fengcheng Trading Co. Ltd.
","Jingling Street, E-Commerce Industrial Park",S/N,Tianmen,Room 301,Hubei Province,Painel elétrico com 6 chaves USB para barcos e embarcações.,"Painel elétrico com 6 chaves USB para barcos e embarcações, Material: Plástico e metal, Tamanho individual 20x13x12CM, caixa de papelão","Painel Elétrico De Led 6 Botões Usb Para Barcos, Lanchas.",7895141623330,"R$ 22,55",Premium,143.97,24.0,cadastro_fotos/381.png
382,Fuel pump for outboard engines,Acessórios para embarcações,"Tianmen Fengcheng Trading Co. Ltd.
",34.33,24.0,,"Bomba de combustível para motores de popa, Material: Plástico e metal, Tamanho individual 7x7x7cm, caixa de papelão",,,,25/03/2026 12:53,382,SKU 382,382,"397839
SKU:382",Fuel pump for outboard engines ,"Fuel pump for outboard engines ,  Material: Plastic and metal. , Individual Size 7x7x7CM, cardboard box","Bomba de combustível para motores de popa, Material: Plástico e metal, Tamanho individual 7x7x7cm, caixa de papelão", Material: Plastic and metal. ,Material: Plástico e metal.,cardboard box,caixa de papelão,7.0,7.0,7.0,0.000343,1,Individual Size 7x7x7CM,Acessórios para embarcações,Uso em emabarcações,Revenda online,"160 - CHINA, REPÚBLICA POPULAR","Tianmen Fengcheng Trading Co. Ltd.
","Tianmen Fengcheng Trading Co. Ltd.
","Jingling Street, E-Commerce Industrial Park",S/N,Tianmen,Room 301,Hubei Province,Bomba de combustível para motores de popa,"Bomba de combustível para motores de popa, Material: Plástico e metal, Tamanho individual 7x7x7cm, caixa de papelão",,,,,34.33,24.0,cadastro_fotos/382.png
384,Intercooler hose for vehicles 14463-5X04B,Manutenção automotiva,"Tianmen Fengcheng Trading Co. Ltd.
",116.99,24.0,,"Mangueira do intercooler para veículos 14463-5X04B, Material: Borracha, Tamanho individual 32x16x7CM, embalagem plástica",MLB2696135527,MLB2696135527|MLB2696135528|MLB2696185988|MLB3125546946|MLB4750056848,5.0,25/03/2026 12:53,384,SKU 384,384,"SKU:384
14463-5X04B ",Intercooler hose for vehicles 14463-5X04B,"Intercooler hose for vehicles 14463-5X04B, Material: Rubber, Individual Size 32x16x7CM, plastic bag","Mangueira do intercooler para veículos 14463-5X04B, Material: Borracha, Tamanho individual 32x16x7CM, embalagem plástica",Material: Rubber,Material: Borracha,plastic bag,saco plástico,32.0,16.0,7.0,0.003584,662,Individual Size 32x16x7CM,Manutenção automotiva,Em veículos automotores compatíveis,Revenda online,"160 - CHINA, REPÚBLICA POPULAR","Tianmen Fengcheng Trading Co. Ltd.
","Tianmen Fengcheng Trading Co. Ltd.
","Jingling Street, E-Commerce Industrial Park",S/N,Tianmen,Room 301,Hubei Province,Mangueira do intercooler para veículos 14463-5X04B,"Mangueira do intercooler para veículos 14463-5X04B, Material: Borracha, Tamanho individual 32x16x7CM, embalagem plástica","Mangueira Do Intercooler À Turbina Frontier 190cv Ano 2013/  Preto || Mangueira Intercooler A Turbina Frontier  190cv 144635x02b Preto || Mangueira Intercooler Turbina Frontier 2013 2014 2015 2016  Preto || Mangueira Turbina Frontier 2012 A 2016, Nova Importada || Tubo Duto Intercooler Turbina Frontier 2013 2014 2015 2016 Preto",7895141627017|7895141631830|7895141631960,"R$ 26,25",Clássico|Premium,116.99,24.0,cadastro_fotos/384.png
385-2,Underwater light for boats and motorboats 42 LEDs,Acessórios para embarcações,"Tianmen Fengcheng Trading Co. Ltd.
",41.56,24.0,,"Luz subaquática para barcos e lanchas com 42 LEDs, Material:
Plástico e metal, Tamanho individual 17x8x4,5CM, caixa de papelão",-,-,1.0,25/03/2026 12:53,385-2,SKU 385-2,385-2,SKU 385-2,Underwater light for boats and motorboats 42 LEDs,"Underwater light for boats and motorboats 42 LEDs,  Material:
Plastic and metal, Individual Size 17x8x4,5CM, cardboard box","Luz subaquática para barcos e lanchas com 42 LEDs, Material:
Plástico e metal, Tamanho individual 17x8x4,5CM, caixa de papelão"," Material:
Plastic and metal","Material:
Plástico e metal",cardboard box,caixa de papelão,17.0,8.0,4.5,0.000612,12,"Individual Size 17x8x4,5CM",Acessórios para embarcações,Uso em emabarcações,Revenda online,"160 - CHINA, REPÚBLICA POPULAR","Tianmen Fengcheng Trading Co. Ltd.
","Tianmen Fengcheng Trading Co. Ltd.
","Jingling Street, E-Commerce Industrial Park",S/N,Tianmen,Room 301,Hubei Province,Luz subaquática para barcos e lanchas com 42 LEDs.,"Luz subaquática para barcos e lanchas com 42 LEDs, Material:
Plástico e metal, Tamanho individual 17x8x4,5CM, caixa de papelão",-,"789123400224,7895141623347|7895141623347",-,-,41.56,24.0,cadastro_fotos/385-2.png
385-3,Underwater light for boats and motorboats 42 LEDs,Acessórios para embarcações,"Tianmen Fengcheng Trading Co. Ltd.
",50.39,24.0,,"Luz subaquática para barcos e lanchas com 42 LEDs, Material:
Plástico e metal, Tamanho individual 17x8x4,5CM, caixa de papelão",-,-,1.0,25/03/2026 12:53,385-3,SKU 385-3,385-3,SKU 385-3,Underwater light for boats and motorboats 42 LEDs,"Underwater light for boats and motorboats 42 LEDs,  Material:
Plastic and metal, Individual Size 17x8x4,5CM, cardboard box","Luz subaquática para barcos e lanchas com 42 LEDs, Material:
Plástico e metal, Tamanho individual 17x8x4,5CM, caixa de papelão"," Material:
Plastic and metal","Material:
Plástico e metal",cardboard box,caixa de papelão,17.0,8.0,4.5,0.000612,12,"Individual Size 17x8x4,5CM",Acessórios para embarcações,Uso em emabarcações,Revenda online,"160 - CHINA, REPÚBLICA POPULAR","Tianmen Fengcheng Trading Co. Ltd.
","Tianmen Fengcheng Trading Co. Ltd.
","Jingling Street, E-Commerce Industrial Park",S/N,Tianmen,Room 301,Hubei Province,Luz subaquática para barcos e lanchas com 42 LEDs.,"Luz subaquática para barcos e lanchas com 42 LEDs, Material:
Plástico e metal, Tamanho individual 17x8x4,5CM, caixa de papelão",-,7895141636774|7895141636781|7895141636798|7895141636804,-,-,50.39,24.0,cadastro_fotos/385-3.png
385-4,Underwater light for boats and motorboats 42 LEDs,Acessórios para embarcações,"Tianmen Fengcheng Trading Co. Ltd.
",51.04,24.0,,"Luz subaquática para barcos e lanchas com 42 LEDs, Material:
Plástico e metal, Tamanho individual 17x8x4,5CM, caixa de papelão",-,-,1.0,25/03/2026 12:53,385-4,SKU 385-4,385-4,SKU 385-4,Underwater light for boats and motorboats 42 LEDs,"Underwater light for boats and motorboats 42 LEDs,  Material:
Plastic and metal, Individual Size 17x8x4,5CM, cardboard box","Luz subaquática para barcos e lanchas com 42 LEDs, Material:
Plástico e metal, Tamanho individual 17x8x4,5CM, caixa de papelão"," Material:
Plastic and metal","Material:
Plástico e metal",cardboard box,caixa de papelão,17.0,8.0,4.5,0.000612,12,"Individual Size 17x8x4,5CM",Acessórios para embarcações,Uso em emabarcações,Revenda online,"160 - CHINA, REPÚBLICA POPULAR","Tianmen Fengcheng Trading Co. Ltd.
","Tianmen Fengcheng Trading Co. Ltd.
","Jingling Street, E-Commerce Industrial Park",S/N,Tianmen,Room 301,Hubei Province,Luz subaquática para barcos e lanchas com 42 LEDs.,"Luz subaquática para barcos e lanchas com 42 LEDs, Material:
Plástico e metal, Tamanho individual 17x8x4,5CM, caixa de papelão",-,7895141623354,-,-,51.04,24.0,cadastro_fotos/385-4.png
391,8 inch manual suction cup,Ferramenta de construção,"Tianmen Fengcheng Trading Co. Ltd.
",79.74,24.0,,"Ventosa manual de 8 polegadas, Material:
Plástico e borracha, caixa de papelão",MLB2612422816,MLB2612422816|MLB2612440458|MLB3509386405|MLB3944426609,4.0,25/03/2026 12:53,391,SKU 391,391,SKU 391,8 inch manual suction cup,"8 inch manual suction cup,  Material:
Plastic and rubber, cardboard box","Ventosa manual de 8 polegadas, Material:
Plástico e borracha, caixa de papelão"," Material:
Plastic and rubber","Material:
Plástico e borracha",cardboard box,caixa de papelão,,,,0.0,,Individual Size xxCM,Ferramenta de construção,Uso geral,Revenda online,"160 - CHINA, REPÚBLICA POPULAR","Tianmen Fengcheng Trading Co. Ltd.
","Tianmen Fengcheng Trading Co. Ltd.
","Jingling Street, E-Commerce Industrial Park",S/N,Tianmen,Room 301,Hubei Province,ventosa manual de 8 polegadas,"Ventosa manual de 8 polegadas, Material:
Plástico e borracha, caixa de papelão","8inch Vácuo Ventosa 200kg Capacidade De Rolamento Heavy Duty || Ventosa Manual Sucção Vácuo Marmoraria Profissional 200kg || Ventosa Manual, Alça/bomba Em Plástico Industrial -máx 200kg || Ventosa Profissional Sucção A Vácuo Vidro Mármore 200kg Top",7895141635968|7895141644922,"R$ 24,65",Clássico|Premium,79.74,24.0,cadastro_fotos/391.png
392-1,Rear door shock absorbers for pickup truck. Right side.,Manutenção automotiva,"Tianmen Fengcheng Trading Co. Ltd.
",40.5,24.0,,"Amortecedores para porta traseira de caminhonete. Lado direito. Material: Metal, caixa de papelão.",,,,25/03/2026 12:53,392-1,SKU 392-1,392-1,SKU 392-1,Rear door shock absorbers for pickup truck. Right side.,"Rear door shock absorbers for pickup truck. Right side., Material: Metal, cardboard box","Amortecedores para porta traseira de caminhonete. Lado direito. Material: Metal, caixa de papelão.",Material: Metal,Material: Metal,cardboard box,caixa de papelão,,,,0.0,,Individual Size xxCM,Manutenção automotiva,Em veículos automotores compatíveis,Revenda online,"160 - CHINA, REPÚBLICA POPULAR","Tianmen Fengcheng Trading Co. Ltd.
","Tianmen Fengcheng Trading Co. Ltd.
","Jingling Street, E-Commerce Industrial Park",S/N,Tianmen,Room 301,Hubei Province,Amortecedores da porta traseira para caminhonete. Lado direito.,"Amortecedores para porta traseira de caminhonete. Lado direito. Material: Metal, caixa de papelão.",,,,,40.5,24.0,cadastro_fotos/392-1.png
392-2,Rear door shock absorbers for pickup truck. Left side.,Manutenção automotiva,"Tianmen Fengcheng Trading Co. Ltd.
",40.5,24.0,,"Amortecedores para porta traseira de caminhonete. Lado esquerdo. Material: Metal, caixa de papelão.",,,,25/03/2026 12:53,392-2,SKU 392-2,392-2,SKU 392-2,Rear door shock absorbers for pickup truck. Left side.,"Rear door shock absorbers for pickup truck. Left side., Material: Metal, cardboard box","Amortecedores para porta traseira de caminhonete. Lado esquerdo. Material: Metal, caixa de papelão.",Material: Metal,Material: Metal,cardboard box,caixa de papelão,,,,0.0,,Individual Size xxCM,Manutenção automotiva,Em veículos automotores compatíveis,Revenda online,"160 - CHINA, REPÚBLICA POPULAR","Tianmen Fengcheng Trading Co. Ltd.
","Tianmen Fengcheng Trading Co. Ltd.
","Jingling Street, E-Commerce Industrial Park",S/N,Tianmen,Room 301,Hubei Province,Amortecedores da porta traseira para caminhonete. Lado esquerdo.,"Amortecedores para porta traseira de caminhonete. Lado esquerdo. Material: Metal, caixa de papelão.",,,,,40.5,24.0,cadastro_fotos/392-2.png
392-K,Set of shock absorbers for pickup truck tailgate,Manutenção automotiva,"Tianmen Fengcheng Trading Co. Ltd.
",80.99,24.0,,"Conjunto de amortecedores para porta traseira de caminhonete, Material: Metal, Tamanho individual 26x8x4CM, caixa de papelão",,,,25/03/2026 12:53,392-K,SKU 392-K,392-K,SKU 392-K,Set of shock absorbers for pickup truck tailgate,"Set of shock absorbers for pickup truck tailgate, Material: Metal, Individual Size 26x8x4CM, cardboard box","Conjunto de amortecedores para porta traseira de caminhonete, Material: Metal, Tamanho individual 26x8x4CM, caixa de papelão",Material: Metal,Material: Metal,cardboard box,caixa de papelão,26.0,8.0,4.0,0.000832,75,Individual Size 26x8x4CM,Manutenção automotiva,Em veículos automotores compatíveis,Revenda online,"160 - CHINA, REPÚBLICA POPULAR","Tianmen Fengcheng Trading Co. Ltd.
","Tianmen Fengcheng Trading Co. Ltd.
","Jingling Street, E-Commerce Industrial Park",S/N,Tianmen,Room 301,Hubei Province,Conjunto de amortecedores para porta traseira de caminhonete,"Conjunto de amortecedores para porta traseira de caminhonete, Material: Metal, Tamanho individual 26x8x4CM, caixa de papelão",,,,,80.99,24.0,cadastro_fotos/392-K.png
393-1,50mm rubber sealing ring,Manutenção automotiva,"Tianmen Fengcheng Trading Co. Ltd.
",5.39,24.0,,"Anel de vedação de borracha de 50 mm, Material: Borracha, saco plástico",,,,25/03/2026 12:53,393-1,SKU 393-1,393-1,SKU 393-1,50mm rubber sealing ring,"50mm rubber sealing ring, Material: Rubber, plastic bag","Anel de vedação de borracha de 50 mm, Material: Borracha, saco plástico",Material: Rubber,Material: Borracha,plastic bag,saco plástico,,,,,,Individual Size xxCM,Manutenção automotiva,Em veículos automotores compatíveis,Revenda online,"160 - CHINA, REPÚBLICA POPULAR","Tianmen Fengcheng Trading Co. Ltd.
","Tianmen Fengcheng Trading Co. Ltd.
","Jingling Street, E-Commerce Industrial Park",S/N,Tianmen,Room 301,Hubei Province,Anel de vedação de borracha de 50 mm,"Anel de vedação de borracha de 50 mm, Material: Borracha, saco plástico",,,,,5.39,24.0,cadastro_fotos/393-1.png
393-2,50mm rubber sealing ring,Manutenção automotiva,"Tianmen Fengcheng Trading Co. Ltd.
",5.3,24.0,,"Anel de vedação de borracha de 50 mm, Material: Borracha, saco plástico",,,,25/03/2026 12:53,393-2,SKU 393-2,393-2,SKU 393-2,50mm rubber sealing ring,"50mm rubber sealing ring, Material: Rubber, plastic bag","Anel de vedação de borracha de 50 mm, Material: Borracha, saco plástico",Material: Rubber,Material: Borracha,plastic bag,saco plástico,,,,,,Individual Size xxCM,Manutenção automotiva,Em veículos automotores compatíveis,Revenda online,"160 - CHINA, REPÚBLICA POPULAR","Tianmen Fengcheng Trading Co. Ltd.
","Tianmen Fengcheng Trading Co. Ltd.
","Jingling Street, E-Commerce Industrial Park",S/N,Tianmen,Room 301,Hubei Province,Anel de vedação de borracha de 50 mm,"Anel de vedação de borracha de 50 mm, Material: Borracha, saco plástico",,,,,5.3,24.0,cadastro_fotos/393-2.png
394-1,50mm hose clamp,Manutenção automotiva,"Tianmen Fengcheng Trading Co. Ltd.
",6.31,24.0,,"Abraçadeira de mangueira de 50 mm, Material: Metal, saco plástico",,,,25/03/2026 12:53,394-1,SKU 394-1,394-1,SKU 394-1,50mm hose clamp,"50mm hose clamp, Material: Metal, plastic bag","Abraçadeira de mangueira de 50 mm, Material: Metal, saco plástico",Material: Metal,Material: Metal,plastic bag,saco plástico,,,,,,Individual Size xxCM,Manutenção automotiva,Em veículos automotores compatíveis,Revenda online,"160 - CHINA, REPÚBLICA POPULAR","Tianmen Fengcheng Trading Co. Ltd.
","Tianmen Fengcheng Trading Co. Ltd.
","Jingling Street, E-Commerce Industrial Park",S/N,Tianmen,Room 301,Hubei Province,Abraçadeira de mangueira de 50 mm,"Abraçadeira de mangueira de 50 mm, Material: Metal, saco plástico",,,,,6.31,24.0,cadastro_fotos/394-1.png
394-2,45mm hose clamp,Manutenção automotiva,"Tianmen Fengcheng Trading Co. Ltd.
",6.59,0.0,,"Abraçadeira de mangueira de 45 mm, Material: Metal, saco plástico",,,,25/03/2026 12:53,394-2,SKU 394-2,394-2,SKU 394-2,45mm hose clamp,"45mm hose clamp, Material: Metal, plastic bag","Abraçadeira de mangueira de 45 mm, Material: Metal, saco plástico",Material: Metal,Material: Metal,plastic bag,saco plástico,,,,,,Individual Size xxCM,Manutenção automotiva,Em veículos automotores compatíveis,Revenda online,"160 - CHINA, REPÚBLICA POPULAR","Tianmen Fengcheng Trading Co. Ltd.
","Tianmen Fengcheng Trading Co. Ltd.
","Jingling Street, E-Commerce Industrial Park",S/N,Tianmen,Room 301,Hubei Province,Abraçadeira de mangueira de 45 mm,"Abraçadeira de mangueira de 45 mm, Material: Metal, saco plástico",,,,,6.59,0.0,cadastro_fotos/394-2.png
395,Electric vehicle window controls 254000015r,Manutenção automotiva,"Tianmen Fengcheng Trading Co. Ltd.
",,,,"Controles de janela para veículos elétricos 254000015r, Material: Plástico e metal, Tamanho individual 19x8x7CM, caixa de papelão",,,,25/03/2026 12:53,395,SKU 395,395,SKU 395 254000015r / 809610006R,Electric vehicle window controls 254000015r ,"Electric vehicle window controls 254000015r , Material: Plastic e metal, Individual Size 19x8x7CM, cardboard box","Controles de janela para veículos elétricos 254000015r, Material: Plástico e metal, Tamanho individual 19x8x7CM, caixa de papelão",Material: Plastic e metal,Material: Plástico e metal,cardboard box,caixa de papelão,19.0,8.0,7.0,0.001064,17,Individual Size 19x8x7CM,Manutenção automotiva,Em veículos automotores compatíveis,Revenda online,"160 - CHINA, REPÚBLICA POPULAR","Tianmen Fengcheng Trading Co. Ltd.
","Tianmen Fengcheng Trading Co. Ltd.
","Jingling Street, E-Commerce Industrial Park",S/N,Tianmen,Room 301,Hubei Province,Controles de janela de veículo elétrico 254000015r,"Controles de janela para veículos elétricos 254000015r, Material: Plástico e metal, Tamanho individual 19x8x7CM, caixa de papelão",,,,,,,cadastro_fotos/395.png
396,Universal Car Buckle Clips Pack,Manutenção automotiva,"Tianmen Fengcheng Trading Co. Ltd.
",8.27,24.0,,"Pacote de presilhas universais para fivelas de carro, material: nylon plástico, saco plástico",MLB2676804176,MLB2676804176|MLB2676834764|MLB2676847030|MLB3604183763|MLB3747794275,5.0,25/03/2026 12:53,396,SKU 396,396,"HE26
SKU:396",Universal Car Buckle Clips Pack ,"Universal Car Buckle Clips Pack , Materia plastic nylon, plastic bag","Pacote de presilhas universais para fivelas de carro, material: nylon plástico, saco plástico",Materia plastic nylon,Material plástico nylon,plastic bag,saco plástico,,,,0.0,90,Individual Size xxCM,Manutenção automotiva,Em veículos automotores compatíveis,Revenda online,"160 - CHINA, REPÚBLICA POPULAR","Tianmen Fengcheng Trading Co. Ltd.
","Tianmen Fengcheng Trading Co. Ltd.
","Jingling Street, E-Commerce Industrial Park",S/N,Tianmen,Room 301,Hubei Province,Pacote de presilhas universais para fivelas de carro,"Pacote de presilhas universais para fivelas de carro, material: nylon plástico, saco plástico",Kit 100 Presilha Grampo Fixadores Automotivo Universal Carro || Kit 100 Presilha Grampo Parabarro Parachoque Universal Carro || Kit 100 Presilhas Grampos Fixadores Automotivos Acabamentos || Kit 100 Presilhas Grampos Fixadores Carro Veiculo Parabarro || Kit 100 Presilhas Grampos Mitsubishi L200 Asx Pajero Citroen,7895141626577|7895141632738|7895141633032,"R$ 6,55|R$ 7,75",Clássico,8.27,24.0,cadastro_fotos/396.png
397,Universal Car Buckle Clips Box,Manutenção automotiva,"Tianmen Fengcheng Trading Co. Ltd.
",9.54,24.0,,"Caixa universal para fivelas de carro, material: nylon plástico, tamanho individual: 12x22x3,5 cm.",MLB2662064371,MLB2662064371|MLB2662070649|MLB3651679373,3.0,25/03/2026 12:53,397,SKU 397,397,"HE26
SKU:397",Universal Car Buckle Clips Box ,"Universal Car Buckle Clips Box , Materia plastic nylon, Individual Size 12x22x3,5CM, plastic box","Caixa universal para fivelas de carro, material: nylon plástico, tamanho individual: 12x22x3,5 cm.",Materia plastic nylon,Material plástico nylon,plastic box,caixa de plástico,12.0,22.0,3.5,0.000924,160,"Individual Size 12x22x3,5CM",Manutenção automotiva,Em veículos automotores compatíveis,Revenda online,"160 - CHINA, REPÚBLICA POPULAR","Tianmen Fengcheng Trading Co. Ltd.
","Tianmen Fengcheng Trading Co. Ltd.
","Jingling Street, E-Commerce Industrial Park",S/N,Tianmen,Room 301,Hubei Province,Caixa de Clips de Fivela Universal para Carro,"Caixa universal para fivelas de carro, material: nylon plástico, tamanho individual: 12x22x3,5 cm.",Grampo Presilha Parabarro Parachoque Fixadores Kit 100pçs || Kit 100 Presilha Grampo Parabarro Parachoque Universal Carro,7895141626393|7895141632721,"R$ 7,75|R$ 7,85",Clássico,9.54,24.0,cadastro_fotos/397.png
398,Electric vehicle window controls,Manutenção automotiva,"Tianmen Fengcheng Trading Co. Ltd.
",71.5,24.0,,"Controles de janela para veículos elétricos, Material: Plástico e metal, Tamanho individual 19x8x7CM, caixa de papelão",MLB2661398753,MLB2661398753|MLB2661418026|MLB2661418027|MLB3349539231|MLB4503499410,5.0,25/03/2026 12:53,398,SKU 398,398,SKU 398,Electric vehicle window controls,"Electric vehicle window controls, Material: Plastic and metal, Individual Size 19x8x7CM, cardboard box","Controles de janela para veículos elétricos, Material: Plástico e metal, Tamanho individual 19x8x7CM, caixa de papelão",Material: Plastic and metal,Material: Plástico e metal,cardboard box,caixa de papelão,19.0,8.0,7.0,0.001064,17,Individual Size 19x8x7CM,Manutenção automotiva,Em veículos automotores compatíveis,Revenda online,"160 - CHINA, REPÚBLICA POPULAR","Tianmen Fengcheng Trading Co. Ltd.
","Tianmen Fengcheng Trading Co. Ltd.
","Jingling Street, E-Commerce Industrial Park",S/N,Tianmen,Room 301,Hubei Province,controles de janela de veículo elétrico,"Controles de janela para veículos elétricos, Material: Plástico e metal, Tamanho individual 19x8x7CM, caixa de papelão",Botão Interruptor Vidro Elétrico Renault Fluence 2013 2014 || Comando Botão Vidro Motorista P/ Fluence 2012 2013 2014 2016 || Interruptor Botao Comando Vidro Renault Fluence  13 14 15 16,7895141626379|7895141636910,"R$ 20,95",Clássico|Premium,71.5,24.0,cadastro_fotos/398.png
399,Radiador de motocicleta 20S-12461-01-00,Manutenção automotiva,"Tianmen Fengcheng Trading Co. Ltd.
",372.5,24.0,,"Radiador de motocicleta 20S-12461-01-00
, Material: alumínio, caixa de papelão",,,,25/03/2026 12:53,399,SKU 399,399,SKU 399,"Radiador de motocicleta 20S-12461-01-00
","Radiador de motocicleta 20S-12461-01-00
, Material: aluminum, cardboard box","Radiador de motocicleta 20S-12461-01-00
, Material: alumínio, caixa de papelão",Material: aluminum,Material: alumínio,cardboard box,caixa de papelão,,,,0.0,,Individual Size xxCM,Manutenção automotiva,Em veículos automotores compatíveis,Revenda online,"160 - CHINA, REPÚBLICA POPULAR","Tianmen Fengcheng Trading Co. Ltd.
","Tianmen Fengcheng Trading Co. Ltd.
","Jingling Street, E-Commerce Industrial Park",S/N,Tianmen,Room 301,Hubei Province,"Radiador de motocicleta 20S-12461-01-00
","Radiador de motocicleta 20S-12461-01-00
, Material: alumínio, caixa de papelão",,,,,372.5,24.0,cadastro_fotos/399.png
4-2,6-Speed vehicle gear lever,Manutenção automotiva,"Tianmen Fengcheng Trading Co. Ltd.
",,,,"Alavanca de câmbio de 6 velocidades para veículo, Material: Couro + Plástico ABS, Tamanho individual 9x5x5CM, caixa de papelão",,,,25/03/2026 12:53,4-2,SKU 4-2,4-2,,6-Speed vehicle gear lever,"6-Speed vehicle gear lever, Material: Leather + Plastic ABS, Individual Size 9x5x5CM, cardboard box","Alavanca de câmbio de 6 velocidades para veículo, Material: Couro + Plástico ABS, Tamanho individual 9x5x5CM, caixa de papelão",Material: Leather + Plastic ABS,Material: Couro + Plástico ABS,cardboard box,caixa de papelão,9.0,5.0,5.0,0.000225,12,Individual Size 9x5x5CM,Manutenção automotiva,Em veículos automotores compatíveis,Revenda online,"160 - CHINA, REPÚBLICA POPULAR","Tianmen Fengcheng Trading Co. Ltd.
","Tianmen Fengcheng Trading Co. Ltd.
","Jingling Street, E-Commerce Industrial Park",S/N,Tianmen,Room 301,Hubei Province,Alavanca de câmbio de 6 velocidades do veículo,"Alavanca de câmbio de 6 velocidades para veículo, Material: Couro + Plástico ABS, Tamanho individual 9x5x5CM, caixa de papelão",,,,,,,cadastro_fotos/4-2.png
401,Electric vehicle window controls,Manutenção automotiva,"Tianmen Fengcheng Trading Co. Ltd.
",189.17,24.0,,"Controles de janela para veículos elétricos, Material: Plástico e metal, Tamanho individual 20x8x8CM, caixa de papelão",MLB2665950771,MLB2665950771|MLB2665997871,2.0,25/03/2026 12:53,401,SKU 401,401,SKU 401,Electric vehicle window controls,"Electric vehicle window controls, Material: Plastic and metal, Individual Size 20x8x8CM, cardboard box","Controles de janela para veículos elétricos, Material: Plástico e metal, Tamanho individual 20x8x8CM, caixa de papelão",Material: Plastic and metal,Material: Plástico e metal,cardboard box,caixa de papelão,20.0,8.0,8.0,0.00128,16,Individual Size 20x8x8CM,Manutenção automotiva,Em veículos automotores compatíveis,Revenda online,"160 - CHINA, REPÚBLICA POPULAR","Tianmen Fengcheng Trading Co. Ltd.
","Tianmen Fengcheng Trading Co. Ltd.
","Jingling Street, E-Commerce Industrial Park",S/N,Tianmen,Room 301,Hubei Province,controles de janela de veículo elétrico,"Controles de janela para veículos elétricos, Material: Plástico e metal, Tamanho individual 20x8x8CM, caixa de papelão",Interruptor Botoes Comando Vidro Dianteiro Esq. Peugeot 308,7895141626447,"R$ 20,95",Premium,189.17,24.0,cadastro_fotos/401.png
402,Electric vehicle window controls,Manutenção automotiva,"Tianmen Fengcheng Trading Co. Ltd.
",38.14,24.0,,"Controles de janela para veículos elétricos, Material: Plástico e metal, Tamanho individual 10x5x5CM, caixa de papelão",,,,25/03/2026 12:53,402,SKU 402,402,SKU 402,Electric vehicle window controls,"Electric vehicle window controls, Material: Plastic and metal, Individual Size 10x5x5CM, cardboard box","Controles de janela para veículos elétricos, Material: Plástico e metal, Tamanho individual 10x5x5CM, caixa de papelão",Material: Plastic and metal,Material: Plástico e metal,cardboard box,caixa de papelão,10.0,5.0,5.0,0.00025,,Individual Size 10x5x5CM,Manutenção automotiva,Em veículos automotores compatíveis,Revenda online,"160 - CHINA, REPÚBLICA POPULAR","Tianmen Fengcheng Trading Co. Ltd.
","Tianmen Fengcheng Trading Co. Ltd.
","Jingling Street, E-Commerce Industrial Park",S/N,Tianmen,Room 301,Hubei Province,controles de janela de veículo elétrico,"Controles de janela para veículos elétricos, Material: Plástico e metal, Tamanho individual 10x5x5CM, caixa de papelão",,,,,38.14,24.0,cadastro_fotos/402.png
403,Electric vehicle window controls,Manutenção automotiva,"Tianmen Fengcheng Trading Co. Ltd.
",78.36,24.0,,"Controles de janela para veículos elétricos, Material: Plástico e metal, Tamanho individual 14x7x6CM, caixa de papelão",,,,25/03/2026 12:53,403,SKU 403,403,SKU 403,Electric vehicle window controls,"Electric vehicle window controls, Material: Plastic and metal, Individual Size 14x7x6CM, cardboard box","Controles de janela para veículos elétricos, Material: Plástico e metal, Tamanho individual 14x7x6CM, caixa de papelão",Material: Plastic and metal,Material: Plástico e metal,cardboard box,caixa de papelão,14.0,7.0,6.0,0.000588,13,Individual Size 14x7x6CM,Manutenção automotiva,Em veículos automotores compatíveis,Revenda online,"160 - CHINA, REPÚBLICA POPULAR","Tianmen Fengcheng Trading Co. Ltd.
","Tianmen Fengcheng Trading Co. Ltd.
","Jingling Street, E-Commerce Industrial Park",S/N,Tianmen,Room 301,Hubei Province,controles de janela de veículo elétrico,"Controles de janela para veículos elétricos, Material: Plástico e metal, Tamanho individual 14x7x6CM, caixa de papelão",,,,,78.36,24.0,cadastro_fotos/403.png
405,Electric vehicle window controls,Manutenção automotiva,"Tianmen Fengcheng Trading Co. Ltd.
",51.6,24.0,,"Controles de janela para veículos elétricos, Material: Plástico e metal, caixa de papelão",MLB2665560176,MLB2665560176|MLB2665578070|MLB3379860753|MLB5414540178,4.0,25/03/2026 12:53,405,SKU 405,405,SKU 405,Electric vehicle window controls,"Electric vehicle window controls, Material: Plastic and metal, cardboard box","Controles de janela para veículos elétricos, Material: Plástico e metal, caixa de papelão",Material: Plastic and metal,Material: Plástico e metal,cardboard box,caixa de papelão,,,,0.0,,Individual Size xxCM,Manutenção automotiva,Em veículos automotores compatíveis,Revenda online,"160 - CHINA, REPÚBLICA POPULAR","Tianmen Fengcheng Trading Co. Ltd.
","Tianmen Fengcheng Trading Co. Ltd.
","Jingling Street, E-Commerce Industrial Park",S/N,Tianmen,Room 301,Hubei Province,controles de janela de veículo elétrico,"Controles de janela para veículos elétricos, Material: Plástico e metal, caixa de papelão",Botao Vidro Eletrico S10 Nova 2012 2013 2014 2015 Quadrupulo || Botão Vidro Eletrico S10 Nova 2012 2013 2014 2015 94728492 || Comando Botão Vidro Elétrico S10 2012 2013 20142015 94728492 || Comando Vidro Eletrico Para S10 Nova 2012 2013 2015 94728492,7895141626423|7895141634510|7895141634589,"R$ 18,45|R$ 19,85|R$ 23,65",Clássico,51.6,24.0,cadastro_fotos/405.png
406,Vehicle fuel tank cap with keys,Manutenção automotiva,"Tianmen Fengcheng Trading Co. Ltd.
",82.48,24.0,,"Tampa do tanque de combustível do veículo com chaves, Material: Metal, Tamanho individual 13x13x5,5CM, caixa de papelão",MLB2674654660,MLB2674654660|MLB2674693047|MLB2674699533|MLB3355603269,4.0,25/03/2026 12:53,406,SKU 406,406,SKU 406,Vehicle fuel tank cap with keys,"Vehicle fuel tank cap with keys, Material: Metal, Individual Size 13x13x5,5CM, cardboard box","Tampa do tanque de combustível do veículo com chaves, Material: Metal, Tamanho individual 13x13x5,5CM, caixa de papelão",Material: Metal,Material: Metal,cardboard box,caixa de papelão,13.0,13.0,5.5,0.0009295,45,"Individual Size 13x13x5,5CM",Manutenção automotiva,Em veículos automotores compatíveis,Revenda online,"160 - CHINA, REPÚBLICA POPULAR","Tianmen Fengcheng Trading Co. Ltd.
","Tianmen Fengcheng Trading Co. Ltd.
","Jingling Street, E-Commerce Industrial Park",S/N,Tianmen,Room 301,Hubei Province,Tampa do tanque de combustível do veículo com chaves,"Tampa do tanque de combustível do veículo com chaves, Material: Metal, Tamanho individual 13x13x5,5CM, caixa de papelão",Tampa Combustível Kawasaki Z750 Z800 Z1000 Vulcan Versys || Tampa De Combustivel Do Tanque De Kavasaki Z100 Er6n Versus Preto E Prata || Tampa Tanque Combustível Kawasaki Z750 Z800 Z1000 Vulcan,7895141626584,"R$ 22,55",Clássico|Premium,82.48,24.0,cadastro_fotos/406.png
407,WIFI temperature and humidity sensor,Relógio e sensor,"Tianmen Fengcheng Trading Co. Ltd.
",77.83,24.0,,"Sensor de temperatura e umidade Wi-Fi, Material: Plástico e metal, caixa de papelão",,,,25/03/2026 12:53,407,SKU 407,407,SKU 407,WIFI temperature and humidity sensor,"WIFI temperature and humidity sensor, Material: Plastic and metal, cardboard box","Sensor de temperatura e umidade Wi-Fi, Material: Plástico e metal, caixa de papelão",Material: Plastic and metal,Material: Plástico e metal,cardboard box,caixa de papelão,,,,0.0,,Individual Size xxCM,Relógio e sensor,Uso doméstico,Revenda online,"160 - CHINA, REPÚBLICA POPULAR","Tianmen Fengcheng Trading Co. Ltd.
","Tianmen Fengcheng Trading Co. Ltd.
","Jingling Street, E-Commerce Industrial Park",S/N,Tianmen,Room 301,Hubei Province,Sensor de temperatura e umidade Wi-Fi,"Sensor de temperatura e umidade Wi-Fi, Material: Plástico e metal, caixa de papelão",,,,,77.83,24.0,cadastro_fotos/407.png
408,415 vehicle fixing clips + tool,Manutenção automotiva,"Tianmen Fengcheng Trading Co. Ltd.
",41.33,24.0,,"415 clipes de fixação para veículos + ferramenta, Material: Plástico, nylon e metal, caixa de plástico",MLB2744552225,MLB2744552225|MLB3539262044|MLB4771509154,3.0,25/03/2026 12:53,408,SKU 408,408,SKU 408,415 vehicle fixing clips + tool,"415 vehicle fixing clips + tool, Material: Plastic nylon and metal, plastic box","415 clipes de fixação para veículos + ferramenta, Material: Plástico, nylon e metal, caixa de plástico",Material: Plastic nylon and metal,"Material: Plástico, nylon e metal",plastic box,caixa de plástico,,,,0.0,,Individual Size xxCM,Manutenção automotiva,Em veículos automotores compatíveis,Revenda online,"160 - CHINA, REPÚBLICA POPULAR","Tianmen Fengcheng Trading Co. Ltd.
","Tianmen Fengcheng Trading Co. Ltd.
","Jingling Street, E-Commerce Industrial Park",S/N,Tianmen,Room 301,Hubei Province,415 clipes de fixação para veículos + ferramenta,"415 clipes de fixação para veículos + ferramenta, Material: Plástico, nylon e metal, caixa de plástico",Kit 415 Presilhas Grampos Fixadores Automotivo Carro + Chave || Kit 415 Presilhas Grampos Fixadores Parabarro Carro + Chave,7895141627291,"R$ 20,75|R$ 21,15",Clássico|Premium,41.33,24.0,cadastro_fotos/408.png
410,"Air filter duct hose Plastic Rubber
27.5cm
Cardboard box",Manutenção automotiva,"Tianmen Fengcheng Trading Co. Ltd.
",22.04,24.0,,"Mangueira do duto do filtro de ar Plástico Borracha
027,5 cm
Caixa de papelão, Material: Borracha, saco plástico",MLB2798849114,MLB2798849114|MLB2798920215|MLB2798936606|MLB3596306433,4.0,25/03/2026 12:53,410,SKU 410,410,SKU 410,"Air filter duct hose Plastic Rubber
27.5cm
Cardboard box","Air filter duct hose Plastic Rubber
27.5cm
Cardboard box, Material: Rubber, plastic bag","Mangueira do duto do filtro de ar Plástico Borracha
027,5 cm
Caixa de papelão, Material: Borracha, saco plástico",Material: Rubber,Material: Borracha,plastic bag,saco plástico,,,,0.0,,Individual Size xxCM,Manutenção automotiva,Em veículos automotores compatíveis,Revenda online,"160 - CHINA, REPÚBLICA POPULAR","Tianmen Fengcheng Trading Co. Ltd.
","Tianmen Fengcheng Trading Co. Ltd.
","Jingling Street, E-Commerce Industrial Park",S/N,Tianmen,Room 301,Hubei Province,"Mangueira do duto do filtro de ar Plástico Borracha
027,5 cm
Caixa de papelão","Mangueira do duto do filtro de ar Plástico Borracha
027,5 cm
Caixa de papelão, Material: Borracha, saco plástico",Mangueira Filtro Ar Tbi Honda Civic 2012-2016 2.0 || Mangueira Filtro De Ar Tbi Honda Civic 1.8 2.0 2012 A 2016 || Mangueira Filtro De Ar Tbi Honda Civic 2012/2016 17225r1aa01,789123400224|7895141627888,"R$ 13,85|R$ 7,85|R$ 7,95",Clássico|Premium,22.04,24.0,cadastro_fotos/410.png
411,Carburador,Manutenção automotiva,"Tianmen Fengcheng Trading Co. Ltd.
",26.65,24.0,,"Carburador, Material: Metal, plástico e borracha, caixa de papelão",MLB2891461901,MLB2891461901|MLB2891603596|MLB2891603600|MLB3042535174|MLB3042634461|MLB3571999085,6.0,25/03/2026 12:53,411,SKU 411,411,"SL-PZ19
SKU:411",Carburador,"Carburador, Material: Metal plastic and rubber, cardboard box","Carburador, Material: Metal, plástico e borracha, caixa de papelão",Material: Metal plastic and rubber,"Material: Metal, plástico e borracha",cardboard box,caixa de papelão,,,,0.0,,Individual Size xxCM,Manutenção automotiva,Em veículos automotores compatíveis,Revenda online,"160 - CHINA, REPÚBLICA POPULAR","Tianmen Fengcheng Trading Co. Ltd.
","Tianmen Fengcheng Trading Co. Ltd.
","Jingling Street, E-Commerce Industrial Park",S/N,Tianmen,Room 301,Hubei Province,Carburador,"Carburador, Material: Metal, plástico e borracha, caixa de papelão",Carburador Biz 100 1998 Ate 2001 2002 2003 2004 2005 - Scud || Carburador Completo Honda Biz 100 Dream C100 Sundown Web 100 || Carburador Honda Biz 100 1998-2005 Modelo Original Completo || Carburador Honda Biz 100 Sundown Web 100 Dream C100 98a 2005 || Carburador Honda Biz-100 1998 A 2005 Mod Original,789123400224|7895141628274,"R$ 18,45|R$ 19,85|R$ 20,75|R$ 7,95",Clássico|Premium,26.65,24.0,cadastro_fotos/411.png
412,,,,149.46,24.0,,,,,,25/03/2026 12:53,412,,,,,,,,,,,,,,,,,,,,,,,,,,,,,,,,,,149.46,24.0,
412-1,Rotary hoe for brushcutter 26mm. 9 stretch marks,Acessório para roçadeiras,"Tianmen Fengcheng Trading Co. Ltd.
",149.46,24.0,,"Enxada rotativa para roçadeira 26mm. 9 marcas de desgaste, Material: Metal, caixa de papelão",-,-,1.0,25/03/2026 12:53,412-1,SKU 412-1,412-1,SKU 412-1,Rotary hoe for brushcutter 26mm. 9 stretch marks,"Rotary hoe for brushcutter 26mm. 9 stretch marks, Material: Metal, cardboard box","Enxada rotativa para roçadeira 26mm. 9 marcas de desgaste, Material: Metal, caixa de papelão",Material: Metal,Material: Metal,cardboard box,caixa de papelão,,,,0.0,,Individual Size xxCM,Acessório para roçadeiras,Em aparelhos compatíveis,Revenda online,"160 - CHINA, REPÚBLICA POPULAR","Tianmen Fengcheng Trading Co. Ltd.
","Tianmen Fengcheng Trading Co. Ltd.
","Jingling Street, E-Commerce Industrial Park",S/N,Tianmen,Room 301,Hubei Province,Enxada rotativa para roçadeira 26mm. 9 marcas de estiramento,"Enxada rotativa para roçadeira 26mm. 9 marcas de desgaste, Material: Metal, caixa de papelão",-,"789123400224,7895141628281|7895141628281|7895141631861|7895141645851",-,-,149.46,24.0,cadastro_fotos/412-1.png
412-2,Rotary hoe for brushcutter 26mm. square cardan,Acessório para roçadeiras,"Tianmen Fengcheng Trading Co. Ltd.
",149.46,24.0,,"Enxada rotativa para roçadeira, encaixe quadrado de 26 mm. Material: Metal, caixa de papelão.",-,-,1.0,25/03/2026 12:53,412-2,SKU 412-2,412-2,SKU 412-2,Rotary hoe for brushcutter 26mm. square cardan,"Rotary hoe for brushcutter 26mm. square cardan, Material: Metal, cardboard box","Enxada rotativa para roçadeira, encaixe quadrado de 26 mm. Material: Metal, caixa de papelão.",Material: Metal,Material: Metal,cardboard box,caixa de papelão,,,,0.0,,Individual Size xxCM,Acessório para roçadeiras,Em aparelhos compatíveis,Revenda online,"160 - CHINA, REPÚBLICA POPULAR","Tianmen Fengcheng Trading Co. Ltd.
","Tianmen Fengcheng Trading Co. Ltd.
","Jingling Street, E-Commerce Industrial Park",S/N,Tianmen,Room 301,Hubei Province,"Enxada rotativa para roçadeira, encaixe quadrado de 26 mm.","Enxada rotativa para roçadeira, encaixe quadrado de 26 mm. Material: Metal, caixa de papelão.",-,7895141628281|7895141628298|7895141632028|7895141638846|7895141645851,-,-,149.46,24.0,cadastro_fotos/412-2.png
412-22,,,,,,,,-,-,1.0,25/03/2026 12:53,412-22,,,,,,,,,,,,,,,,,,,,,,,,,,,,,,-,7895141628298|7895141645851,-,-,,,
412-3,Rotary hoe for brushcutter 28 mm. 9 stretch marks,Acessório para roçadeiras,"Tianmen Fengcheng Trading Co. Ltd.
",149.46,24.0,,"Enxada rotativa para roçadeira 28 mm. 9 marcas de desgaste, Material: Metal, caixa de papelão",-,-,1.0,25/03/2026 12:53,412-3,SKU 412-3,412-3,SKU 412-3,Rotary hoe for brushcutter 28 mm. 9 stretch marks,"Rotary hoe for brushcutter 28 mm. 9 stretch marks, Material: Metal, cardboard box","Enxada rotativa para roçadeira 28 mm. 9 marcas de desgaste, Material: Metal, caixa de papelão",Material: Metal,Material: Metal,cardboard box,caixa de papelão,,,,0.0,,Individual Size xxCM,Acessório para roçadeiras,Em aparelhos compatíveis,Revenda online,"160 - CHINA, REPÚBLICA POPULAR","Tianmen Fengcheng Trading Co. Ltd.
","Tianmen Fengcheng Trading Co. Ltd.
","Jingling Street, E-Commerce Industrial Park",S/N,Tianmen,Room 301,Hubei Province,Enxada rotativa para roçadeira 28 mm. 9 marcas de estiramento,"Enxada rotativa para roçadeira 28 mm. 9 marcas de desgaste, Material: Metal, caixa de papelão",-,7895141630840|7895141632011|7895141645851,-,-,149.46,24.0,cadastro_fotos/412-3.png
412-4,Rotary hoe for brushcutter 28 mm. square cardan,Acessório para roçadeiras,"Tianmen Fengcheng Trading Co. Ltd.
",149.46,24.0,,"Enxada rotativa para roçadeira, encaixe quadrado de 28 mm, Material: Metal, caixa de papelão",-,-,1.0,25/03/2026 12:53,412-4,SKU 412-4,412-4,SKU 412-4,Rotary hoe for brushcutter 28 mm. square cardan,"Rotary hoe for brushcutter 28 mm. square cardan, Material: Metal, cardboard box","Enxada rotativa para roçadeira, encaixe quadrado de 28 mm, Material: Metal, caixa de papelão",Material: Metal,Material: Metal,cardboard box,caixa de papelão,,,,0.0,,Individual Size xxCM,Acessório para roçadeiras,Em aparelhos compatíveis,Revenda online,"160 - CHINA, REPÚBLICA POPULAR","Tianmen Fengcheng Trading Co. Ltd.
","Tianmen Fengcheng Trading Co. Ltd.
","Jingling Street, E-Commerce Industrial Park",S/N,Tianmen,Room 301,Hubei Province,Enxada rotativa para roçadeira com encaixe quadrado de 28 mm.,"Enxada rotativa para roçadeira, encaixe quadrado de 28 mm, Material: Metal, caixa de papelão",-,7895141628281|7895141630840|7895141632004|7895141638846|7895141645851,-,-,149.46,24.0,cadastro_fotos/412-4.png
412-44,,,,,,,,-,-,1.0,25/03/2026 12:53,412-44,,,,,,,,,,,,,,,,,,,,,,,,,,,,,,-,7895141628281|7895141630857|7895141645851,-,-,,,
412-5,,,,149.46,24.0,,,-,-,1.0,25/03/2026 12:53,412-5,,,,,,,,,,,,,,,,,,,,,,,,,,,,,,-,7895141628281|7895141638709|7895141638747|7895141638846|7895141645851,-,-,149.46,24.0,
412-55,,,,,,,,-,-,1.0,25/03/2026 12:53,412-55,,,,,,,,,,,,,,,,,,,,,,,,,,,,,,-,7895141628281|7895141638693|7895141645851,-,-,,,
412-6,,,,149.46,24.0,,,-,-,1.0,25/03/2026 12:53,412-6,,,,,,,,,,,,,,,,,,,,,,,,,,,,,,-,7895141638785|7895141638822|7895141638839|7895141638846|7895141645851,-,-,149.46,24.0,
412-7,,,,149.46,24.0,,,-,-,1.0,25/03/2026 12:53,412-7,,,,,,,,,,,,,,,,,,,,,,,,,,,,,,-,7895141628281|7895141638846|7895141645851,-,-,149.46,24.0,
412-8,,,,149.46,24.0,,,-,-,1.0,25/03/2026 12:53,412-8,,,,,,,,,,,,,,,,,,,,,,,,,,,,,,-,7895141628281|7895141638846|7895141645851,-,-,149.46,24.0,
412-9,,,,149.46,24.0,,,-,-,1.0,25/03/2026 12:53,412-9,,,,,,,,,,,,,,,,,,,,,,,,,,,,,,-,7895141628281|7895141638846|7895141645851,-,-,149.46,24.0,
413,Pressure Regulator Valve,Reduzir pressão hidráulica ,"Tianmen Fengcheng Trading Co. Ltd.
",49.72,24.0,,"Válvula reguladora de pressão, Material: Latão, Caixa de papelão",,,,25/03/2026 12:53,413,SKU 413,413,SKU 413,Pressure Regulator Valve,"Pressure Regulator Valve, Material: Brass , , cardboard box","Válvula reguladora de pressão, Material: Latão, Caixa de papelão",Material: Brass ,Material: Latão,cardboard box,caixa de papelão,15.0,15.0,5.0,0.0,,Individual Size 15x15x5CM,Reduzir pressão hidráulica ,Uso doméstico,Revenda online,"160 - CHINA, REPÚBLICA POPULAR","Tianmen Fengcheng Trading Co. Ltd.
","Tianmen Fengcheng Trading Co. Ltd.
","Jingling Street, E-Commerce Industrial Park",S/N,Tianmen,Room 301,Hubei Province,Válvula Reguladora de Pressão,"Válvula reguladora de pressão, Material: Latão, Caixa de papelão",,,,,49.72,24.0,cadastro_fotos/413.png
415,Replacement Glass Touch Screen for Car Multimedia,Manutenção automotiva,"Tianmen Fengcheng Trading Co. Ltd.
",61.5,24.0,,Tela de toque de vidro de substituição para multimídia automotiva. Material: vidro e metal. Embalagem plástica.,MLB3343874347,MLB3343874347|MLB3343944605|MLB4657518424|MLB4657555476|MLB4657581472,5.0,25/03/2026 12:53,415,SKU 415,415,"A211216702 
SKU 415",Replacement Glass Touch Screen for Car Multimedia,"Replacement Glass Touch Screen for Car Multimedia, Material: Glass and metal, plastic bag",Tela de toque de vidro de substituição para multimídia automotiva. Material: vidro e metal. Embalagem plástica.,Material: Glass and metal,Material: Vidro e metal,plastic bag,saco plástico,,,,0.0,,Individual Size xxCM,Manutenção automotiva,Em veículos automotores compatíveis,Revenda online,"160 - CHINA, REPÚBLICA POPULAR","Tianmen Fengcheng Trading Co. Ltd.
","Tianmen Fengcheng Trading Co. Ltd.
","Jingling Street, E-Commerce Industrial Park",S/N,Tianmen,Room 301,Hubei Province,Tela de vidro sensível ao toque de substituição para multimídia automotiva,Tela de toque de vidro de substituição para multimídia automotiva. Material: vidro e metal. Embalagem plástica.,Tela Toque Touch Screen Citroen C4 Cactus Peugeot 208 2008 || Tela Toque Touch Screen Multimídia Citroen C4 Cactus Lounge || Tela Touch Screen Gptrend 50 Pinos Peugeot E Citroen || Tela Touch Screen Peugeot 208 2008 2018 A 2020 Multimidia || Touch Screen Peugeot 208 2008 Tela De Toque Continental,7895141629455,"R$ 22,55|R$ 23,65",Clássico|Premium,61.5,24.0,cadastro_fotos/415.png
416,Chrome grille for vehicle bumper.,Manutenção automotiva,"Tianmen Fengcheng Trading Co. Ltd.
",65.32,24.0,,Grade cromada para para-choque de veículo. Material: plástico ABS. Dimensões individuais: 70 x 20 x 10 cm. Embalagem: saco plástico.,MLB3021620072,MLB3021620072|MLB3021620083|MLB3050000331,3.0,25/03/2026 12:53,416,SKU 416,416,"14512
SKU 416",Chrome grille for vehicle bumper. ,"Chrome grille for vehicle bumper. , Materials: ABS plastic, Individual Size 70x20x10CM, plastic bag",Grade cromada para para-choque de veículo. Material: plástico ABS. Dimensões individuais: 70 x 20 x 10 cm. Embalagem: saco plástico.,Materials: ABS plastic,Materiais: Plástico ABS,plastic bag,saco plástico,70.0,20.0,10.0,0.014,,Individual Size 70x20x10CM,Manutenção automotiva,Em veículos automotores compatíveis,Revenda online,"160 - CHINA, REPÚBLICA POPULAR","Tianmen Fengcheng Trading Co. Ltd.
","Tianmen Fengcheng Trading Co. Ltd.
","Jingling Street, E-Commerce Industrial Park",S/N,Tianmen,Room 301,Hubei Province,Grade cromada para para-choque de veículo.,Grade cromada para para-choque de veículo. Material: plástico ABS. Dimensões individuais: 70 x 20 x 10 cm. Embalagem: saco plástico.,Aplique Friso Cromado Grade Dianteira Civic 2017 2018 2019 Prateado Cromado || Friso Cromado Moldura Grade Civic 2017 2018 2019 G10 || Friso Da Grade Cromado Dianteira Civic 2017 2018 2019,789123400224|7895141628960,"R$ 39,75",Premium,65.32,24.0,cadastro_fotos/416.png
417,Car radiator,Manutenção automotiva,"Tianmen Fengcheng Trading Co. Ltd.
",193.17,20.0,,"Radiador de carro, Material: Alumínio, Dimensões individuais: 63x47x8cm, caixa de papelão",MLB3254083015,MLB3254083015|MLB3269670502|MLB3269880568|MLB3958965489|MLB4190741461|MLB4297486130,6.0,25/03/2026 12:53,417,SKU 417,417,"
LB112-JH1-2002
SKU 417",Car radiator,"Car radiator, Material: Aluminum, Individual Size 63x47x8CM, cardboard box","Radiador de carro, Material: Alumínio, Dimensões individuais: 63x47x8cm, caixa de papelão",Material: Aluminum,Material: Alumínio,cardboard box,caixa de papelão,63.0,47.0,8.0,0.023688,,Individual Size 63x47x8CM,Manutenção automotiva,Em veículos automotores compatíveis,Revenda online,"160 - CHINA, REPÚBLICA POPULAR","Tianmen Fengcheng Trading Co. Ltd.
","Tianmen Fengcheng Trading Co. Ltd.
","Jingling Street, E-Commerce Industrial Park",S/N,Tianmen,Room 301,Hubei Province,Radiador de carro,"Radiador de carro, Material: Alumínio, Dimensões individuais: 63x47x8cm, caixa de papelão",Radiador De Arrefecimento Jac J3 1.4 1.5 12/18 Gas. G-8004 || Radiador De Arrefecimento Jac J3 1.4 1.5 12/18 Gasolina 8004 || Radiador Jac J3 /turin 1.4/1.5 16v 2011 A 2015 Manual || Radiador Motor Arrefecimento Jac J3 1.4 1.5 12a18  G-8004,"7895141630130|7895141630130,7895141635333|7895141635333","R$ 44,05|R$ 48,05|R$ 49,35",Clássico|Premium,193.17,20.0,cadastro_fotos/417.png
417-2,Vehicle radiator cap,Manutenção automotiva,"Tianmen Fengcheng Trading Co. Ltd.
",,,,"Tampa do radiador do veículo, Material: Metal e borracha, , saco plástico",,,,25/03/2026 12:53,417-2,SKU 417-2,417-2,SKU 417-2,Vehicle radiator cap,"Vehicle radiator cap, Material: Metal and rubber, , plastic bag","Tampa do radiador do veículo, Material: Metal e borracha, , saco plástico",Material: Metal and rubber,Material: Metal e borracha,plastic bag,saco plástico,,,,,,,Manutenção automotiva,Em veículos automotores compatíveis,Revenda online,"160 - CHINA, REPÚBLICA POPULAR","Tianmen Fengcheng Trading Co. Ltd.
","Tianmen Fengcheng Trading Co. Ltd.
","Jingling Street, E-Commerce Industrial Park",S/N,Tianmen,Room 301,Hubei Province,Tampa do radiador do veículo,"Tampa do radiador do veículo, Material: Metal e borracha, , saco plástico",,,,,,,cadastro_fotos/417-2.png
419-1,Pair of Fog Lights for vehicles,Manutenção automotiva,"Tianmen Fengcheng Trading Co. Ltd.
",,,,"Par de faróis de neblina para veículos, Materiais: acrílico e plástico, Tamanho individual 27x12x7cm, caixa de papelão",,,,25/03/2026 12:53,419-1,SKU 419-1,419-1,419-1,Pair of Fog Lights for vehicles,"Pair of Fog Lights for vehicles, Materials: acrylic and plastic, Individual Size 27x12x7CM, cardboard box","Par de faróis de neblina para veículos, Materiais: acrílico e plástico, Tamanho individual 27x12x7cm, caixa de papelão",Materials: acrylic and plastic,Materiais: acrílico e plástico,cardboard box,caixa de papelão,27.0,12.0,7.0,0.020727,3,Individual Size 27x12x7CM,Manutenção automotiva,Em veículos automotores compatíveis,Revenda online,"160 - CHINA, REPÚBLICA POPULAR","Tianmen Fengcheng Trading Co. Ltd.
","Tianmen Fengcheng Trading Co. Ltd.
","Jingling Street, E-Commerce Industrial Park",S/N,Tianmen,Room 301,Hubei Province,Par de faróis de neblina para veículos,"Par de faróis de neblina para veículos, Materiais: acrílico e plástico, Tamanho individual 27x12x7cm, caixa de papelão",,,,,,,cadastro_fotos/419-1.png
419-2,Pair of Fog Lights for vehicles,Manutenção automotiva,"Tianmen Fengcheng Trading Co. Ltd.
",,,,"Par de faróis de neblina para veículos, Materiais: acrílico e plástico, Tamanho individual 27x12x7cm, caixa de papelão",,,,25/03/2026 12:53,419-2,SKU 419-2,419-2,419-2,Pair of Fog Lights for vehicles,"Pair of Fog Lights for vehicles, Materials: acrylic and plastic, Individual Size 27x12x7CM, cardboard box","Par de faróis de neblina para veículos, Materiais: acrílico e plástico, Tamanho individual 27x12x7cm, caixa de papelão",Materials: acrylic and plastic,Materiais: acrílico e plástico,cardboard box,caixa de papelão,27.0,12.0,7.0,0.020727,,Individual Size 27x12x7CM,Manutenção automotiva,Em veículos automotores compatíveis,Revenda online,"160 - CHINA, REPÚBLICA POPULAR","Tianmen Fengcheng Trading Co. Ltd.
","Tianmen Fengcheng Trading Co. Ltd.
","Jingling Street, E-Commerce Industrial Park",S/N,Tianmen,Room 301,Hubei Province,Par de faróis de neblina para veículos,"Par de faróis de neblina para veículos, Materiais: acrílico e plástico, Tamanho individual 27x12x7cm, caixa de papelão",,,,,,,cadastro_fotos/419-2.png
419-K,Pair of Fog Lights for vehicles,Manutenção automotiva,"Tianmen Fengcheng Trading Co. Ltd.
",,,,"Par de faróis de neblina para veículos. Materiais: acrílico e plástico, caixa de papelão.",,,,25/03/2026 12:53,419-K,SKU 419-K,419-K,419-K,Pair of Fog Lights for vehicles,"Pair of Fog Lights for vehicles, Materials: acrylic and plastic, cardboard box","Par de faróis de neblina para veículos. Materiais: acrílico e plástico, caixa de papelão.",Materials: acrylic and plastic,Materiais: acrílico e plástico,cardboard box,caixa de papelão,,,,0.0,,Individual Size xxCM,Manutenção automotiva,Em veículos automotores compatíveis,Revenda online,"160 - CHINA, REPÚBLICA POPULAR","Tianmen Fengcheng Trading Co. Ltd.
","Tianmen Fengcheng Trading Co. Ltd.
","Jingling Street, E-Commerce Industrial Park",S/N,Tianmen,Room 301,Hubei Province,Par de faróis de neblina para veículos,"Par de faróis de neblina para veículos. Materiais: acrílico e plástico, caixa de papelão.",,,,,,,cadastro_fotos/419-K.png
420,Brake light 6qe945097 for Polo vehicle,Manutenção automotiva,"Tianmen Fengcheng Trading Co. Ltd.
",,,,"Luz de freio 6qe945097 para veículo Polo, Material: Plástico e metal, Dimensões individuais: 42,5 x 9 x 5,5 cm, Caixa de papelão",,,,25/03/2026 12:53,420,SKU 420,420,"SKU 420
6Q6945097",Brake light 6qe945097 for Polo vehicle,"Brake light 6qe945097 for Polo vehicle, Material: Plastic and metal, Individual Size 42,5x9x5,5CM, cardboard box","Luz de freio 6qe945097 para veículo Polo, Material: Plástico e metal, Dimensões individuais: 42,5 x 9 x 5,5 cm, Caixa de papelão",Material: Plastic and metal,Material: Plástico e metal,cardboard box,caixa de papelão,42.5,9.0,5.5,0.00210375,,"Individual Size 42,5x9x5,5CM",Manutenção automotiva,Em veículos automotores compatíveis,Revenda online,"160 - CHINA, REPÚBLICA POPULAR","Tianmen Fengcheng Trading Co. Ltd.
","Tianmen Fengcheng Trading Co. Ltd.
","Jingling Street, E-Commerce Industrial Park",S/N,Tianmen,Room 301,Hubei Province,Luz de freio 6qe945097 para veículo Polo,"Luz de freio 6qe945097 para veículo Polo, Material: Plástico e metal, Dimensões individuais: 42,5 x 9 x 5,5 cm, Caixa de papelão",,,,,,,cadastro_fotos/420.png
421,Power Window Controls for 2006-2012 Vehicles,Manutenção automotiva,"Tianmen Fengcheng Trading Co. Ltd.
",,,,"Controles de vidros elétricos para veículos de 2006 a 2012, Material: Plástico e metal, Tamanho individual: 14x7x5,5 cm, Caixa de papelão",,,,25/03/2026 12:53,421,SKU 421,421,SKU 421,Power Window Controls for 2006-2012 Vehicles,"Power Window Controls for 2006-2012 Vehicles, Material: Plastic and metal, Individual Size 14x7x5,5CM, cardboard box","Controles de vidros elétricos para veículos de 2006 a 2012, Material: Plástico e metal, Tamanho individual: 14x7x5,5 cm, Caixa de papelão",Material: Plastic and metal,Material: Plástico e metal,cardboard box,caixa de papelão,14.0,7.0,5.5,0.000539,,"Individual Size 14x7x5,5CM",Manutenção automotiva,Em veículos automotores compatíveis,Revenda online,"160 - CHINA, REPÚBLICA POPULAR","Tianmen Fengcheng Trading Co. Ltd.
","Tianmen Fengcheng Trading Co. Ltd.
","Jingling Street, E-Commerce Industrial Park",S/N,Tianmen,Room 301,Hubei Province,Controles dos vidros elétricos para veículos de 2006 a 2012,"Controles de vidros elétricos para veículos de 2006 a 2012, Material: Plástico e metal, Tamanho individual: 14x7x5,5 cm, Caixa de papelão",,,,,,,cadastro_fotos/421.png
422,Six claw metal plate trimmer head,Acessório para roçadeiras,"Tianmen Fengcheng Trading Co. Ltd.
",9.19,24.0,,"Cabeça de corte de placa de metal com seis garras
, Material: Metal, saco plástico",,,,25/03/2026 12:53,422,SKU 422,422,"SKU 422
SL-LZP001","Six claw metal plate trimmer head
","Six claw metal plate trimmer head
, Material: Metal, plastic bag","Cabeça de corte de placa de metal com seis garras
, Material: Metal, saco plástico",Material: Metal,Material: Metal,plastic bag,saco plástico,,,,0.0,,Individual Size xxCM,Acessório para roçadeiras,Em aparelhos compatíveis,Revenda online,"160 - CHINA, REPÚBLICA POPULAR","Tianmen Fengcheng Trading Co. Ltd.
","Tianmen Fengcheng Trading Co. Ltd.
","Jingling Street, E-Commerce Industrial Park",S/N,Tianmen,Room 301,Hubei Province,"Cabeçote de corte de placa metálica com seis garras
","Cabeça de corte de placa de metal com seis garras
, Material: Metal, saco plástico",,,,,9.19,24.0,cadastro_fotos/422.png
422-K,,,,18.38,24.0,,,,,,25/03/2026 12:53,422-K,,,,,,,,,,,,,,,,,,,,,,,,,,,,,,,,,,18.38,24.0,
423,Headlight protector for R1200 motorcycle,Acessório automotivo,"Tianmen Fengcheng Trading Co. Ltd.
",,,,"Protetor de farol para motocicleta R1200, Material: Plástico de policarbonato, embalagem plástica",,,,25/03/2026 12:53,423,SKU 423,423,SKU 423,Headlight protector for R1200 motorcycle,"Headlight protector for R1200 motorcycle, Material: Polycarbonate Plastic, plastic bag","Protetor de farol para motocicleta R1200, Material: Plástico de policarbonato, embalagem plástica",Material: Polycarbonate Plastic,Material: Plástico de policarbonato,plastic bag,saco plástico,,,,0.0,,Individual Size xxCM,Acessório automotivo,Em veículos automotores compatíveis,Revenda online,"160 - CHINA, REPÚBLICA POPULAR","Tianmen Fengcheng Trading Co. Ltd.
","Tianmen Fengcheng Trading Co. Ltd.
","Jingling Street, E-Commerce Industrial Park",S/N,Tianmen,Room 301,Hubei Province,Protetor de farol para motocicleta R1200,"Protetor de farol para motocicleta R1200, Material: Plástico de policarbonato, embalagem plástica",,,,,,,cadastro_fotos/423.png
423-2,Smoked headlight protector for R1200 motorcycle,Acessório automotivo,"Tianmen Fengcheng Trading Co. Ltd.
",,,,"Protetor de farol fumê para motocicleta R1200, Material: Plástico de policarbonato, embalagem plástica",,,,25/03/2026 12:53,423-2,SKU 423-2,423-2,SKU 423-2,Smoked headlight protector for R1200 motorcycle,"Smoked headlight protector for R1200 motorcycle, Material: Polycarbonate Plastic, plastic bag","Protetor de farol fumê para motocicleta R1200, Material: Plástico de policarbonato, embalagem plástica",Material: Polycarbonate Plastic,Material: Plástico de policarbonato,plastic bag,saco plástico,,,,,,Individual Size xxCM,Acessório automotivo,Em veículos automotores compatíveis,Revenda online,"160 - CHINA, REPÚBLICA POPULAR","Tianmen Fengcheng Trading Co. Ltd.
","Tianmen Fengcheng Trading Co. Ltd.
","Jingling Street, E-Commerce Industrial Park",S/N,Tianmen,Room 301,Hubei Province,Protetor de farol fumê para motocicleta R1200,"Protetor de farol fumê para motocicleta R1200, Material: Plástico de policarbonato, embalagem plástica",,,,,,,cadastro_fotos/423-2.png
425,Intercooler hose for vehicles AB396K683CE,Manutenção automotiva,"Tianmen Fengcheng Trading Co. Ltd.
",68.52,24.0,,"Mangueira do intercooler para veículos AB396K683CE, Material: Borracha, saco plástico",,,,25/03/2026 12:53,425,SKU 425,425,"AB39K683CE
SKU 425",Intercooler hose for vehicles AB396K683CE ,"Intercooler hose for vehicles AB396K683CE , Material: Rubber, plastic bag","Mangueira do intercooler para veículos AB396K683CE, Material: Borracha, saco plástico",Material: Rubber,Material: Borracha,plastic bag,saco plástico,,,,0.0,,Individual Size xxCM,Manutenção automotiva,Em veículos automotores compatíveis,Revenda online,"160 - CHINA, REPÚBLICA POPULAR","Tianmen Fengcheng Trading Co. Ltd.
","Tianmen Fengcheng Trading Co. Ltd.
","Jingling Street, E-Commerce Industrial Park",S/N,Tianmen,Room 301,Hubei Province,Mangueira do intercooler para veículos AB396K683CE,"Mangueira do intercooler para veículos AB396K683CE, Material: Borracha, saco plástico",,,,,68.52,24.0,cadastro_fotos/425.png
425-1,Intercooler hose for vehicles AB396K683BE/AB396K683DD,Manutenção automotiva,"Tianmen Fengcheng Trading Co. Ltd.
",69.96,24.0,,"Mangueira do intercooler para veículos AB396K683BE/AB396K683DD, Material: Borracha, saco plástico",MLB4049706672,MLB4049706672|MLB4049731872|MLB4049732004|MLB4049767680,4.0,25/03/2026 12:53,425-1,SKU 425-1,425-1,"AB396K683DD
SKU 425-1",Intercooler hose for vehicles AB396K683BE/AB396K683DD,"Intercooler hose for vehicles AB396K683BE/AB396K683DD, Material: Rubber, plastic bag","Mangueira do intercooler para veículos AB396K683BE/AB396K683DD, Material: Borracha, saco plástico",Material: Rubber,Material: Borracha,plastic bag,saco plástico,,,,0.0,,Individual Size xxCM,Manutenção automotiva,Em veículos automotores compatíveis,Revenda online,"160 - CHINA, REPÚBLICA POPULAR","Tianmen Fengcheng Trading Co. Ltd.
","Tianmen Fengcheng Trading Co. Ltd.
","Jingling Street, E-Commerce Industrial Park",S/N,Tianmen,Room 301,Hubei Province,Mangueira do intercooler para veículos AB396K683BE/AB396K683DD,"Mangueira do intercooler para veículos AB396K683BE/AB396K683DD, Material: Borracha, saco plástico",Mangueira Intercooler Admissão Ford Ranger 3.2 Ab396k683bf Preto || Mangueira Intercooler Admissão Ranger 3.2 2013-2023 Original Preto || Mangueira Intercooler Admissão Ranger 3.2 2013/2014 Silicone Preto,7895141631557|7895141635463,"R$ 24,65|R$ 26,25|R$ 28,35",Clássico|Premium,69.96,24.0,cadastro_fotos/425-1.png
425-2,Intercooler hose for vehicles AB396K683BF,Manutenção automotiva,"Tianmen Fengcheng Trading Co. Ltd.
",68.47,24.0,,"Mangueira do intercooler para veículos AB396K683BF, Material: Borracha, saco plástico",,,,25/03/2026 12:53,425-2,SKU 425-2,425-2,"AB396K683BF 
SKU 452-2",Intercooler hose for vehicles AB396K683BF,"Intercooler hose for vehicles AB396K683BF, Material: Rubber, plastic bag","Mangueira do intercooler para veículos AB396K683BF, Material: Borracha, saco plástico",Material: Rubber,Material: Borracha,plastic bag,saco plástico,,,,0.0,,Individual Size xxCM,Manutenção automotiva,Em veículos automotores compatíveis,Revenda online,"160 - CHINA, REPÚBLICA POPULAR","Tianmen Fengcheng Trading Co. Ltd.
","Tianmen Fengcheng Trading Co. Ltd.
","Jingling Street, E-Commerce Industrial Park",S/N,Tianmen,Room 301,Hubei Province,Mangueira do intercooler para veículos AB396K683BF,"Mangueira do intercooler para veículos AB396K683BF, Material: Borracha, saco plástico",,,,,68.47,24.0,cadastro_fotos/425-2.png
426-1,Rearview flashes side mirror LED dynamic signal light 5W 12V,Manutenção automotiva,"Tianmen Fengcheng Trading Co. Ltd.
",23.38,24.0,,"Luz de sinalização lateral LED dinâmica para retrovisor, 5W 12V, Material: ABS/PC + Luz LED, caixa de papelão",-,-,1.0,25/03/2026 12:53,426-1,SKU 426-1,426-1,"12065CP
SKU 426",Rearview flashes side mirror LED dynamic signal light 5W 12V,"Rearview flashes side mirror LED dynamic signal light 5W 12V, Material: ABS/PC + LED Ligth, cardboard box","Luz de sinalização lateral LED dinâmica para retrovisor, 5W 12V, Material: ABS/PC + Luz LED, caixa de papelão",Material: ABS/PC + LED Ligth,Material: ABS/PC + Luz LED,cardboard box,caixa de papelão,,,,,,Individual Size xxCM,Manutenção automotiva,Em veículos automotores compatíveis,Revenda online,"160 - CHINA, REPÚBLICA POPULAR","Tianmen Fengcheng Trading Co. Ltd.
","Tianmen Fengcheng Trading Co. Ltd.
","Jingling Street, E-Commerce Industrial Park",S/N,Tianmen,Room 301,Hubei Province,"Luz de sinalização dinâmica LED para retrovisor lateral, 5W, 12V","Luz de sinalização lateral LED dinâmica para retrovisor, 5W 12V, Material: ABS/PC + Luz LED, caixa de papelão",-,7895141636743,-,-,23.38,24.0,cadastro_fotos/426-1.png
426-2,Rearview flashes side mirror LED dynamic signal light 5W 12V,Manutenção automotiva,"Tianmen Fengcheng Trading Co. Ltd.
",23.38,24.0,,"Luz de sinalização lateral LED dinâmica para retrovisor, 5W 12V, Material: ABS/PC + Luz LED, caixa de papelão",-,-,1.0,25/03/2026 12:53,426-2,SKU 426-2,426-2,"12065CP
SKU 426",Rearview flashes side mirror LED dynamic signal light 5W 12V,"Rearview flashes side mirror LED dynamic signal light 5W 12V, Material: ABS/PC + LED Ligth, cardboard box","Luz de sinalização lateral LED dinâmica para retrovisor, 5W 12V, Material: ABS/PC + Luz LED, caixa de papelão",Material: ABS/PC + LED Ligth,Material: ABS/PC + Luz LED,cardboard box,caixa de papelão,,,,,,Individual Size xxCM,Manutenção automotiva,Em veículos automotores compatíveis,Revenda online,"160 - CHINA, REPÚBLICA POPULAR","Tianmen Fengcheng Trading Co. Ltd.
","Tianmen Fengcheng Trading Co. Ltd.
","Jingling Street, E-Commerce Industrial Park",S/N,Tianmen,Room 301,Hubei Province,"Luz de sinalização dinâmica LED para retrovisor lateral, 5W, 12V","Luz de sinalização lateral LED dinâmica para retrovisor, 5W 12V, Material: ABS/PC + Luz LED, caixa de papelão",-,7895141636736,-,-,23.38,24.0,cadastro_fotos/426-2.png
426-K,Rearview flashes side mirror LED dynamic signal light 5W 12V,Manutenção automotiva,"Tianmen Fengcheng Trading Co. Ltd.
",44.34,24.0,,"Luz de sinalização lateral LED dinâmica para retrovisor, 5W 12V, Material: ABS/PC + LED, Dimensões individuais: 18x8x8cm, Embalagem em caixa de papelão",MLB3502508943,MLB3502508943|MLB3502509157|MLB4183515444|MLB4183515600|MLB4183547432,5.0,25/03/2026 12:53,426-K,SKU 426-K,426-K,"12065CP
SKU 426",Rearview flashes side mirror LED dynamic signal light 5W 12V,"Rearview flashes side mirror LED dynamic signal light 5W 12V, Material: ABS/PC + LED Ligth, Individual Size 18x8x8CM, cardboard box","Luz de sinalização lateral LED dinâmica para retrovisor, 5W 12V, Material: ABS/PC + LED, Dimensões individuais: 18x8x8cm, Embalagem em caixa de papelão",Material: ABS/PC + LED Ligth,Material: ABS/PC + Luz LED,cardboard box,caixa de papelão,18.0,8.0,8.0,0.001152,300,Individual Size 18x8x8CM,Manutenção automotiva,Em veículos automotores compatíveis,Revenda online,"160 - CHINA, REPÚBLICA POPULAR","Tianmen Fengcheng Trading Co. Ltd.
","Tianmen Fengcheng Trading Co. Ltd.
","Jingling Street, E-Commerce Industrial Park",S/N,Tianmen,Room 301,Hubei Province,"Luz de sinalização dinâmica LED para retrovisor lateral, 5W, 12V","Luz de sinalização lateral LED dinâmica para retrovisor, 5W 12V, Material: ABS/PC + LED, Dimensões individuais: 18x8x8cm, Embalagem em caixa de papelão",Par Pisca Seta Sequencial Retrovisor Bmw G20 340 440i 320 M3 Laranja || Seta Pisca Retrovisor Led Sequencial Golf Gti Mk7 Jetta Gli Laranja || Seta Retrovisor Sequencial Dinâmica Golf Mk7 Gti Jetta Gli Laranja || Seta Retrovisor Sequencial Dinâmica Golf Mk7 Mk7.5 Jetta Gli Laranja,"7895141633186|7895141633186,7895141633193","R$ 19,85|R$ 22,55",Clássico|Premium,44.34,24.0,cadastro_fotos/426-K.png
427,Side marker light for vehicles 5W 12V,Manutenção automotiva,"Tianmen Fengcheng Trading Co. Ltd.
",22.59,24.0,,"Luz de sinalização lateral para veículos 5W 12V, Material: ABS/PC + LED, caixa de papelão",MLB3502651701,MLB3502651701|MLB3502651779|MLB4183842990|MLB4183869070,4.0,25/03/2026 12:53,427,SKU 427,427,"1J0949117
SKU 427",Side marker light for vehicles 5W 12V ,"Side marker light for vehicles 5W 12V , Material: ABS/PC + LED Ligth, cardboard box","Luz de sinalização lateral para veículos 5W 12V, Material: ABS/PC + LED, caixa de papelão",Material: ABS/PC + LED Ligth,Material: ABS/PC + Luz LED,cardboard box,caixa de papelão,,,,0.0,100,Individual Size xxCM,Manutenção automotiva,Em veículos automotores compatíveis,Revenda online,"160 - CHINA, REPÚBLICA POPULAR","Tianmen Fengcheng Trading Co. Ltd.
","Tianmen Fengcheng Trading Co. Ltd.
","Jingling Street, E-Commerce Industrial Park",S/N,Tianmen,Room 301,Hubei Province,Luz de sinalização lateral para veículos 5W 12V,"Luz de sinalização lateral para veículos 5W 12V, Material: ABS/PC + LED, caixa de papelão",Kit Seta Pisca Sequencial Vw Amarok Paralama Lateral Led Laranja || Par Pisca Dinâmico Vw Golf 2003 Sapão Seta Sequencial Laranja || Seta Pisca Sequencial Vw Golf Mk4 Amarok Passat Bora Seat Laranja,"7895141633216,7895141644762|7895141633216,7895141644809|7895141633216,7895141644854|7895141633216,7895141644878","R$ 16,45|R$ 18,45|R$ 7,75|R$ 7,85",Clássico,22.59,24.0,cadastro_fotos/427.png
428-1,"Automotive headlight brackets, Right side",Manutenção automotiva,"Tianmen Fengcheng Trading Co. Ltd.
",11.59,24.0,,"Suportes para faróis automotivos, lado direito, Material: Plástico, embalagem plástica",-,-,1.0,25/03/2026 12:53,428-1,SKU 428-1,428-1,"71140T7A000
SKU 428-1","Automotive headlight brackets, Right side","Automotive headlight brackets, Right side, Material: Plastic, plastic bag","Suportes para faróis automotivos, lado direito, Material: Plástico, embalagem plástica",Material: Plastic,Material: Plástico,plastic bag,saco plástico,,,,,,Individual Size xxCM,Manutenção automotiva,Em veículos automotores compatíveis,Revenda online,"160 - CHINA, REPÚBLICA POPULAR","Tianmen Fengcheng Trading Co. Ltd.
","Tianmen Fengcheng Trading Co. Ltd.
","Jingling Street, E-Commerce Industrial Park",S/N,Tianmen,Room 301,Hubei Province,"Suportes de farol automotivo, lado direito","Suportes para faróis automotivos, lado direito, Material: Plástico, embalagem plástica",-,7895141636606,-,-,11.59,24.0,cadastro_fotos/428-1.png
428-2,"Automotive headlight brackets, Left side",Manutenção automotiva,"Tianmen Fengcheng Trading Co. Ltd.
",11.59,24.0,,"Suportes para faróis automotivos, lado esquerdo, Material: Plástico, embalagem plástica",-,-,1.0,25/03/2026 12:53,428-2,SKU 428-2,428-2,"71140T7A000
SKU 428-2","Automotive headlight brackets, Left side","Automotive headlight brackets, Left side, Material: Plastic, plastic bag","Suportes para faróis automotivos, lado esquerdo, Material: Plástico, embalagem plástica",Material: Plastic,Material: Plástico,plastic bag,saco plástico,,,,,,Individual Size xxCM,Manutenção automotiva,Em veículos automotores compatíveis,Revenda online,"160 - CHINA, REPÚBLICA POPULAR","Tianmen Fengcheng Trading Co. Ltd.
","Tianmen Fengcheng Trading Co. Ltd.
","Jingling Street, E-Commerce Industrial Park",S/N,Tianmen,Room 301,Hubei Province,"Suportes de farol automotivo, lado esquerdo","Suportes para faróis automotivos, lado esquerdo, Material: Plástico, embalagem plástica",-,7895141636613,-,-,11.59,24.0,cadastro_fotos/428-2.png
428-K,Pair of automotive headlight bracket support,Manutenção automotiva,"Tianmen Fengcheng Trading Co. Ltd.
",23.18,24.0,,"Par de suportes para faróis automotivos, Material: Plástico, embalagem plástica",MLB4179265284,MLB4179265284|MLB4179300472|MLB4179310894|MLB4179312144,4.0,25/03/2026 12:53,428-K,SKU 428-K,428-K,"71140T7A000
SKU:428",Pair of automotive headlight bracket support ,"Pair of automotive headlight bracket support , Material: Plastic, plastic bag","Par de suportes para faróis automotivos, Material: Plástico, embalagem plástica",Material: Plastic,Material: Plástico,plastic bag,saco plástico,,,,0.0,,Individual Size xxCM,Manutenção automotiva,Em veículos automotores compatíveis,Revenda online,"160 - CHINA, REPÚBLICA POPULAR","Tianmen Fengcheng Trading Co. Ltd.
","Tianmen Fengcheng Trading Co. Ltd.
","Jingling Street, E-Commerce Industrial Park",S/N,Tianmen,Room 301,Hubei Province,Par de suportes para faróis automotivos,"Par de suportes para faróis automotivos, Material: Plástico, embalagem plástica",Par Guia Farol Dianteiro Dianteiro Hr-v 2015 2016 2017 2018 || Par Guia Farol Dianteiro Honda Hr-v 2015 2016 2017 2018 2019 || Par Guia Farol Dianteiro Hrv Hr-v 2015 2016 2017 2018 2019,7895141622654,"R$ 21,15|R$ 24,65",Clássico|Premium,23.18,24.0,cadastro_fotos/428-K.png
429,Vehicle Transmission Protection Mat,Manutenção automotiva,"Tianmen Fengcheng Trading Co. Ltd.
",22.84,24.0,,"Tapete de proteção para transmissão do veículo, Material: Plástico e borracha, embalagem plástica",,,,25/03/2026 12:53,429,SKU 429,429,SKU 429,Vehicle Transmission Protection Mat,"Vehicle Transmission Protection Mat, Material: Plastic and Rubber, plastic bag","Tapete de proteção para transmissão do veículo, Material: Plástico e borracha, embalagem plástica",Material: Plastic and Rubber,Material: Plástico e borracha,plastic bag,saco plástico,,,,0.0,,Individual Size xxCM,Manutenção automotiva,Em veículos automotores compatíveis,Revenda online,"160 - CHINA, REPÚBLICA POPULAR","Tianmen Fengcheng Trading Co. Ltd.
","Tianmen Fengcheng Trading Co. Ltd.
","Jingling Street, E-Commerce Industrial Park",S/N,Tianmen,Room 301,Hubei Province,Tapete de proteção da transmissão do veículo,"Tapete de proteção para transmissão do veículo, Material: Plástico e borracha, embalagem plástica",,,,,22.84,24.0,cadastro_fotos/429.png
430,Automotive Grille,Manutenção automotiva,"Tianmen Fengcheng Trading Co. Ltd.
",76.54,24.0,,"Grade automotiva, Material: Plástico ABS, Tamanho individual 95x45x25CM, embalagem plástica",MLB3502691741,MLB3502691741|MLB3502691867|MLB3502716727|MLB4184011272|MLB4955974440,5.0,25/03/2026 12:53,430,SKU 430,430,"SL-KLL14-017
SKU 430",Automotive Grille ,"Automotive Grille , Material: Plastic ABS, Individual Size 95x45x25CM, plastic bag","Grade automotiva, Material: Plástico ABS, Tamanho individual 95x45x25CM, embalagem plástica",Material: Plastic ABS,Material: Plástico ABS,plastic bag,saco plástico,95.0,45.0,25.0,0.106875,1100,Individual Size 95x45x25CM,Manutenção automotiva,Em veículos automotores compatíveis,Revenda online,"160 - CHINA, REPÚBLICA POPULAR","Tianmen Fengcheng Trading Co. Ltd.
","Tianmen Fengcheng Trading Co. Ltd.
","Jingling Street, E-Commerce Industrial Park",S/N,Tianmen,Room 301,Hubei Province,Grade Automotiva,"Grade automotiva, Material: Plástico ABS, Tamanho individual 95x45x25CM, embalagem plástica",Grade Dianteira Corolla 2015 2016 2017 Cromada Sem Emblema Prateado Cromado || Grade Dianteira Corolla Cromada 2015 2016 2017 Sem Emblema Prateado Cromado || Grade Dianteira Toyota Corolla 2015 2016 2017 Cromada Prateado Cromado || Grade Toyota Corolla 2015 2016 2017 Cromada Prateado Cromado,7895141633223,"R$ 39,75|R$ 48,05",Clássico|Premium,76.54,24.0,cadastro_fotos/430.png
431,Automotive Grille,Manutenção automotiva,"Tianmen Fengcheng Trading Co. Ltd.
",86.17,24.0,,"Grade automotiva, Material: Plástico ABS, Tamanho individual 90x40x10CM, embalagem plástica",,,,25/03/2026 12:53,431,SKU 431,431,"SL-KLL17-008
SKU 431",Automotive Grille ,"Automotive Grille , Material: Plastic ABS, Individual Size 90x40x10CM, plastic bag","Grade automotiva, Material: Plástico ABS, Tamanho individual 90x40x10CM, embalagem plástica",Material: Plastic ABS,Material: Plástico ABS,plastic bag,saco plástico,90.0,40.0,10.0,0.036,86,Individual Size 90x40x10CM,Manutenção automotiva,Em veículos automotores compatíveis,Revenda online,"160 - CHINA, REPÚBLICA POPULAR","Tianmen Fengcheng Trading Co. Ltd.
","Tianmen Fengcheng Trading Co. Ltd.
","Jingling Street, E-Commerce Industrial Park",S/N,Tianmen,Room 301,Hubei Province,Grade Automotiva,"Grade automotiva, Material: Plástico ABS, Tamanho individual 90x40x10CM, embalagem plástica",,,,,86.17,24.0,cadastro_fotos/431.png
432,Rotating steel brush for brush cutter,Acessório para roçadeiras,"Tianmen Fengcheng Trading Co. Ltd.
",12.52,24.0,,"Escova rotativa de aço para roçadeira, Material: Aço, caixa de papelão",,,,25/03/2026 12:53,432,SKU 432,432,"XCS-1005
SKU 432",Rotating steel brush for brush cutter ,"Rotating steel brush for brush cutter , Materia: Steel., cardboard box","Escova rotativa de aço para roçadeira, Material: Aço, caixa de papelão",Materia: Steel.,Matéria: Aço.,cardboard box,caixa de papelão,,,,0.0,,Individual Size xxCM,Acessório para roçadeiras,Em aparelhos compatíveis,Revenda online,"160 - CHINA, REPÚBLICA POPULAR","Tianmen Fengcheng Trading Co. Ltd.
","Tianmen Fengcheng Trading Co. Ltd.
","Jingling Street, E-Commerce Industrial Park",S/N,Tianmen,Room 301,Hubei Province,Escova de aço rotativa para roçadeira,"Escova rotativa de aço para roçadeira, Material: Aço, caixa de papelão",,,,,12.52,24.0,cadastro_fotos/432.png
433-1,WALL PANEL,,"Tianmen Fengcheng Trading Co. Ltd.
",27.67,24.0,,"Painel de parede, Material: WPC, Tamanho individual: 290x16x2,5 cm",,,,25/03/2026 12:53,433-1,SKU 433-1,433-1,"WPC29016 
SKU 433-1",WALL PANEL,"WALL PANEL,  Material : WPC, Individual Size 290x16x2,5CM, ","Painel de parede, Material: WPC, Tamanho individual: 290x16x2,5 cm", Material : WPC,Material: WPC,,,290.0,16.0,2.5,0.0116,,"Individual Size 290x16x2,5CM",,PAINEL DE PAREDE,Revenda online,"160 - CHINA, REPÚBLICA POPULAR","Tianmen Fengcheng Trading Co. Ltd.
","Tianmen Fengcheng Trading Co. Ltd.
","Jingling Street, E-Commerce Industrial Park",S/N,Tianmen,Room 301,Hubei Province,PAINEL DE PAREDE,"Painel de parede, Material: WPC, Tamanho individual: 290x16x2,5 cm",,,,,27.67,24.0,cadastro_fotos/433-1.jpg
433-2,WALL PANEL,,"Tianmen Fengcheng Trading Co. Ltd.
",,,,"Painel de parede, Material: WPC, Tamanho individual: 290x16x2,5 cm",,,,25/03/2026 12:53,433-2,SKU 433-2,433-2,"WPC29016 
SKU: 433-2",WALL PANEL,"WALL PANEL,  Material : WPC, Individual Size 290x16x2,5CM, ","Painel de parede, Material: WPC, Tamanho individual: 290x16x2,5 cm", Material : WPC,Material: WPC,,,290.0,16.0,2.5,0.0116,,"Individual Size 290x16x2,5CM",,PAINEL DE PAREDE,Revenda online,"160 - CHINA, REPÚBLICA POPULAR","Tianmen Fengcheng Trading Co. Ltd.
","Tianmen Fengcheng Trading Co. Ltd.
","Jingling Street, E-Commerce Industrial Park",S/N,Tianmen,Room 301,Hubei Province,PAINEL DE PAREDE,"Painel de parede, Material: WPC, Tamanho individual: 290x16x2,5 cm",,,,,,,cadastro_fotos/433-2.png
434,Vehicle trunk lock motor,Manutenção automotiva,"Tianmen Fengcheng Trading Co. Ltd.
",,,,"Motor da trava do porta-malas do veículo, Material: Plástico, metal e borracha, caixa de papelão",,,,25/03/2026 12:53,434,SKU 434,434,SKU 434,Vehicle trunk lock motor,"Vehicle trunk lock motor,  Material : Plastic. metal and rubber, cardboard box","Motor da trava do porta-malas do veículo, Material: Plástico, metal e borracha, caixa de papelão", Material : Plastic. metal and rubber,"Material: Plástico, metal e borracha.",cardboard box,caixa de papelão,,,,0.0,,Individual Size xxCM,Manutenção automotiva,Em veículos automotores compatíveis,Revenda online,"160 - CHINA, REPÚBLICA POPULAR","Tianmen Fengcheng Trading Co. Ltd.
","Tianmen Fengcheng Trading Co. Ltd.
","Jingling Street, E-Commerce Industrial Park",S/N,Tianmen,Room 301,Hubei Province,motor da trava do porta-malas do veículo,"Motor da trava do porta-malas do veículo, Material: Plástico, metal e borracha, caixa de papelão",,,,,,,cadastro_fotos/434.png
435-1,"Rearview Mirror Turn Signal Lights Compatible with Hyundai Ix35, Rigth side",Manutenção automotiva,"Tianmen Fengcheng Trading Co. Ltd.
",52.07,24.0,,"Luzes de seta do espelho retrovisor compatíveis com Hyundai Ix35, lado direito, material: plástico ABS, caixa de papelão.",,,,25/03/2026 12:53,435-1,SKU 435-1,435-1,SKU 435-1,"Rearview Mirror Turn Signal Lights Compatible with Hyundai Ix35, Rigth side","Rearview Mirror Turn Signal Lights Compatible with Hyundai Ix35, Rigth side, Material: ABS plastic, cardboard box","Luzes de seta do espelho retrovisor compatíveis com Hyundai Ix35, lado direito, material: plástico ABS, caixa de papelão.",Material: ABS plastic,Material: Plástico ABS,cardboard box,caixa de papelão,,,,0.0,,Individual Size xxCM,Manutenção automotiva,Em veículos automotores compatíveis,Revenda online,"160 - CHINA, REPÚBLICA POPULAR","Tianmen Fengcheng Trading Co. Ltd.
","Tianmen Fengcheng Trading Co. Ltd.
","Jingling Street, E-Commerce Industrial Park",S/N,Tianmen,Room 301,Hubei Province,"Luzes de seta do espelho retrovisor compatíveis com Hyundai IX35, lado direito.","Luzes de seta do espelho retrovisor compatíveis com Hyundai Ix35, lado direito, material: plástico ABS, caixa de papelão.",,,,,52.07,24.0,cadastro_fotos/435-1.png
435-2,"Rearview Mirror Turn Signal Lights Compatible with Hyundai Ix35, Left side",Manutenção automotiva,"Tianmen Fengcheng Trading Co. Ltd.
",,,,"Luzes de seta do espelho retrovisor compatíveis com Hyundai Ix35, lado esquerdo, material: plástico ABS, caixa de papelão.",,,,25/03/2026 12:53,435-2,SKU 435-2,435-2,SKU 435-2,"Rearview Mirror Turn Signal Lights Compatible with Hyundai Ix35, Left side","Rearview Mirror Turn Signal Lights Compatible with Hyundai Ix35, Left side, Material: ABS plastic, cardboard box","Luzes de seta do espelho retrovisor compatíveis com Hyundai Ix35, lado esquerdo, material: plástico ABS, caixa de papelão.",Material: ABS plastic,Material: Plástico ABS,cardboard box,caixa de papelão,,,,0.0,,Individual Size xxCM,Manutenção automotiva,Em veículos automotores compatíveis,Revenda online,"160 - CHINA, REPÚBLICA POPULAR","Tianmen Fengcheng Trading Co. Ltd.
","Tianmen Fengcheng Trading Co. Ltd.
","Jingling Street, E-Commerce Industrial Park",S/N,Tianmen,Room 301,Hubei Province,"Luzes de seta do espelho retrovisor compatíveis com Hyundai IX35, lado esquerdo","Luzes de seta do espelho retrovisor compatíveis com Hyundai Ix35, lado esquerdo, material: plástico ABS, caixa de papelão.",,,,,,,cadastro_fotos/435-2.png
435-K,Pair of Rear View Mirror Turn Signal Lights Compatible with Hyundai Ix35,Manutenção automotiva,"Tianmen Fengcheng Trading Co. Ltd.
",,,,"Conjunto de luzes de seta para retrovisor compatíveis com Hyundai Ix35. Material: plástico ABS, embalagem em caixa de papelão.",,,,25/03/2026 12:53,435-K,SKU 435-K,435-K,SKU 435-K,Pair of Rear View Mirror Turn Signal Lights Compatible with Hyundai Ix35,"Pair of Rear View Mirror Turn Signal Lights Compatible with Hyundai Ix35, Material: ABS plastic, cardboard box","Conjunto de luzes de seta para retrovisor compatíveis com Hyundai Ix35. Material: plástico ABS, embalagem em caixa de papelão.",Material: ABS plastic,Material: Plástico ABS,cardboard box,caixa de papelão,,,,0.0,,Individual Size xxCM,Manutenção automotiva,Em veículos automotores compatíveis,Revenda online,"160 - CHINA, REPÚBLICA POPULAR","Tianmen Fengcheng Trading Co. Ltd.
","Tianmen Fengcheng Trading Co. Ltd.
","Jingling Street, E-Commerce Industrial Park",S/N,Tianmen,Room 301,Hubei Province,Conjunto de luzes de sinalização traseiras compatíveis com Hyundai IX35,"Conjunto de luzes de seta para retrovisor compatíveis com Hyundai Ix35. Material: plástico ABS, embalagem em caixa de papelão.",,,,,,,cadastro_fotos/435-K.png
436,Cardam Brushcutter Glove Adapter,Acessório para roçadeiras,"Tianmen Fengcheng Trading Co. Ltd.
",2.8,24.0,,"Adaptador para luva de roçadeira Cardam, Material: Metal, saco plástico",,,,25/03/2026 12:53,436,SKU 436,436,SKU 436,Cardam Brushcutter Glove Adapter ,"Cardam Brushcutter Glove Adapter , Material: Metal, plastic bag","Adaptador para luva de roçadeira Cardam, Material: Metal, saco plástico",Material: Metal,Material: Metal,plastic bag,saco plástico,,,,0.0,,Individual Size xxCM,Acessório para roçadeiras,Em aparelhos compatíveis,Revenda online,"160 - CHINA, REPÚBLICA POPULAR","Tianmen Fengcheng Trading Co. Ltd.
","Tianmen Fengcheng Trading Co. Ltd.
","Jingling Street, E-Commerce Industrial Park",S/N,Tianmen,Room 301,Hubei Province,Adaptador de luva para roçadeira Cardam,"Adaptador para luva de roçadeira Cardam, Material: Metal, saco plástico",,,,,2.8,24.0,cadastro_fotos/436.png
436-1,Cardam Brushcutter Glove Adapter 9 stretch marks,Acessório para roçadeiras,"Tianmen Fengcheng Trading Co. Ltd.
",2.8,24.0,,"Adaptador de luva para roçadeira Cardam 9, com 9 marcas de estiramento, Material: Metal, , saco plástico",-,-,1.0,25/03/2026 12:53,436-1,SKU 436-1,436-1,SKU 436-1,Cardam Brushcutter Glove Adapter 9 stretch marks,"Cardam Brushcutter Glove Adapter 9 stretch marks, Material: Metal, , plastic bag","Adaptador de luva para roçadeira Cardam 9, com 9 marcas de estiramento, Material: Metal, , saco plástico",Material: Metal,Material: Metal,plastic bag,saco plástico,,,,,,,Acessório para roçadeiras,Em aparelhos compatíveis,Revenda online,"160 - CHINA, REPÚBLICA POPULAR","Tianmen Fengcheng Trading Co. Ltd.
","Tianmen Fengcheng Trading Co. Ltd.
","Jingling Street, E-Commerce Industrial Park",S/N,Tianmen,Room 301,Hubei Province,Adaptador de luva para roçadeira Cardam 9 estrias,"Adaptador de luva para roçadeira Cardam 9, com 9 marcas de estiramento, Material: Metal, , saco plástico",-,7895141638631,-,-,2.8,24.0,cadastro_fotos/436-1.png
436-2,Cardam Brushcutter Glove Adapter 7 stretch marks,Acessório para roçadeiras,"Tianmen Fengcheng Trading Co. Ltd.
",2.8,24.0,,"Adaptador de luva para roçadeira Cardam 7, resistente a estrias, Material: Metal, , saco plástico",-,-,1.0,25/03/2026 12:53,436-2,SKU 436-2,436-2,SKU 436-2,Cardam Brushcutter Glove Adapter 7 stretch marks,"Cardam Brushcutter Glove Adapter 7 stretch marks, Material: Metal, , plastic bag","Adaptador de luva para roçadeira Cardam 7, resistente a estrias, Material: Metal, , saco plástico",Material: Metal,Material: Metal,plastic bag,saco plástico,,,,,,,Acessório para roçadeiras,Em aparelhos compatíveis,Revenda online,"160 - CHINA, REPÚBLICA POPULAR","Tianmen Fengcheng Trading Co. Ltd.
","Tianmen Fengcheng Trading Co. Ltd.
","Jingling Street, E-Commerce Industrial Park",S/N,Tianmen,Room 301,Hubei Province,Adaptador de luva para roçadeira Cardam 7 estrias,"Adaptador de luva para roçadeira Cardam 7, resistente a estrias, Material: Metal, , saco plástico",-,7895141638648,-,-,2.8,24.0,cadastro_fotos/436-2.png
436-3,Cardam Brushcutter Glove Adapter 6mm square,Acessório para roçadeiras,"Tianmen Fengcheng Trading Co. Ltd.
",3.92,24.0,,"Adaptador de luva para roçadeira Cardam, 6 mm quadrado, Material: Metal, embalagem plástica",-,-,1.0,25/03/2026 12:53,436-3,SKU 436-3,436-3,SKU 436-3,Cardam Brushcutter Glove Adapter 6mm square,"Cardam Brushcutter Glove Adapter 6mm square, Material: Metal, , plastic bag","Adaptador de luva para roçadeira Cardam, 6 mm quadrado, Material: Metal, embalagem plástica",Material: Metal,Material: Metal,plastic bag,saco plástico,,,,,,,Acessório para roçadeiras,Em aparelhos compatíveis,Revenda online,"160 - CHINA, REPÚBLICA POPULAR","Tianmen Fengcheng Trading Co. Ltd.
","Tianmen Fengcheng Trading Co. Ltd.
","Jingling Street, E-Commerce Industrial Park",S/N,Tianmen,Room 301,Hubei Province,Adaptador de luva para roçadeira Cardam de 6 mm quadrado,"Adaptador de luva para roçadeira Cardam, 6 mm quadrado, Material: Metal, embalagem plástica",-,7895141638624,-,-,3.92,24.0,cadastro_fotos/436-3.png
436-4,Cardam Brushcutter Glove Adapter 5.5mm square,Acessório para roçadeiras,"Tianmen Fengcheng Trading Co. Ltd.
",3.92,24.0,,"Adaptador de luva para roçadeira Cardam, 5,5 mm quadrado, Material: Metal, embalagem plástica",-,-,1.0,25/03/2026 12:53,436-4,SKU 436-4,436-4,SKU 440,Cardam Brushcutter Glove Adapter 5.5mm square,"Cardam Brushcutter Glove Adapter 5.5mm square, Material: Metal, , plastic bag","Adaptador de luva para roçadeira Cardam, 5,5 mm quadrado, Material: Metal, embalagem plástica",Material: Metal,Material: Metal,plastic bag,saco plástico,,,,,,,Acessório para roçadeiras,Em aparelhos compatíveis,Revenda online,"160 - CHINA, REPÚBLICA POPULAR","Tianmen Fengcheng Trading Co. Ltd.
","Tianmen Fengcheng Trading Co. Ltd.
","Jingling Street, E-Commerce Industrial Park",S/N,Tianmen,Room 301,Hubei Province,"Adaptador de luva para roçadeira Cardam 5,5 mm quadrado","Adaptador de luva para roçadeira Cardam, 5,5 mm quadrado, Material: Metal, embalagem plástica",-,7895141638624,-,-,3.92,24.0,cadastro_fotos/436-4.png
437,Complete motorcycle stator,Manutenção automotiva,"Tianmen Fengcheng Trading Co. Ltd.
",23.04,24.0,,"Estator completo para motocicleta, Material: Metal e plástico, embalagem plástica",,,,25/03/2026 12:53,437,SKU 437,437,SKU 437,Complete motorcycle stator ,"Complete motorcycle stator , Material: Metal and plastic, plastic bag","Estator completo para motocicleta, Material: Metal e plástico, embalagem plástica",Material: Metal and plastic,Material: Metal e plástico,plastic bag,saco plástico,,,,0.0,,Individual Size xxCM,Manutenção automotiva,Em veículos automotores compatíveis,Revenda online,"160 - CHINA, REPÚBLICA POPULAR","Tianmen Fengcheng Trading Co. Ltd.
","Tianmen Fengcheng Trading Co. Ltd.
","Jingling Street, E-Commerce Industrial Park",S/N,Tianmen,Room 301,Hubei Province,Estator completo para motocicleta,"Estator completo para motocicleta, Material: Metal e plástico, embalagem plástica",,,,,23.04,24.0,cadastro_fotos/437.png
438,Anti-fog facial protective mask,Equipamento de proteção ,"Tianmen Fengcheng Trading Co. Ltd.
",15.14,24.0,,"Máscara de proteção facial antiembaçante, Material: Plástico e borracha, embalagem plástica",,,,25/03/2026 12:53,438,SKU 438,438,SKU 438,Anti-fog facial protective mask ,"Anti-fog facial protective mask , Material: Plastic and rubber, plastic bag","Máscara de proteção facial antiembaçante, Material: Plástico e borracha, embalagem plástica",Material: Plastic and rubber,Material: Plástico e borracha,plastic bag,saco plástico,,,,0.0,,Individual Size xxCM,Equipamento de proteção ,Uso pessoal,Revenda online,"160 - CHINA, REPÚBLICA POPULAR","Tianmen Fengcheng Trading Co. Ltd.
","Tianmen Fengcheng Trading Co. Ltd.
","Jingling Street, E-Commerce Industrial Park",S/N,Tianmen,Room 301,Hubei Province,máscara de proteção facial antiembaçante,"Máscara de proteção facial antiembaçante, Material: Plástico e borracha, embalagem plástica",,,,,15.14,24.0,cadastro_fotos/438.png
439,Vehicle Intake Manifold,Manutenção automotiva,"Tianmen Fengcheng Trading Co. Ltd.
",344.19,24.0,,"Coletor de admissão para veículo, Material: Metal e borracha, caixa de papelão",,,,25/03/2026 12:53,439,SKU 439,439,SKU 439,Vehicle Intake Manifold ,"Vehicle Intake Manifold , Material: Metal and rubber, cardboard box","Coletor de admissão para veículo, Material: Metal e borracha, caixa de papelão",Material: Metal and rubber,Material: Metal e borracha,cardboard box,caixa de papelão,,,,0.0,,Individual Size xxCM,Manutenção automotiva,Em veículos automotores compatíveis,Revenda online,"160 - CHINA, REPÚBLICA POPULAR","Tianmen Fengcheng Trading Co. Ltd.
","Tianmen Fengcheng Trading Co. Ltd.
","Jingling Street, E-Commerce Industrial Park",S/N,Tianmen,Room 301,Hubei Province,Coletor de admissão do veículo,"Coletor de admissão para veículo, Material: Metal e borracha, caixa de papelão",,,,,344.19,24.0,cadastro_fotos/439.png
44,,,,18.72,24.0,,,,,,25/03/2026 12:53,44,,,,,,,,,,,,,,,,,,,,,,,,,,,,,,,,,,18.72,24.0,
44-1,Vacuum Turbo Boost Solenoid,Manutenção automotiva,"Tianmen Fengcheng Trading Co. Ltd.
",77.33,24.0,,"Válvula solenoide de reforço de turbo a vácuo, Material: Plástico e metal, Tamanho individual 8x10x6CM, caixa de papelão",,,,25/03/2026 12:53,44-1,SKU 44-1,44-1,SKU 44-1,Vacuum Turbo Boost Solenoid,"Vacuum Turbo Boost Solenoid,  Material: Plastic and metal, Individual Size 8x10x6CM, cardboard box","Válvula solenoide de reforço de turbo a vácuo, Material: Plástico e metal, Tamanho individual 8x10x6CM, caixa de papelão", Material: Plastic and metal,Material: Plástico e metal,cardboard box,caixa de papelão,8.0,10.0,6.0,0.00048,218,Individual Size 8x10x6CM,Manutenção automotiva,Em veículos automotores compatíveis,Revenda online,"160 - CHINA, REPÚBLICA POPULAR","Tianmen Fengcheng Trading Co. Ltd.
","Tianmen Fengcheng Trading Co. Ltd.
","Jingling Street, E-Commerce Industrial Park",S/N,Tianmen,Room 301,Hubei Province,Solenoide de reforço turbo a vácuo,"Válvula solenoide de reforço de turbo a vácuo, Material: Plástico e metal, Tamanho individual 8x10x6CM, caixa de papelão",,,,,77.33,24.0,cadastro_fotos/44-1.png
44-K,,,,37.44,24.0,,,,,,25/03/2026 12:53,44-K,,,,,,,,,,,,,,,,,,,,,,,,,,,,,,,,,,37.44,24.0,
44-K4,,,,74.88,24.0,,,,,,25/03/2026 12:53,44-K4,,,,,,,,,,,,,,,,,,,,,,,,,,,,,,,,,,74.88,24.0,
44-K6,,,,112.32,24.0,,,,,,25/03/2026 12:53,44-K6,,,,,,,,,,,,,,,,,,,,,,,,,,,,,,,,,,112.32,24.0,
440,Vehicle speed gear position sensor,Manutenção automotiva,"Tianmen Fengcheng Trading Co. Ltd.
",55.11,24.0,,"Sensor de posição da marcha e velocidade do veículo, Material: Plástico e metal, caixa de papelão",,,,25/03/2026 12:53,440,SKU 440,440,SKU 440,Vehicle speed gear position sensor ,"Vehicle speed gear position sensor , Material: Plastic and metal, cardboard box","Sensor de posição da marcha e velocidade do veículo, Material: Plástico e metal, caixa de papelão",Material: Plastic and metal,Material: Plástico e metal,cardboard box,caixa de papelão,,,,0.0,,Individual Size xxCM,Manutenção automotiva,Em veículos automotores compatíveis,Revenda online,"160 - CHINA, REPÚBLICA POPULAR","Tianmen Fengcheng Trading Co. Ltd.
","Tianmen Fengcheng Trading Co. Ltd.
","Jingling Street, E-Commerce Industrial Park",S/N,Tianmen,Room 301,Hubei Province,sensor de posição da marcha de velocidade do veículo,"Sensor de posição da marcha e velocidade do veículo, Material: Plástico e metal, caixa de papelão",,,,,55.11,24.0,cadastro_fotos/440.png
441,Vehicle speed gear position sensor,Manutenção automotiva,"Tianmen Fengcheng Trading Co. Ltd.
",69.18,24.0,,"Sensor de posição da marcha e velocidade do veículo, Material: Plástico e metal, caixa de papelão",,,,25/03/2026 12:53,441,SKU 441,441,SKU 441,Vehicle speed gear position sensor ,"Vehicle speed gear position sensor , Material: Plastic and metal, cardboard box","Sensor de posição da marcha e velocidade do veículo, Material: Plástico e metal, caixa de papelão",Material: Plastic and metal,Material: Plástico e metal,cardboard box,caixa de papelão,,,,0.0,,Individual Size xxCM,Manutenção automotiva,Em veículos automotores compatíveis,Revenda online,"160 - CHINA, REPÚBLICA POPULAR","Tianmen Fengcheng Trading Co. Ltd.
","Tianmen Fengcheng Trading Co. Ltd.
","Jingling Street, E-Commerce Industrial Park",S/N,Tianmen,Room 301,Hubei Province,sensor de posição da marcha de velocidade do veículo,"Sensor de posição da marcha e velocidade do veículo, Material: Plástico e metal, caixa de papelão",,,,,69.18,24.0,cadastro_fotos/441.png
442,Bag type pneumatic jack 3 tons,Manutenção automotiva,"Tianmen Fengcheng Trading Co. Ltd.
",,,,"Macaco pneumático tipo bolsa, 3 toneladas, Material: Metal, borracha e plástico, Dimensões individuais: 51x49x19cm, Caixa de papelão",,,,25/03/2026 12:53,442,SKU 442,442,SKU 442,Bag type pneumatic jack 3 tons,"Bag type pneumatic jack 3 tons, Material: Metal. rubber and plastic, Individual Size 51x49x19CM, cardboard box","Macaco pneumático tipo bolsa, 3 toneladas, Material: Metal, borracha e plástico, Dimensões individuais: 51x49x19cm, Caixa de papelão",Material: Metal. rubber and plastic,"Material: Metal, borracha e plástico",cardboard box,caixa de papelão,51.0,49.0,19.0,0.047481,18,Individual Size 51x49x19CM,Manutenção automotiva,Ferramenta para manutenção automótiva,Revenda online,"160 - CHINA, REPÚBLICA POPULAR","Tianmen Fengcheng Trading Co. Ltd.
","Tianmen Fengcheng Trading Co. Ltd.
","Jingling Street, E-Commerce Industrial Park",S/N,Tianmen,Room 301,Hubei Province,Macaco pneumático tipo bolsa de 3 toneladas,"Macaco pneumático tipo bolsa, 3 toneladas, Material: Metal, borracha e plástico, Dimensões individuais: 51x49x19cm, Caixa de papelão",,,,,,,cadastro_fotos/442.png
443,2 remote controls 1 receiver for crane,Ferramenta para controlar guindastes e talhas elétricas,"Tianmen Fengcheng Trading Co. Ltd.
",211.27,24.0,,2 controles remotos e 1 receptor para guindaste. Material: Plástico e metal. Caixa de papelão.,MLB5185955128,MLB5185955128,1.0,25/03/2026 12:53,443,SKU 443,443,SKU 443,2 remote controls 1 receiver for crane,"2 remote controls 1 receiver for crane, Material: Plastic and metal, cardboard box",2 controles remotos e 1 receptor para guindaste. Material: Plástico e metal. Caixa de papelão.,Material: Plastic and metal,Material: Plástico e metal,cardboard box,caixa de papelão,,,,0.0,,Individual Size xxCM,Ferramenta para controlar guindastes e talhas elétricas,Ferramenta ultilizada em construção e indústria em geral,Revenda online,"160 - CHINA, REPÚBLICA POPULAR","Tianmen Fengcheng Trading Co. Ltd.
","Tianmen Fengcheng Trading Co. Ltd.
","Jingling Street, E-Commerce Industrial Park",S/N,Tianmen,Room 301,Hubei Province,2 controles remotos e 1 receptor para guindaste,2 controles remotos e 1 receptor para guindaste. Material: Plástico e metal. Caixa de papelão.,Controle Remoto Ponte Rolante Talha 2 Transmissores F21-e1b 220v,7895141650374,"R$ 24,65",Clássico,211.27,24.0,cadastro_fotos/443.png
444-1-K,,,,25.09,24.0,,,,,,25/03/2026 12:53,444-1-K,,,,,,,,,,,,,,,,,,,,,,,,,,,,,,,,,,25.09,24.0,
444-2-K,,,,25.46,24.0,,,,,,25/03/2026 12:53,444-2-K,,,,,,,,,,,,,,,,,,,,,,,,,,,,,,,,,,25.46,24.0,
444-K2-1,,,,21.71,24.0,,,,,,25/03/2026 12:53,444-K2-1,,,,,,,,,,,,,,,,,,,,,,,,,,,,,,,,,,21.71,24.0,
444-K3,,,,35.01,24.0,,,,,,25/03/2026 12:53,444-K3,,,,,,,,,,,,,,,,,,,,,,,,,,,,,,,,,,35.01,24.0,
444-K3-1,,,,44.34,24.0,,,,,,25/03/2026 12:53,444-K3-1,,,,,,,,,,,,,,,,,,,,,,,,,,,,,,,,,,44.34,24.0,
444-K3-2,,,,44.71,24.0,,,,,,25/03/2026 12:53,444-K3-2,,,,,,,,,,,,,,,,,,,,,,,,,,,,,,,,,,44.71,24.0,
445,Mini safe holds keys,Manutenção automotiva,"Tianmen Fengcheng Trading Co. Ltd.
",21.28,24.0,,"Mini cofre para chaves, Material: Metal, caixa de papelão",,,,25/03/2026 12:53,445,SKU 445,445,SKU 444,Mini safe holds keys,"Mini safe holds keys, Material: Metal, cardboard box","Mini cofre para chaves, Material: Metal, caixa de papelão",Material: Metal,Material: Metal,cardboard box,caixa de papelão,,,,0.0,,Individual Size xxCM,Manutenção automotiva,Em veículos automotores compatíveis,Revenda online,"160 - CHINA, REPÚBLICA POPULAR","Tianmen Fengcheng Trading Co. Ltd.
","Tianmen Fengcheng Trading Co. Ltd.
","Jingling Street, E-Commerce Industrial Park",S/N,Tianmen,Room 301,Hubei Province,Mini cofre para chaves,"Mini cofre para chaves, Material: Metal, caixa de papelão",,,,,21.28,24.0,cadastro_fotos/445.png
446,Manual Hoist - 1 Ton - 10 Meters,Ferramenta ultilizada em construção e indústria em geral,"Tianmen Fengcheng Trading Co. Ltd.
",234.07,24.0,,"Guincho manual - 1 tonelada - 10 metros, Material: Metal, caixa de papelão",MLB3902435207,MLB3902435207|MLB3967142419|MLB5166616316|MLB5166616368,4.0,25/03/2026 12:53,446,SKU 446,446,SKU 446,Manual Hoist - 1 Ton - 10 Meters,"Manual Hoist - 1 Ton - 10 Meters, Material: Metal, cardboard box","Guincho manual - 1 tonelada - 10 metros, Material: Metal, caixa de papelão",Material: Metal,Material: Metal,cardboard box,caixa de papelão,,,,0.0,,Individual Size xxCM,Ferramenta ultilizada em construção e indústria em geral,Guincho manual - 1 tonelada - 10 metros,Revenda online,"160 - CHINA, REPÚBLICA POPULAR","Tianmen Fengcheng Trading Co. Ltd.
","Tianmen Fengcheng Trading Co. Ltd.
","Jingling Street, E-Commerce Industrial Park",S/N,Tianmen,Room 301,Hubei Province,Guincho manual - 1 tonelada - 10 metros,"Guincho manual - 1 tonelada - 10 metros, Material: Metal, caixa de papelão",Talha Manual - 1 Tonelada - 10 Metros - Deckas || Talha Manual 1 Tonelada 1000 Kg Corrente 10 Metros Deckas || Talha Manual De Corrente - 1 Tonelada- 10 Metros De Corrente || Talha Manual De Corrente - 1 Toneladas - 10 Metros - Deckas,"7895141644229|7895141644229,7895141644823","R$ 91,15",Clássico|Premium,234.07,24.0,cadastro_fotos/446.png
447,Vehicle glove box handle,Manutenção automotiva,"Tianmen Fengcheng Trading Co. Ltd.
",,,,"Puxador para porta-luvas de veículo, Material: Plástico e metal, caixa de papelão",,,,25/03/2026 12:53,447,SKU 447,447,SKU 447,Vehicle glove box handle,"Vehicle glove box handle, Material: Plastic and metal, cardboard box","Puxador para porta-luvas de veículo, Material: Plástico e metal, caixa de papelão",Material: Plastic and metal,Material: Plástico e metal,cardboard box,caixa de papelão,,,,,,Individual Size xxCM,Manutenção automotiva,Em veículos automotores compatíveis,Revenda online,"160 - CHINA, REPÚBLICA POPULAR","Tianmen Fengcheng Trading Co. Ltd.
","Tianmen Fengcheng Trading Co. Ltd.
","Jingling Street, E-Commerce Industrial Park",S/N,Tianmen,Room 301,Hubei Province,maçaneta do porta-luvas do veículo,"Puxador para porta-luvas de veículo, Material: Plástico e metal, caixa de papelão",,,,,,,cadastro_fotos/447.png
448,Roof console with glasses holder for vehicle,Manutenção automotiva,"Tianmen Fengcheng Trading Co. Ltd.
",71.63,24.0,,"Console de teto com porta-óculos para veículo, Material: Plástico, caixa de papelão",,,,25/03/2026 12:53,448,SKU 448,448,SKU 448,Roof console with glasses holder for vehicle,"Roof console with glasses holder for vehicle, Material: Plastic, cardboard box","Console de teto com porta-óculos para veículo, Material: Plástico, caixa de papelão",Material: Plastic,Material: Plástico,cardboard box,caixa de papelão,,,,0.0,,Individual Size xxCM,Manutenção automotiva,Em veículos automotores compatíveis,Revenda online,"160 - CHINA, REPÚBLICA POPULAR","Tianmen Fengcheng Trading Co. Ltd.
","Tianmen Fengcheng Trading Co. Ltd.
","Jingling Street, E-Commerce Industrial Park",S/N,Tianmen,Room 301,Hubei Province,Console de teto com porta-óculos para veículo,"Console de teto com porta-óculos para veículo, Material: Plástico, caixa de papelão",,,,,71.63,24.0,cadastro_fotos/448.png
449-1,"Upper grille of the vehicle's bumper, chrome finish.",Manutenção automotiva,"Tianmen Fengcheng Trading Co. Ltd.
",72.86,24.0,,"Grade superior do para-choque do veículo, acabamento cromado. Material: Plástico, caixa de papelão.",MLB4540101233,MLB4540101233|MLB4540104563|MLB6477438106|MLB6477590784|MLB6477646248,5.0,25/03/2026 12:53,449-1,SKU 449-1,449-1,SKU 449-1,"Upper grille of the vehicle's bumper, chrome finish.","Upper grille of the vehicle's bumper, chrome finish., Material: Plastic, cardboard box","Grade superior do para-choque do veículo, acabamento cromado. Material: Plástico, caixa de papelão.",Material: Plastic,Material: Plástico,cardboard box,caixa de papelão,,,,0.0,,Individual Size xxCM,Manutenção automotiva,"Grade superior do para-choque do veículo, com acabamento cromado.",Revenda online,"160 - CHINA, REPÚBLICA POPULAR","Tianmen Fengcheng Trading Co. Ltd.
","Tianmen Fengcheng Trading Co. Ltd.
","Jingling Street, E-Commerce Industrial Park",S/N,Tianmen,Room 301,Hubei Province,"Grade superior do para-choque do veículo, com acabamento cromado.","Grade superior do para-choque do veículo, acabamento cromado. Material: Plástico, caixa de papelão.",Grade Para Choque Superior Cruze Fr Cromado 10/14 Cód 12102 Preto || Grade Superior C/ Friso Cromado Dianteira Cruze 2010 A 2014 Preto || Grade Superior Cruze 2010 2011 2012 2013 2014 Friso Cromado Preto || Grade Superior Cruze Hatch/sedan 2010 2011 2012 2013 2014 Preto,,"R$ 20,75|R$ 23,65",Clássico|Premium,72.86,24.0,cadastro_fotos/449-1.png
449-2,"Lower grille of the vehicle's bumper, chrome finish.",Manutenção automotiva,"Tianmen Fengcheng Trading Co. Ltd.
",72.86,24.0,,"Grade inferior do para-choque do veículo, acabamento cromado. Material: Plástico, caixa de papelão.",,,,25/03/2026 12:53,449-2,SKU 449-2,449-2,SKU 449-2,"Lower grille of the vehicle's bumper, chrome finish.","Lower grille of the vehicle's bumper, chrome finish., Material: Plastic, cardboard box","Grade inferior do para-choque do veículo, acabamento cromado. Material: Plástico, caixa de papelão.",Material: Plastic,Material: Plástico,cardboard box,caixa de papelão,,,,0.0,,Individual Size xxCM,Manutenção automotiva,Em veículos automotores compatíveis,Revenda online,"160 - CHINA, REPÚBLICA POPULAR","Tianmen Fengcheng Trading Co. Ltd.
","Tianmen Fengcheng Trading Co. Ltd.
","Jingling Street, E-Commerce Industrial Park",S/N,Tianmen,Room 301,Hubei Province,"Grade inferior do para-choque do veículo, com acabamento cromado.","Grade inferior do para-choque do veículo, acabamento cromado. Material: Plástico, caixa de papelão.",,,,,72.86,24.0,cadastro_fotos/449-2.png
449-K,Upper and lower vehicle bumper grille,Manutenção automotiva,"Tianmen Fengcheng Trading Co. Ltd.
",145.72,24.0,,"Grade superior e inferior do para-choque do veículo, Material: Plástico, caixa de papelão",MLB4944444726,MLB4944444726|MLB4944482982,2.0,25/03/2026 12:53,449-K,SKU 449-K,449-K,SKU 449-K,Upper and lower vehicle bumper grille,"Upper and lower vehicle bumper grille, Material: Plastic, cardboard box","Grade superior e inferior do para-choque do veículo, Material: Plástico, caixa de papelão",Material: Plastic,Material: Plástico,cardboard box,caixa de papelão,,,,0.0,,Individual Size xxCM,Manutenção automotiva,Em veículos automotores compatíveis,Revenda online,"160 - CHINA, REPÚBLICA POPULAR","Tianmen Fengcheng Trading Co. Ltd.
","Tianmen Fengcheng Trading Co. Ltd.
","Jingling Street, E-Commerce Industrial Park",S/N,Tianmen,Room 301,Hubei Province,Grade superior e inferior do para-choque do veículo,"Grade superior e inferior do para-choque do veículo, Material: Plástico, caixa de papelão",Kit Grade Inferior + Grade Superior Chevrolet Malibu 2013 Cinza,7895141639904,"R$ 49,35",Clássico|Premium,145.72,24.0,cadastro_fotos/449-K.png
450,Vehicle power steering pump,Manutenção automotiva,"Tianmen Fengcheng Trading Co. Ltd.
",248.0,24.0,,"Bomba de direção hidráulica para veículo, Material: Metal, caixa de papelão",MLB3790875155,MLB3790875155|MLB3790877175|MLB4090357929,3.0,25/03/2026 12:53,450,SKU 450,450,SKU 450,Vehicle power steering pump,"Vehicle power steering pump, Material: Metal, cardboard box","Bomba de direção hidráulica para veículo, Material: Metal, caixa de papelão",Material: Metal,Material: Metal,cardboard box,caixa de papelão,,,,0.0,,Individual Size xxCM,Manutenção automotiva,Em veículos automotores compatíveis,Revenda online,"160 - CHINA, REPÚBLICA POPULAR","Tianmen Fengcheng Trading Co. Ltd.
","Tianmen Fengcheng Trading Co. Ltd.
","Jingling Street, E-Commerce Industrial Park",S/N,Tianmen,Room 301,Hubei Province,Bomba de direção hidráulica do veículo,"Bomba de direção hidráulica para veículo, Material: Metal, caixa de papelão",Bomba De Direção Hidráulica Peugeot 206 / 207 || Bomba De Direção Hidráulica Peugeot 206 / 207 2008 A 2015 || Bomba De Direção Hidráulica Peugeot 206 207 Citroen Xsara,"7895141639775|7895141639775,7895141639508","R$ 26,25",Clássico|Premium,248.0,24.0,cadastro_fotos/450.png
451,,,,421.64,24.0,,,,,,25/03/2026 12:53,451,,,,,,,,,,,,,,,,,,,,,,,,,,,,,,,,,,421.64,24.0,
451-1,Front suspension trays for vehicles- Rigth side,Manutenção automotiva,"Tianmen Fengcheng Trading Co. Ltd.
",238.19,24.0,,"Bandejas de suspensão dianteira para veículos - Lado direito, Material: Metal, saco plástico",-,-|MLB4000715459|MLB4000895541,3.0,25/03/2026 12:53,451-1,SKU 451-1,451-1,SKU 451-1,Front suspension trays for vehicles- Rigth side,"Front suspension trays for vehicles- Rigth side, Material: Metal, plastic bag","Bandejas de suspensão dianteira para veículos - Lado direito, Material: Metal, saco plástico",Material: Metal,Material: Metal,plastic bag,saco plástico,,,,0.0,,Individual Size xxCM,Manutenção automotiva,Em veículos automotores compatíveis,Revenda online,"160 - CHINA, REPÚBLICA POPULAR","Tianmen Fengcheng Trading Co. Ltd.
","Tianmen Fengcheng Trading Co. Ltd.
","Jingling Street, E-Commerce Industrial Park",S/N,Tianmen,Room 301,Hubei Province,Bandejas de suspensão dianteira para veículos - Lado direito,"Bandejas de suspensão dianteira para veículos - Lado direito, Material: Metal, saco plástico",- || Bandeja Dianteira Ford Fusion 2.0 Lado Direito 2013 A 2017 Dianteiro Direito || Bandeja Dianteira Ford Fusion Lado Direito 2013 A 2017 Dianteiro Direito,7895141639508|7895141645455,"-|R$ 28,35",-|Clássico|Premium,238.19,24.0,cadastro_fotos/451-1.png
451-2,Front suspension trays for vehicles- Left side,Manutenção automotiva,"Tianmen Fengcheng Trading Co. Ltd.
",238.19,24.0,,"Bandejas de suspensão dianteira para veículos - Lado esquerdo, Material: Metal, saco plástico",-,-|MLB3998163089,2.0,25/03/2026 12:53,451-2,SKU 451-2,451-2,SKU 451-2,Front suspension trays for vehicles- Left side,"Front suspension trays for vehicles- Left side, Material: Metal, plastic bag","Bandejas de suspensão dianteira para veículos - Lado esquerdo, Material: Metal, saco plástico",Material: Metal,Material: Metal,plastic bag,saco plástico,,,,0.0,,Individual Size xxCM,Manutenção automotiva,Em veículos automotores compatíveis,Revenda online,"160 - CHINA, REPÚBLICA POPULAR","Tianmen Fengcheng Trading Co. Ltd.
","Tianmen Fengcheng Trading Co. Ltd.
","Jingling Street, E-Commerce Industrial Park",S/N,Tianmen,Room 301,Hubei Province,Bandejas de suspensão dianteira para veículos - Lado esquerdo,"Bandejas de suspensão dianteira para veículos - Lado esquerdo, Material: Metal, saco plástico",- || Bandeja Dianteira Ford Fusion Lado Esquerdo De 2013 Até 2017 Esquerdo,7895141639508|7895141645448,"-|R$ 44,05",-|Premium,238.19,24.0,cadastro_fotos/451-2.png
451-K,Pair of front suspension trays for vehicles,Manutenção automotiva,"Tianmen Fengcheng Trading Co. Ltd.
",476.38,24.0,,"Conjunto de duas bandejas de suspensão dianteira para veículos. Material: Metal, saco plástico.",MLB3792233449,MLB3792233449|MLB3999326941|MLB4939545646|MLB4939557412,4.0,25/03/2026 12:53,451-K,SKU 451-K,451-K,SKU 451-K,Pair of front suspension trays for vehicles,"Pair of front suspension trays for vehicles, Material: Metal, plastic bag","Conjunto de duas bandejas de suspensão dianteira para veículos. Material: Metal, saco plástico.",Material: Metal,Material: Metal,plastic bag,saco plástico,,,,0.0,,Individual Size xxCM,Manutenção automotiva,Em veículos automotores compatíveis,Revenda online,"160 - CHINA, REPÚBLICA POPULAR","Tianmen Fengcheng Trading Co. Ltd.
","Tianmen Fengcheng Trading Co. Ltd.
","Jingling Street, E-Commerce Industrial Park",S/N,Tianmen,Room 301,Hubei Province,Conjunto de duas bandejas de suspensão dianteira para veículos,"Conjunto de duas bandejas de suspensão dianteira para veículos. Material: Metal, saco plástico.",Kit Par Bandeja Dianteira Fusion 2013 2014 2015 2016 2017 - || Par Bandeja Dianteira Fusion 2013 2014 2015 2016 2017 Kit || Par Bandeja Fusion Dianteira 2.0/2.5 16v/3.0 2013 Até 2018 || Par De Bandeja Dianteira Ford Fusion 2.0 2013 2014 2015 2016,"4771426400465,7895141639522","R$ 68,65|R$ 70,25|R$ 91,15",Clássico|Premium,476.38,24.0,cadastro_fotos/451-K.png
452,Vehicle power steering oil reservoir,Manutenção automotiva,"Tianmen Fengcheng Trading Co. Ltd.
",39.02,24.0,,"Reservatório de óleo da direção hidráulica do veículo, Material: Plástico, caixa de plástico",MLB3783467275,MLB3783467275|MLB3833309681|MLB4936573640,3.0,25/03/2026 12:53,452,SKU 452,452,SKU 452,Vehicle power steering oil reservoir,"Vehicle power steering oil reservoir, Material: Plastic, plastic box","Reservatório de óleo da direção hidráulica do veículo, Material: Plástico, caixa de plástico",Material: Plastic,Material: Plástico,plastic box,caixa de plástico,,,,0.0,,Individual Size xxCM,Manutenção automotiva,Em veículos automotores compatíveis,Revenda online,"160 - CHINA, REPÚBLICA POPULAR","Tianmen Fengcheng Trading Co. Ltd.
","Tianmen Fengcheng Trading Co. Ltd.
","Jingling Street, E-Commerce Industrial Park",S/N,Tianmen,Room 301,Hubei Province,Reservatório de óleo da direção hidráulica do veículo,"Reservatório de óleo da direção hidráulica do veículo, Material: Plástico, caixa de plástico",Reservatorio De Oleo Da Hidraulica Fiesta Rocam 2002 A 2014 || Reservatório De Óleo De Direção Hidra Fiesta 2002 A 2014 || Reservatório Direção Hidráulica Para Ford Fiesta 2002 A 2014,7895141639546,"R$ 20,75|R$ 21,15|R$ 23,65",Premium,39.02,24.0,cadastro_fotos/452.png
453,6 Point Blade,Acessório para roçadeiras,"Tianmen Fengcheng Trading Co. Ltd.
",10.41,24.0,,"Lâmina de 6 pontas, Material: Metal, caixa de papelão",,,,25/03/2026 12:53,453,SKU 453,453,SKU 453,6 Point Blade,"6 Point Blade, Material: Metal, cardboard box","Lâmina de 6 pontas, Material: Metal, caixa de papelão",Material: Metal,Material: Metal,cardboard box,caixa de papelão,,,,0.0,,Individual Size xxCM,Acessório para roçadeiras,Em aparelhos compatíveis,Revenda online,"160 - CHINA, REPÚBLICA POPULAR","Tianmen Fengcheng Trading Co. Ltd.
","Tianmen Fengcheng Trading Co. Ltd.
","Jingling Street, E-Commerce Industrial Park",S/N,Tianmen,Room 301,Hubei Province,Lâmina de 6 pontas,"Lâmina de 6 pontas, Material: Metal, caixa de papelão",,,,,10.41,24.0,cadastro_fotos/453.png
454,Vehicle handbrake release button,Manutenção automotiva,"Tianmen Fengcheng Trading Co. Ltd.
",59.81,24.0,,"Botão de liberação do freio de mão do veículo, Material: Plástico e metal, caixa de papelão",MLB4192475945,MLB4192475945|MLB5530093628|MLB5671293580|MLB5671294838,4.0,25/03/2026 12:53,454,SKU 454,454,SKU 454,Vehicle handbrake release button,"Vehicle handbrake release button, Material: Plastic and metal, cardboard box","Botão de liberação do freio de mão do veículo, Material: Plástico e metal, caixa de papelão",Material: Plastic and metal,Material: Plástico e metal,cardboard box,caixa de papelão,,,,0.0,,Individual Size xxCM,Manutenção automotiva,Em veículos automotores compatíveis,Revenda online,"160 - CHINA, REPÚBLICA POPULAR","Tianmen Fengcheng Trading Co. Ltd.
","Tianmen Fengcheng Trading Co. Ltd.
","Jingling Street, E-Commerce Industrial Park",S/N,Tianmen,Room 301,Hubei Province,Botão de liberação do freio de mão do veículo,"Botão de liberação do freio de mão do veículo, Material: Plástico e metal, caixa de papelão",Botão Freio De Mão Civic 2016 2017 2018 8 Pinos 35355tbaa01 || Botão Freio De Mão Honda Civic 2016 2017 2018 || Botão Freio Mão Honda Civic 2016 2017 2018 || Botão Liberação Freio Mão Honda Civic 2016 2017 2018,7895141645844|7895141647169,"R$ 19,85|R$ 20,75|R$ 22,55",Clássico|Premium,59.81,24.0,cadastro_fotos/454.png
455-1,"Vehicle valve cover sealing gasket, Rigth side",Manutenção automotiva,"Tianmen Fengcheng Trading Co. Ltd.
",,,,"Junta de vedação da tampa de válvulas do veículo, lado direito, Material: Borracha, embalagem plástica",,,,25/03/2026 12:53,455-1,SKU 455-1,455-1,SKU 455-1,"Vehicle valve cover sealing gasket, Rigth side","Vehicle valve cover sealing gasket, Rigth side, Material: Rubber, plastic bag","Junta de vedação da tampa de válvulas do veículo, lado direito, Material: Borracha, embalagem plástica",Material: Rubber,Material: Borracha,plastic bag,saco plástico,,,,0.0,,Individual Size xxCM,Manutenção automotiva,Em veículos automotores compatíveis,Revenda online,"160 - CHINA, REPÚBLICA POPULAR","Tianmen Fengcheng Trading Co. Ltd.
","Tianmen Fengcheng Trading Co. Ltd.
","Jingling Street, E-Commerce Industrial Park",S/N,Tianmen,Room 301,Hubei Province,"Junta de vedação da tampa de válvulas do veículo, lado direito","Junta de vedação da tampa de válvulas do veículo, lado direito, Material: Borracha, embalagem plástica",,,,,,,cadastro_fotos/455-1.png
455-2,"Vehicle valve cover sealing gasket, Left side",Manutenção automotiva,"Tianmen Fengcheng Trading Co. Ltd.
",,,,"Junta de vedação da tampa de válvulas do veículo, lado esquerdo, Material: Borracha, saco plástico",,,,25/03/2026 12:53,455-2,SKU 455-2,455-2,SKU 455-2,"Vehicle valve cover sealing gasket, Left side","Vehicle valve cover sealing gasket, Left side, Material: Rubber, plastic bag","Junta de vedação da tampa de válvulas do veículo, lado esquerdo, Material: Borracha, saco plástico",Material: Rubber,Material: Borracha,plastic bag,saco plástico,,,,0.0,,Individual Size xxCM,Manutenção automotiva,Em veículos automotores compatíveis,Revenda online,"160 - CHINA, REPÚBLICA POPULAR","Tianmen Fengcheng Trading Co. Ltd.
","Tianmen Fengcheng Trading Co. Ltd.
","Jingling Street, E-Commerce Industrial Park",S/N,Tianmen,Room 301,Hubei Province,"Junta de vedação da tampa de válvulas do veículo, lado esquerdo","Junta de vedação da tampa de válvulas do veículo, lado esquerdo, Material: Borracha, saco plástico",,,,,,,cadastro_fotos/455-2.png
455-K,Vehicle valve cover gasket assembly,Manutenção automotiva,"Tianmen Fengcheng Trading Co. Ltd.
",,,,"Conjunto de junta da tampa de válvulas do veículo, Material: Borracha, saco plástico",,,,25/03/2026 12:53,455-K,SKU 455-K,455-K,SKU 455-K,Vehicle valve cover gasket assembly,"Vehicle valve cover gasket assembly, Material: Rubber, plastic bag","Conjunto de junta da tampa de válvulas do veículo, Material: Borracha, saco plástico",Material: Rubber,Material: Borracha,plastic bag,saco plástico,,,,0.0,,Individual Size xxCM,Manutenção automotiva,Em veículos automotores compatíveis,Revenda online,"160 - CHINA, REPÚBLICA POPULAR","Tianmen Fengcheng Trading Co. Ltd.
","Tianmen Fengcheng Trading Co. Ltd.
","Jingling Street, E-Commerce Industrial Park",S/N,Tianmen,Room 301,Hubei Province,Conjunto da junta da tampa de válvulas do veículo,"Conjunto de junta da tampa de válvulas do veículo, Material: Borracha, saco plástico",,,,,,,cadastro_fotos/455-K.png
456,Vehicle handbrake control lever,Manutenção automotiva,"Tianmen Fengcheng Trading Co. Ltd.
",121.44,24.0,,"Alavanca de controle do freio de mão do veículo, Material: Metal, saco plástico",MLB3840995325,MLB3840995325|MLB5054931426|MLB5054983076|MLB5055031430,4.0,25/03/2026 12:53,456,SKU 456,456,SKU 456,Vehicle handbrake control lever,"Vehicle handbrake control lever, Material: Metal, plastic bag","Alavanca de controle do freio de mão do veículo, Material: Metal, saco plástico",Material: Metal,Material: Metal,plastic bag,saco plástico,,,,0.0,,Individual Size xxCM,Manutenção automotiva,Em veículos automotores compatíveis,Revenda online,"160 - CHINA, REPÚBLICA POPULAR","Tianmen Fengcheng Trading Co. Ltd.
","Tianmen Fengcheng Trading Co. Ltd.
","Jingling Street, E-Commerce Industrial Park",S/N,Tianmen,Room 301,Hubei Province,Alavanca de controle do freio de mão do veículo,"Alavanca de controle do freio de mão do veículo, Material: Metal, saco plástico",Alavanca Do Freio De Mão - Jac J3 || Alavanca Do Freio De Mão Jac J3 2010 Ao 2013 Original || Alavanca Puxador Do Freio De Mão Estacioname Jac J3 Original,"7895141640788|7895141640788,7895141644793","R$ 23,65|R$ 24,65",Clássico|Premium,121.44,24.0,cadastro_fotos/456.png
457,Vehicle handbrake control lever,Manutenção automotiva,"Tianmen Fengcheng Trading Co. Ltd.
",,,,"Alavanca de controle do freio de mão do veículo, Material: Plástico, saco plástico",,,,25/03/2026 12:53,457,SKU 457,457,SKU 457,Vehicle handbrake control lever,"Vehicle handbrake control lever, Material: Plastic, plastic bag","Alavanca de controle do freio de mão do veículo, Material: Plástico, saco plástico",Material: Plastic,Material: Plástico,plastic bag,saco plástico,,,,0.0,,Individual Size xxCM,Manutenção automotiva,Em veículos automotores compatíveis,Revenda online,"160 - CHINA, REPÚBLICA POPULAR","Tianmen Fengcheng Trading Co. Ltd.
","Tianmen Fengcheng Trading Co. Ltd.
","Jingling Street, E-Commerce Industrial Park",S/N,Tianmen,Room 301,Hubei Province,Alavanca de controle do freio de mão do veículo,"Alavanca de controle do freio de mão do veículo, Material: Plástico, saco plástico",,,,,,,cadastro_fotos/457.png
457-1,Vehicle front bumper grille Black,Manutenção automotiva,"Tianmen Fengcheng Trading Co. Ltd.
",204.86,24.0,,"Grade dianteira do para-choque do veículo, preta. Material: Plástico. Embalagem: Saco plástico.",,,,25/03/2026 12:53,457-1,SKU 457-1,457-1,457-1,Vehicle front bumper grille Black,"Vehicle front bumper grille Black, Material: Plastic, plastic bag","Grade dianteira do para-choque do veículo, preta. Material: Plástico. Embalagem: Saco plástico.",Material: Plastic,Material: Plástico,plastic bag,saco plástico,,,,0.0,,Individual Size xxCM,Manutenção automotiva,Em veículos automotores compatíveis,Revenda online,"160 - CHINA, REPÚBLICA POPULAR","Tianmen Fengcheng Trading Co. Ltd.
","Tianmen Fengcheng Trading Co. Ltd.
","Jingling Street, E-Commerce Industrial Park",S/N,Tianmen,Room 301,Hubei Province,"Grade do para-choque dianteiro do veículo, preta","Grade dianteira do para-choque do veículo, preta. Material: Plástico. Embalagem: Saco plástico.",,,,,204.86,24.0,cadastro_fotos/457-1.png
457-2,Vehicle front bumper grille Silver,Manutenção automotiva,"Tianmen Fengcheng Trading Co. Ltd.
",224.36,24.0,,"Grade dianteira do para-choque do veículo, cor prata. Material: Plástico. Embalagem: Saco plástico.",MLB3789242767,MLB3789242767,1.0,25/03/2026 12:53,457-2,SKU 457-2,457-2,457-2,Vehicle front bumper grille Silver,"Vehicle front bumper grille Silver, Material: Plastic, plastic bag","Grade dianteira do para-choque do veículo, cor prata. Material: Plástico. Embalagem: Saco plástico.",Material: Plastic,Material: Plástico,plastic bag,saco plástico,,,,0.0,,Individual Size xxCM,Manutenção automotiva,Em veículos automotores compatíveis,Revenda online,"160 - CHINA, REPÚBLICA POPULAR","Tianmen Fengcheng Trading Co. Ltd.
","Tianmen Fengcheng Trading Co. Ltd.
","Jingling Street, E-Commerce Industrial Park",S/N,Tianmen,Room 301,Hubei Province,"Grade do para-choque dianteiro do veículo, cor prata","Grade dianteira do para-choque do veículo, cor prata. Material: Plástico. Embalagem: Saco plástico.",Acessorios Mercedes W205 C180 C200 C250 Gtr Amg Grade Chrome Prateado Cromado,7895141643864,"R$ 70,25",Clássico,224.36,24.0,cadastro_fotos/457-2.png
458-1,Vehicle front bumper grille,Manutenção automotiva,"Tianmen Fengcheng Trading Co. Ltd.
",80.19,24.0,,"Grade do para-choque dianteiro do veículo, Material: Plástico, Tamanho individual 12x98x26CM, embalagem plástica",MLB4913278978,MLB4913278978|MLB4942976702|MLB4943028012|MLB4943054490,4.0,25/03/2026 12:53,458-1,SKU 458-1,458-1,SKU 458-1,Vehicle front bumper grille ,"Vehicle front bumper grille , Material: Plastic, Individual Size 12x98x26CM, plastic bag","Grade do para-choque dianteiro do veículo, Material: Plástico, Tamanho individual 12x98x26CM, embalagem plástica",Material: Plastic,Material: Plástico,plastic bag,saco plástico,12.0,98.0,26.0,0.030576,7,Individual Size 12x98x26CM,Manutenção automotiva,Em veículos automotores compatíveis,Revenda online,"160 - CHINA, REPÚBLICA POPULAR","Tianmen Fengcheng Trading Co. Ltd.
","Tianmen Fengcheng Trading Co. Ltd.
","Jingling Street, E-Commerce Industrial Park",S/N,Tianmen,Room 301,Hubei Province,Grade do para-choque dianteiro do veículo,"Grade do para-choque dianteiro do veículo, Material: Plástico, Tamanho individual 12x98x26CM, embalagem plástica",Grade Dianteira Preta Honda City 2015 2016 2017 Preto Fosco Preto Preto Texturizado || Grade Honda City Preta 2015 2016 2017 Nova Preto Cromado || Grade Honda City Preta 2015 2016 2017 Nova Preto Preto Texturizado || Grade Honda City Preta 2016 2017 2018 Nova Prateado Cromado,"7895141639812|7895141639812,7895141639713","R$ 49,35|R$ 68,65",Clássico|Premium,80.19,24.0,cadastro_fotos/458-1.png
458-2,Chrome grille for vehicle bumper.,Manutenção automotiva,"Tianmen Fengcheng Trading Co. Ltd.
",140.93,24.0,,"Grade cromada para para-choque de veículo. Material: Plástico, caixa de papelão.",MLB3884217515,MLB3884217515|MLB3884242075|MLB5997259200,3.0,25/03/2026 12:53,458-2,SKU 458-2,458-2,SKU 458-2,Chrome grille for vehicle bumper. ,"Chrome grille for vehicle bumper. , Material: Plastic, cardboard box","Grade cromada para para-choque de veículo. Material: Plástico, caixa de papelão.",Material: Plastic,Material: Plástico,cardboard box,caixa de papelão,,,,,,Individual Size xxCM,Manutenção automotiva,Em veículos automotores compatíveis,Revenda online,"160 - CHINA, REPÚBLICA POPULAR","Tianmen Fengcheng Trading Co. Ltd.
","Tianmen Fengcheng Trading Co. Ltd.
","Jingling Street, E-Commerce Industrial Park",S/N,Tianmen,Room 301,Hubei Province,Grade cromada para para-choque de veículo.,"Grade cromada para para-choque de veículo. Material: Plástico, caixa de papelão.",Friso Cromado Da Grade Honda City 2015 A 2017 Nova Cromado Prateado || Friso Moldura Cromado Dianteira Grade City 2015 2016 2017 Prateado,7895141644830,"R$ 39,75",Premium,140.93,24.0,cadastro_fotos/458-2.png
458-3,Replacement emblem compatible with City vehicle,Manutenção automotiva,"Tianmen Fengcheng Trading Co. Ltd.
",24.01,24.0,,Emblema de substituição compatível com veículos City. Material: Plástico. Embalagem: Caixa de papelão.,,,,25/03/2026 12:53,458-3,SKU 458-3,458-3,SKU 458-3,Replacement emblem compatible with City vehicle,"Replacement emblem compatible with City vehicle, Material: Plastic, , cardboard box",Emblema de substituição compatível com veículos City. Material: Plástico. Embalagem: Caixa de papelão.,Material: Plastic,Material: Plástico,cardboard box,caixa de papelão,,,,,,,Manutenção automotiva,Em veículos automotores compatíveis,Revenda online,"160 - CHINA, REPÚBLICA POPULAR","Tianmen Fengcheng Trading Co. Ltd.
","Tianmen Fengcheng Trading Co. Ltd.
","Jingling Street, E-Commerce Industrial Park",S/N,Tianmen,Room 301,Hubei Province,Emblema de substituição compatível com o veículo City,Emblema de substituição compatível com veículos City. Material: Plástico. Embalagem: Caixa de papelão.,,,,,24.01,24.0,cadastro_fotos/458-3.png
458-K,Upper and lower vehicle front bumper grille 14023,Manutenção automotiva,"Tianmen Fengcheng Trading Co. Ltd.
",220.44,24.0,,"Grade superior e inferior do para-choque dianteiro do veículo 14023, Material: Plástico, embalagem plástica",,,,25/03/2026 12:53,458-K,SKU 458-K,458-K,SKU 458-K,Upper and lower vehicle front bumper grille 14023,"Upper and lower vehicle front bumper grille 14023, Material: Plastic, plastic bag","Grade superior e inferior do para-choque dianteiro do veículo 14023, Material: Plástico, embalagem plástica",Material: Plastic,Material: Plástico,plastic bag,saco plástico,,,,0.0,,Individual Size xxCM,Manutenção automotiva,Em veículos automotores compatíveis,Revenda online,"160 - CHINA, REPÚBLICA POPULAR","Tianmen Fengcheng Trading Co. Ltd.
","Tianmen Fengcheng Trading Co. Ltd.
","Jingling Street, E-Commerce Industrial Park",S/N,Tianmen,Room 301,Hubei Province,Grade superior e inferior do para-choque dianteiro do veículo 14023,"Grade superior e inferior do para-choque dianteiro do veículo 14023, Material: Plástico, embalagem plástica",,,,,220.44,24.0,cadastro_fotos/458-K.png
458-K3,,,,242.54,24.0,,,,,,25/03/2026 12:53,458-K3,,,,,,,,,,,,,,,,,,,,,,,,,,,,,,,,,,242.54,24.0,
459,Water elimination filter with 1/4' pressure regulator. Diameter: 6.35mm,Filtro eliminador de agua,"Tianmen Fengcheng Trading Co. Ltd.
",13.6,24.0,,"Filtro de eliminação de água com regulador de pressão de 1/4"". Diâmetro: 6,35 mm, Material: Plástico e metal, caixa de papelão.",MLB3913287197,MLB3913287197|MLB3913396243|MLB3913408297|MLB5187032368,4.0,25/03/2026 12:53,459,SKU 459,459,SKU 459,Water elimination filter with 1/4' pressure regulator. Diameter: 6.35mm,"Water elimination filter with 1/4' pressure regulator. Diameter: 6.35mm, Material: Plastic and metal, cardboard box","Filtro de eliminação de água com regulador de pressão de 1/4"". Diâmetro: 6,35 mm, Material: Plástico e metal, caixa de papelão.",Material: Plastic and metal,Material: Plástico e metal,cardboard box,caixa de papelão,,,,0.0,,Individual Size xxCM,Filtro eliminador de agua,Uso geral,Revenda online,"160 - CHINA, REPÚBLICA POPULAR","Tianmen Fengcheng Trading Co. Ltd.
","Tianmen Fengcheng Trading Co. Ltd.
","Jingling Street, E-Commerce Industrial Park",S/N,Tianmen,Room 301,Hubei Province,"Filtro de eliminação de água com regulador de pressão de 1/4"". Diâmetro: 6,35 mm","Filtro de eliminação de água com regulador de pressão de 1/4"". Diâmetro: 6,35 mm, Material: Plástico e metal, caixa de papelão.",Filtro De Ar 1/4 Deckas Afr-2000 Para Compressor 150 Psi || Filtro Eliminador De Água Com Regulador De Pressão 1/4 || Filtro Regulador Deckas Afr-2000 1/4  Com Manometro 150 Psi || Filtro Regulador Evotek 1/4  Ar Compressor C/ Manômetro,"7895141644274|7895141644274,7895141644892","R$ 7,75",Clássico|Premium,13.6,24.0,cadastro_fotos/459.png
46,TPMS Car Tire Pressure Monitor Sensor,Manutenção automotiva,"Tianmen Fengcheng Trading Co. Ltd.
",24.2,24.0,,"Sensor TPMS para monitoramento da pressão dos pneus de carro, Material: Plástico e metal, Tamanho individual 8x6x3cm, caixa de papelão",MLB1987804808,MLB1987804808|MLB1987804809|MLB2928466676|MLB2928632506|MLB3465314544,5.0,25/03/2026 12:53,46,SKU 46,46,"25920615
SKU 46",TPMS Car Tire Pressure Monitor Sensor,"TPMS Car Tire Pressure Monitor Sensor, Material: Plastic and metal., Individual Size 8x6x3CM, cardboard box","Sensor TPMS para monitoramento da pressão dos pneus de carro, Material: Plástico e metal, Tamanho individual 8x6x3cm, caixa de papelão",Material: Plastic and metal.,Material: Plástico e metal.,cardboard box,caixa de papelão,8.0,6.0,3.0,0.000144,33,Individual Size 8x6x3CM,Manutenção automotiva,Em veículos automotores compatíveis,Revenda online,"160 - CHINA, REPÚBLICA POPULAR","Tianmen Fengcheng Trading Co. Ltd.
","Tianmen Fengcheng Trading Co. Ltd.
","Jingling Street, E-Commerce Industrial Park",S/N,Tianmen,Room 301,Hubei Province,Sensor TPMS (Monitor de Pressão dos Pneus) para Carro,"Sensor TPMS para monitoramento da pressão dos pneus de carro, Material: Plástico e metal, Tamanho individual 8x6x3cm, caixa de papelão","Sensor De Pressão Do Pneu Captiva 2.4 3.0 E 3.6 V6 Após 2008 || Sensor Pressão Do Pneu Tpms Gm Captiva Camaro Malibu || Sensor Pressão Pneu Tpms Gm Captiva Camaro || Sensor Pressão Tpms Pneu Captiva Camaro Malibu Gm Chevrolet || Sensor Tpms Pressão Pneu Gm, Captiva, Camaro E Malibu",7895139519089|7896045504763,"R$ 7,75",Clássico,24.2,24.0,cadastro_fotos/46.png
460,12v Submersible Pump for water and oil,Bomba para transferencia de líquidos,"Tianmen Fengcheng Trading Co. Ltd.
",22.75,24.0,,"Bomba submersível de 12V para água e óleo, Material: Plástico e metal, Dimensões individuais: 20x11x6cm, Caixa de papelão",,,,25/03/2026 12:53,460,SKU 460,460,SKU 460,12v Submersible Pump for water and oil,"12v Submersible Pump for water and oil, Material: Plastic and metal, Individual Size 20x11x6CM, cardboard box","Bomba submersível de 12V para água e óleo, Material: Plástico e metal, Dimensões individuais: 20x11x6cm, Caixa de papelão",Material: Plastic and metal,Material: Plástico e metal,cardboard box,caixa de papelão,20.0,11.0,6.0,0.00132,415,Individual Size 20x11x6CM,Bomba para transferencia de líquidos,Uso geral,Revenda online,"160 - CHINA, REPÚBLICA POPULAR","Tianmen Fengcheng Trading Co. Ltd.
","Tianmen Fengcheng Trading Co. Ltd.
","Jingling Street, E-Commerce Industrial Park",S/N,Tianmen,Room 301,Hubei Province,Bomba submersível de 12V para água e óleo.,"Bomba submersível de 12V para água e óleo, Material: Plástico e metal, Dimensões individuais: 20x11x6cm, Caixa de papelão",,,,,22.75,24.0,cadastro_fotos/460.png
461,Quick Disconnect Battery Terminal Connector. 2Pcs,Manutenção automotiva,"Tianmen Fengcheng Trading Co. Ltd.
",11.32,24.0,,"Conector de terminal de bateria de desconexão rápida. 2 unidades, material: metal, embalagem plástica.",,,,25/03/2026 12:53,461,SKU 461,461,SKU 461,Quick Disconnect Battery Terminal Connector. 2Pcs,"Quick Disconnect Battery Terminal Connector. 2Pcs, Material:Metal, plastic bag","Conector de terminal de bateria de desconexão rápida. 2 unidades, material: metal, embalagem plástica.",Material:Metal,Material: Metal,plastic bag,saco plástico,,,,0.0,,Individual Size xxCM,Manutenção automotiva,Em veículos automotores compatíveis,Revenda online,"160 - CHINA, REPÚBLICA POPULAR","Tianmen Fengcheng Trading Co. Ltd.
","Tianmen Fengcheng Trading Co. Ltd.
","Jingling Street, E-Commerce Industrial Park",S/N,Tianmen,Room 301,Hubei Province,Conector de terminal de bateria de desconexão rápida. 2 unidades.,"Conector de terminal de bateria de desconexão rápida. 2 unidades, material: metal, embalagem plástica.",,,,,11.32,24.0,cadastro_fotos/461.png
462,Battery current sensor 04692269AI,Manutenção automotiva,"Tianmen Fengcheng Trading Co. Ltd.
",,,,"Sensor de corrente da bateria 04692269AI, Material: Metal e Plástico, caixa de papelão",,,,25/03/2026 12:53,462,SKU 462,462,04692269AI/4692269AH/K04692269AI/51962918/51966230/53322241/52052129/0199200089/7088768/7095718/9814653780/9812376580,Battery current sensor 04692269AI,"Battery current sensor 04692269AI, Material: Metal and Plastic, cardboard box","Sensor de corrente da bateria 04692269AI, Material: Metal e Plástico, caixa de papelão",Material: Metal and Plastic,Material: Metal e plástico,cardboard box,caixa de papelão,,,,0.0,,Individual Size xxCM,Manutenção automotiva,Em veículos automotores compatíveis,Revenda online,"160 - CHINA, REPÚBLICA POPULAR","Tianmen Fengcheng Trading Co. Ltd.
","Tianmen Fengcheng Trading Co. Ltd.
","Jingling Street, E-Commerce Industrial Park",S/N,Tianmen,Room 301,Hubei Province,Sensor de corrente da bateria 04692269AI,"Sensor de corrente da bateria 04692269AI, Material: Metal e Plástico, caixa de papelão",,,,,,,cadastro_fotos/462.png
463,,Manutenção automotiva,"Tianmen Fengcheng Trading Co. Ltd.
",,,,", ,",,,,25/03/2026 12:53,463,SKU 463,463,,,", , ",", ,",,,,,,,,0.0,,Individual Size xxCM,Manutenção automotiva,Em veículos automotores compatíveis,Revenda online,"160 - CHINA, REPÚBLICA POPULAR","Tianmen Fengcheng Trading Co. Ltd.
","Tianmen Fengcheng Trading Co. Ltd.
","Jingling Street, E-Commerce Industrial Park",S/N,Tianmen,Room 301,Hubei Province,,", ,",,,,,,,Sem Produto Cadastrado
464,Horizontal check valve 3/4,Valvula de retenção horizontal,"Tianmen Fengcheng Trading Co. Ltd.
",14.68,24.0,,"Válvula de retenção horizontal 3/4, Material: Metal, Dimensões individuais: 5x5x4cm, caixa de papelão",,,,25/03/2026 12:53,464,SKU 464,464,"SKU 464
3/4",Horizontal check valve 3/4,"Horizontal check valve 3/4, Material: Metal, Individual Size 5x5x4CM, cardboard box","Válvula de retenção horizontal 3/4, Material: Metal, Dimensões individuais: 5x5x4cm, caixa de papelão",Material: Metal,Material: Metal,cardboard box,caixa de papelão,5.0,5.0,4.0,0.0001,15,Individual Size 5x5x4CM,Valvula de retenção horizontal,Sistema hidraulico em Geral,Revenda online,"160 - CHINA, REPÚBLICA POPULAR","Tianmen Fengcheng Trading Co. Ltd.
","Tianmen Fengcheng Trading Co. Ltd.
","Jingling Street, E-Commerce Industrial Park",S/N,Tianmen,Room 301,Hubei Province,Válvula de retenção horizontal 3/4,"Válvula de retenção horizontal 3/4, Material: Metal, Dimensões individuais: 5x5x4cm, caixa de papelão",,,,,14.68,24.0,cadastro_fotos/464.png
464-K,,,,29.36,24.0,,,,,,25/03/2026 12:53,464-K,,,,,,,,,,,,,,,,,,,,,,,,,,,,,,,,,,29.36,24.0,
464-K10,,,,146.8,24.0,,,,,,25/03/2026 12:53,464-K10,,,,,,,,,,,,,,,,,,,,,,,,,,,,,,,,,,146.8,24.0,
464-K3,,,,44.04,24.0,,,,,,25/03/2026 12:53,464-K3,,,,,,,,,,,,,,,,,,,,,,,,,,,,,,,,,,44.04,24.0,
464-K5,,,,73.4,24.0,,,,,,25/03/2026 12:53,464-K5,,,,,,,,,,,,,,,,,,,,,,,,,,,,,,,,,,73.4,24.0,
465,Adaptador Diving First Stage,,"Tianmen Fengcheng Trading Co. Ltd.
",,,,"Adaptador para primeiro estágio de mergulho, Material: Metal e Plástico, Tamanho individual 9,5x5x5CM, caixa de papelão",,,,25/03/2026 12:53,465,SKU 465,465,SKU 465,Adaptador Diving First Stage,"Adaptador Diving First Stage, Material: Metal and Plastic, Individual Size 9,5x5x5CM, cardboard box","Adaptador para primeiro estágio de mergulho, Material: Metal e Plástico, Tamanho individual 9,5x5x5CM, caixa de papelão",Material: Metal and Plastic,Material: Metal e plástico,cardboard box,caixa de papelão,9.5,5.0,5.0,0.0002375,278,"Individual Size 9,5x5x5CM",,,Revenda online,"160 - CHINA, REPÚBLICA POPULAR","Tianmen Fengcheng Trading Co. Ltd.
","Tianmen Fengcheng Trading Co. Ltd.
","Jingling Street, E-Commerce Industrial Park",S/N,Tianmen,Room 301,Hubei Province,Primeira Etapa de Mergulho,"Adaptador para primeiro estágio de mergulho, Material: Metal e Plástico, Tamanho individual 9,5x5x5CM, caixa de papelão",,,,,,,cadastro_fotos/465.png
467,THP valve diaphragm motor,Manutenção automotiva,"Tianmen Fengcheng Trading Co. Ltd.
",,,,"Motor de diafragma da válvula THP, Material: Plástico. Borracha e metal, embalagem plástica.",,,,25/03/2026 12:53,467,SKU 467,467,SKU 467,THP valve diaphragm motor,"THP valve diaphragm motor, Material: Plastic. Rubber and metal, plastic bag","Motor de diafragma da válvula THP, Material: Plástico. Borracha e metal, embalagem plástica.",Material: Plastic. Rubber and metal,"Material: Plástico, borracha e metal.",plastic bag,saco plástico,,,,0.0,,Individual Size xxCM,Manutenção automotiva,Em veículos automotores compatíveis,Revenda online,"160 - CHINA, REPÚBLICA POPULAR","Tianmen Fengcheng Trading Co. Ltd.
","Tianmen Fengcheng Trading Co. Ltd.
","Jingling Street, E-Commerce Industrial Park",S/N,Tianmen,Room 301,Hubei Province,Motor de diafragma da válvula THP,"Motor de diafragma da válvula THP, Material: Plástico. Borracha e metal, embalagem plástica.",,,,,,,cadastro_fotos/467.png
468,18 pin electric window controls for vehicle,Manutenção automotiva,"Tianmen Fengcheng Trading Co. Ltd.
",,,,"Controle de vidros elétricos de 18 pinos para veículos, Material: Plástico e metal, caixa de papelão",,,,25/03/2026 12:53,468,SKU 468,468,SKU 468,18 pin electric window controls for vehicle,"18 pin electric window controls for vehicle, Material: Plastic and metal, cardboard box","Controle de vidros elétricos de 18 pinos para veículos, Material: Plástico e metal, caixa de papelão",Material: Plastic and metal,Material: Plástico e metal,cardboard box,caixa de papelão,,,,0.0,,Individual Size xxCM,Manutenção automotiva,Em veículos automotores compatíveis,Revenda online,"160 - CHINA, REPÚBLICA POPULAR","Tianmen Fengcheng Trading Co. Ltd.
","Tianmen Fengcheng Trading Co. Ltd.
","Jingling Street, E-Commerce Industrial Park",S/N,Tianmen,Room 301,Hubei Province,Controles de vidros elétricos de 18 pinos para veículos,"Controle de vidros elétricos de 18 pinos para veículos, Material: Plástico e metal, caixa de papelão",,,,,,,cadastro_fotos/468.png
469,12v Wifi Smart Actuator for 1/2”. 3/4”. 1”. 1.25” Lever Valve,Atuador inteligente,"Tianmen Fengcheng Trading Co. Ltd.
",,,,"Atuador inteligente Wi-Fi de 12 V para válvulas de alavanca de 1/2”, 3/4”, 1” e 1,25”, Material: Metal e plástico, caixa de papelão",,,,25/03/2026 12:53,469,SKU 469,469,SKU 469,12v Wifi Smart Actuator for 1/2”. 3/4”. 1”. 1.25” Lever Valve,"12v Wifi Smart Actuator for 1/2”. 3/4”. 1”. 1.25” Lever Valve, Material: Metal and Plastic, cardboard box","Atuador inteligente Wi-Fi de 12 V para válvulas de alavanca de 1/2”, 3/4”, 1” e 1,25”, Material: Metal e plástico, caixa de papelão",Material: Metal and Plastic,Material: Metal e plástico,cardboard box,caixa de papelão,,,,0.0,,Individual Size xxCM,Atuador inteligente,Em encanamentos residenciais em geral,Revenda online,"160 - CHINA, REPÚBLICA POPULAR","Tianmen Fengcheng Trading Co. Ltd.
","Tianmen Fengcheng Trading Co. Ltd.
","Jingling Street, E-Commerce Industrial Park",S/N,Tianmen,Room 301,Hubei Province,"Atuador inteligente Wi-Fi de 12 V para válvulas de alavanca de 1/2”, 3/4”, 1” e 1,25”.","Atuador inteligente Wi-Fi de 12 V para válvulas de alavanca de 1/2”, 3/4”, 1” e 1,25”, Material: Metal e plástico, caixa de papelão",,,,,,,cadastro_fotos/469.png
47,TPMS Car Tire Pressure Monitor Sensor,Manutenção automotiva,"Tianmen Fengcheng Trading Co. Ltd.
",25.36,24.0,,"Sensor TPMS para monitoramento da pressão dos pneus de carro, Material: Plástico e metal, Tamanho individual 8x6x3cm, caixa de papelão",MLB1987808419,MLB1987808419,1.0,25/03/2026 12:53,47,SKU 47,47,"52933C1100
SKU:47",TPMS Car Tire Pressure Monitor Sensor,"TPMS Car Tire Pressure Monitor Sensor, Material: Plastic and metal., Individual Size 8x6x3CM, cardboard box","Sensor TPMS para monitoramento da pressão dos pneus de carro, Material: Plástico e metal, Tamanho individual 8x6x3cm, caixa de papelão",Material: Plastic and metal.,Material: Plástico e metal.,cardboard box,caixa de papelão,8.0,6.0,3.0,0.000144,0,Individual Size 8x6x3CM,Manutenção automotiva,Em veículos automotores compatíveis,Revenda online,"160 - CHINA, REPÚBLICA POPULAR","Tianmen Fengcheng Trading Co. Ltd.
","Tianmen Fengcheng Trading Co. Ltd.
","Jingling Street, E-Commerce Industrial Park",S/N,Tianmen,Room 301,Hubei Province,Sensor TPMS (Monitor de Pressão dos Pneus) para Carro,"Sensor TPMS para monitoramento da pressão dos pneus de carro, Material: Plástico e metal, Tamanho individual 8x6x3cm, caixa de papelão",Sensor De Pressão Pneu Hyundai Creta Nova Tucson Tpms Sonata,7895141624504,"R$ 7,75",Clássico,25.36,24.0,cadastro_fotos/47.png
471,Motorcycle instrument panel,Manutenção automotiva,"Tianmen Fengcheng Trading Co. Ltd.
",,,,"Painel de instrumentos para motocicleta, Material: Metal e Plástico, caixa de papelão",,,,25/03/2026 12:53,471,SKU 471,471,SKU 471,Motorcycle instrument panel,"Motorcycle instrument panel, Material: Metal and Plastic, cardboard box","Painel de instrumentos para motocicleta, Material: Metal e Plástico, caixa de papelão",Material: Metal and Plastic,Material: Metal e plástico,cardboard box,caixa de papelão,,,,0.0,,Individual Size xxCM,Manutenção automotiva,Em veículos automotores compatíveis,Revenda online,"160 - CHINA, REPÚBLICA POPULAR","Tianmen Fengcheng Trading Co. Ltd.
","Tianmen Fengcheng Trading Co. Ltd.
","Jingling Street, E-Commerce Industrial Park",S/N,Tianmen,Room 301,Hubei Province,Painel de instrumentos da motocicleta,"Painel de instrumentos para motocicleta, Material: Metal e Plástico, caixa de papelão",,,,,,,cadastro_fotos/471.png
472,Vehicle Transmission Protection Mat,Manutenção automotiva,"Tianmen Fengcheng Trading Co. Ltd.
",,,,"Tapete de proteção para transmissão do veículo, Material: Plástico, saco plástico",,,,25/03/2026 12:53,472,SKU 472,472,SKU 472,Vehicle Transmission Protection Mat,"Vehicle Transmission Protection Mat, Material: Plastic, plastic bag","Tapete de proteção para transmissão do veículo, Material: Plástico, saco plástico",Material: Plastic,Material: Plástico,plastic bag,saco plástico,,,,0.0,,Individual Size xxCM,Manutenção automotiva,Em veículos automotores compatíveis,Revenda online,"160 - CHINA, REPÚBLICA POPULAR","Tianmen Fengcheng Trading Co. Ltd.
","Tianmen Fengcheng Trading Co. Ltd.
","Jingling Street, E-Commerce Industrial Park",S/N,Tianmen,Room 301,Hubei Province,Tapete de proteção da transmissão do veículo,"Tapete de proteção para transmissão do veículo, Material: Plástico, saco plástico",,,,,,,cadastro_fotos/472.png
473,Fire blanket 1.8x1.2cm,Equipamento de segurança,"Tianmen Fengcheng Trading Co. Ltd.
",29.7,24.0,,"Manta anti-fogo 1,8x1,2cm, Material: Fibra de vidro de alta resistência, saco plástico",,,,25/03/2026 12:53,473,SKU 473,473,SKU 473,Fire blanket 1.8x1.2cm,"Fire blanket 1.8x1.2cm, Material: High strength fiberglass, plastic bag","Manta anti-fogo 1,8x1,2cm, Material: Fibra de vidro de alta resistência, saco plástico",Material: High strength fiberglass,Material: Fibra de vidro de alta resistência,plastic bag,saco plástico,,,,0.0,,Individual Size xxCM,Equipamento de segurança,Uso pessoal e industrial,Revenda online,"160 - CHINA, REPÚBLICA POPULAR","Tianmen Fengcheng Trading Co. Ltd.
","Tianmen Fengcheng Trading Co. Ltd.
","Jingling Street, E-Commerce Industrial Park",S/N,Tianmen,Room 301,Hubei Province,"Manta anti-fogo 1,8x1,2cm","Manta anti-fogo 1,8x1,2cm, Material: Fibra de vidro de alta resistência, saco plástico",,,,,29.7,24.0,cadastro_fotos/473.png
474,Wiper Motor (100501924. Sinomore motor: ZD2802. 24V 82RPM),Manutenção automotiva,"Tianmen Fengcheng Trading Co. Ltd.
",,,,"Motor do limpador de para-brisa (100501924. Motor Sinomore: ZD2802. 24V 82RPM), Material: Metal, caixa de papelão",,,,25/03/2026 12:53,474,SKU 474,474,SKU 474,Wiper Motor (100501924. Sinomore motor: ZD2802. 24V 82RPM),"Wiper Motor (100501924. Sinomore motor: ZD2802. 24V 82RPM), Material: Metal, cardboard box","Motor do limpador de para-brisa (100501924. Motor Sinomore: ZD2802. 24V 82RPM), Material: Metal, caixa de papelão",Material: Metal,Material: Metal,cardboard box,caixa de papelão,,,,,,Individual Size xxCM,Manutenção automotiva,Em veículos automotores compatíveis,Revenda online,"160 - CHINA, REPÚBLICA POPULAR","Tianmen Fengcheng Trading Co. Ltd.
","Tianmen Fengcheng Trading Co. Ltd.
","Jingling Street, E-Commerce Industrial Park",S/N,Tianmen,Room 301,Hubei Province,Motor do limpador de para-brisa (100501924. Motor Sinomore: ZD2802. 24V 82RPM),"Motor do limpador de para-brisa (100501924. Motor Sinomore: ZD2802. 24V 82RPM), Material: Metal, caixa de papelão",,,,,,,cadastro_fotos/474.png
475,"Wiper Motor (100501924. Sinomore
motor: ZD2802. 24V 160RPM)",Manutenção automotiva,"Tianmen Fengcheng Trading Co. Ltd.
",,,,"Motor do limpador de para-brisa (100501924. Sinomore
motor: ZD2802. 24V 160RPM), Material: Metal, caixa de papelão",,,,25/03/2026 12:53,475,SKU 475,475,SKU 475,"Wiper Motor (100501924. Sinomore
motor: ZD2802. 24V 160RPM)","Wiper Motor (100501924. Sinomore
motor: ZD2802. 24V 160RPM), Material: Metal, cardboard box","Motor do limpador de para-brisa (100501924. Sinomore
motor: ZD2802. 24V 160RPM), Material: Metal, caixa de papelão",Material: Metal,Material: Metal,cardboard box,caixa de papelão,,,,,,Individual Size xxCM,Manutenção automotiva,Em veículos automotores compatíveis,Revenda online,"160 - CHINA, REPÚBLICA POPULAR","Tianmen Fengcheng Trading Co. Ltd.
","Tianmen Fengcheng Trading Co. Ltd.
","Jingling Street, E-Commerce Industrial Park",S/N,Tianmen,Room 301,Hubei Province,"Motor do limpador de para-brisa (100501924. Sinomore
motor: ZD2802. 24V 160RPM)","Motor do limpador de para-brisa (100501924. Sinomore
motor: ZD2802. 24V 160RPM), Material: Metal, caixa de papelão",,,,,,,cadastro_fotos/475.png
476,"Window lift Motor (MM09012 12VDC
45RPM. Sinomore motor:ZDS1510L)",Manutenção automotiva,"Tianmen Fengcheng Trading Co. Ltd.
",,,,"Motor para vidro elétrico (MM09012 12VDC
45RPM. Motor Sinomore: ZDS1510L), Material: Metal, caixa de papelão",,,,25/03/2026 12:53,476,SKU 476,476,SKU 476,"Window lift Motor (MM09012 12VDC
45RPM. Sinomore motor:ZDS1510L)","Window lift Motor (MM09012 12VDC
45RPM. Sinomore motor:ZDS1510L), Material: Metal, cardboard box","Motor para vidro elétrico (MM09012 12VDC
45RPM. Motor Sinomore: ZDS1510L), Material: Metal, caixa de papelão",Material: Metal,Material: Metal,cardboard box,caixa de papelão,,,,,,Individual Size xxCM,Manutenção automotiva,Em veículos automotores compatíveis,Revenda online,"160 - CHINA, REPÚBLICA POPULAR","Tianmen Fengcheng Trading Co. Ltd.
","Tianmen Fengcheng Trading Co. Ltd.
","Jingling Street, E-Commerce Industrial Park",S/N,Tianmen,Room 301,Hubei Province,"Motor do elevador de vidros (MM09012 12VDC
45RPM. Motor Sinomore: ZDS1510L)","Motor para vidro elétrico (MM09012 12VDC
45RPM. Motor Sinomore: ZDS1510L), Material: Metal, caixa de papelão",,,,,,,cadastro_fotos/476.png
477,"Window lift Motor (MM09012 12VDC
90RPM. Sinomore motor:ZDS1510L）",Manutenção automotiva,"Tianmen Fengcheng Trading Co. Ltd.
",,,,"Motor para vidro elétrico (MM09012 12VDC
90RPM. Motor Sinomore: ZDS1510L), Material: Metal, caixa de papelão",,,,25/03/2026 12:53,477,SKU 477,477,SKU 477,"Window lift Motor (MM09012 12VDC
90RPM. Sinomore motor:ZDS1510L）","Window lift Motor (MM09012 12VDC
90RPM. Sinomore motor:ZDS1510L）, Material: Metal, cardboard box","Motor para vidro elétrico (MM09012 12VDC
90RPM. Motor Sinomore: ZDS1510L), Material: Metal, caixa de papelão",Material: Metal,Material: Metal,cardboard box,caixa de papelão,,,,,,Individual Size xxCM,Manutenção automotiva,Em veículos automotores compatíveis,Revenda online,"160 - CHINA, REPÚBLICA POPULAR","Tianmen Fengcheng Trading Co. Ltd.
","Tianmen Fengcheng Trading Co. Ltd.
","Jingling Street, E-Commerce Industrial Park",S/N,Tianmen,Room 301,Hubei Province,"Motor do elevador de vidros (MM09012 12VDC
90RPM. Motor Sinomore: ZDS1510L)","Motor para vidro elétrico (MM09012 12VDC
90RPM. Motor Sinomore: ZDS1510L), Material: Metal, caixa de papelão",,,,,,,cadastro_fotos/477.png
478,Forest Shrub Drip Torch Burner 5L,Equipamento anti incêndio,"Tianmen Fengcheng Trading Co. Ltd.
",,,,"Tocha de gotejamento Forest Shrub 5L, Material: Metal, caixa de papelão",,,,25/03/2026 12:53,478,SKU 478,478,SKU 478,Forest Shrub Drip Torch Burner 5L,"Forest Shrub Drip Torch Burner 5L, Material: Metal, cardboard box","Tocha de gotejamento Forest Shrub 5L, Material: Metal, caixa de papelão",Material: Metal,Material: Metal,cardboard box,caixa de papelão,,,,0.0,,Individual Size xxCM,Equipamento anti incêndio,Tocha de gotejamento Forest Shrub 5L,Revenda online,"160 - CHINA, REPÚBLICA POPULAR","Tianmen Fengcheng Trading Co. Ltd.
","Tianmen Fengcheng Trading Co. Ltd.
","Jingling Street, E-Commerce Industrial Park",S/N,Tianmen,Room 301,Hubei Province,Tocha de gotejamento Forest Shrub 5L,"Tocha de gotejamento Forest Shrub 5L, Material: Metal, caixa de papelão",,,,,,,cadastro_fotos/478.png
479,20 liter firefighting backpack,Equipamento anti incêndio,"Tianmen Fengcheng Trading Co. Ltd.
",,,,"Mochila de combate a incêndio de 20 litros, Material: Rede de PVC resistente à água e atualizada com sistema de fixação
e bomba de metal, Saco plástico individual de 48x45x37cm",,,,25/03/2026 12:53,479,SKU 479,479,SKU 471,20 liter firefighting backpack,"20 liter firefighting backpack, Material: Updated strong Water Proof PVC net clamping cloth
&metal pump, Individual Size 48x45x37CMplastic bag","Mochila de combate a incêndio de 20 litros, Material: Rede de PVC resistente à água e atualizada com sistema de fixação
e bomba de metal, Saco plástico individual de 48x45x37cm","Material: Updated strong Water Proof PVC net clamping cloth
&metal pump","Material: Rede de PVC resistente à água e atualizada com sistema de fixação
e bomba de metal",plastic bag,saco plástico,48.0,45.0,37.0,0.010692,223,Individual Size 48x45x37CM,Equipamento anti incêndio,Mochila de combate a incêndio de 20 litros,Revenda online,"160 - CHINA, REPÚBLICA POPULAR","Tianmen Fengcheng Trading Co. Ltd.
","Tianmen Fengcheng Trading Co. Ltd.
","Jingling Street, E-Commerce Industrial Park",S/N,Tianmen,Room 301,Hubei Province,Mochila de combate a incêndio de 20 litros,"Mochila de combate a incêndio de 20 litros, Material: Rede de PVC resistente à água e atualizada com sistema de fixação
e bomba de metal, Saco plástico individual de 48x45x37cm",,,,,,,cadastro_fotos/479.jpg
480,Wiper Motor (TEKB 12V. Sinomore motor: ZD2560R-12V. 40RPM),Manutenção automotiva,"Tianmen Fengcheng Trading Co. Ltd.
",,,,"Motor do limpador de para-brisa (TEKB 12V. Motor Sinomore: ZD2560R-12V. 40RPM), Material: Metal, caixa de papelão",,,,25/03/2026 12:53,480,SKU 480,480,SKU 480,Wiper Motor (TEKB 12V. Sinomore motor: ZD2560R-12V. 40RPM),"Wiper Motor (TEKB 12V. Sinomore motor: ZD2560R-12V. 40RPM), Material: Metal, cardboard box","Motor do limpador de para-brisa (TEKB 12V. Motor Sinomore: ZD2560R-12V. 40RPM), Material: Metal, caixa de papelão",Material: Metal,Material: Metal,cardboard box,caixa de papelão,,,,0.0,,Individual Size xxCM,Manutenção automotiva,Em veículos automotores compatíveis,Revenda online,"160 - CHINA, REPÚBLICA POPULAR","Tianmen Fengcheng Trading Co. Ltd.
","Tianmen Fengcheng Trading Co. Ltd.
","Jingling Street, E-Commerce Industrial Park",S/N,Tianmen,Room 301,Hubei Province,Motor do limpador de para-brisa (TEKB 12V. Motor Sinomore: ZD2560R-12V. 40 RPM),"Motor do limpador de para-brisa (TEKB 12V. Motor Sinomore: ZD2560R-12V. 40RPM), Material: Metal, caixa de papelão",,,,,,,cadastro_fotos/480.png
481,Wiper Motor (TEKB 12V. Sinomore motor: ZD2560R-12V. 20RPM),Manutenção automotiva,"Tianmen Fengcheng Trading Co. Ltd.
",,,,"Motor do limpador de para-brisa (TEKB 12V. Motor Sinomore: ZD2560R-12V. 20 RPM), Material: Metal, caixa de papelão",,,,25/03/2026 12:53,481,SKU 481,481,SKU 481,Wiper Motor (TEKB 12V. Sinomore motor: ZD2560R-12V. 20RPM),"Wiper Motor (TEKB 12V. Sinomore motor: ZD2560R-12V. 20RPM), Material: Metal, cardboard box","Motor do limpador de para-brisa (TEKB 12V. Motor Sinomore: ZD2560R-12V. 20 RPM), Material: Metal, caixa de papelão",Material: Metal,Material: Metal,cardboard box,caixa de papelão,,,,0.0,,Individual Size xxCM,Manutenção automotiva,Em veículos automotores compatíveis,Revenda online,"160 - CHINA, REPÚBLICA POPULAR","Tianmen Fengcheng Trading Co. Ltd.
","Tianmen Fengcheng Trading Co. Ltd.
","Jingling Street, E-Commerce Industrial Park",S/N,Tianmen,Room 301,Hubei Province,Motor do limpador de para-brisa (TEKB 12V. Motor Sinomore: ZD2560R-12V. 20 RPM),"Motor do limpador de para-brisa (TEKB 12V. Motor Sinomore: ZD2560R-12V. 20 RPM), Material: Metal, caixa de papelão",,,,,,,cadastro_fotos/481.png
482,Wiper Motor (TEKB 12V. Sinomore motor: ZD2560R-12V. 60RPM),Manutenção automotiva,"Tianmen Fengcheng Trading Co. Ltd.
",,,,"Motor do limpador de para-brisa (TEKB 12V. Motor Sinomore: ZD2560R-12V. 60 RPM), Material: Metal, caixa de papelão",,,,25/03/2026 12:53,482,SKU 482,482,SKU 482,Wiper Motor (TEKB 12V. Sinomore motor: ZD2560R-12V. 60RPM),"Wiper Motor (TEKB 12V. Sinomore motor: ZD2560R-12V. 60RPM), Material: Metal, cardboard box","Motor do limpador de para-brisa (TEKB 12V. Motor Sinomore: ZD2560R-12V. 60 RPM), Material: Metal, caixa de papelão",Material: Metal,Material: Metal,cardboard box,caixa de papelão,,,,0.0,,Individual Size xxCM,Manutenção automotiva,Em veículos automotores compatíveis,Revenda online,"160 - CHINA, REPÚBLICA POPULAR","Tianmen Fengcheng Trading Co. Ltd.
","Tianmen Fengcheng Trading Co. Ltd.
","Jingling Street, E-Commerce Industrial Park",S/N,Tianmen,Room 301,Hubei Province,Motor do limpador de para-brisa (TEKB 12V. Motor Sinomore: ZD2560R-12V. 60 RPM),"Motor do limpador de para-brisa (TEKB 12V. Motor Sinomore: ZD2560R-12V. 60 RPM), Material: Metal, caixa de papelão",,,,,,,cadastro_fotos/482.png
484-1,black office chair,Acessório para roçadeiras,"Tianmen Fengcheng Trading Co. Ltd.
",,,,"Cadeira de escritório preta, Material: Metal e Plástico, caixa de papelão",,,,25/03/2026 12:53,484-1,SKU 484-1,484-1,SKU 484,black office chair,"black office chair, Material: Metal and Plastic, cardboard box","Cadeira de escritório preta, Material: Metal e Plástico, caixa de papelão",Material: Metal and Plastic,Material: Metal e plástico,cardboard box,caixa de papelão,,,,0.0,,Individual Size xxCM,Acessório para roçadeiras,Em aparelhos compatíveis,Revenda online,"160 - CHINA, REPÚBLICA POPULAR","Tianmen Fengcheng Trading Co. Ltd.
","Tianmen Fengcheng Trading Co. Ltd.
","Jingling Street, E-Commerce Industrial Park",S/N,Tianmen,Room 301,Hubei Province,cadeira de escritório preta,"Cadeira de escritório preta, Material: Metal e Plástico, caixa de papelão",,,,,,,cadastro_fotos/484-1.jpg
484-2,Blue office chair,Acessório para roçadeiras,"Tianmen Fengcheng Trading Co. Ltd.
",,,,"Cadeira de escritório azul, Material: Metal e Plástico, caixa de papelão",,,,25/03/2026 12:53,484-2,SKU 484-2,484-2,SKU 485,Blue office chair,"Blue office chair, Material: Metal and Plastic, cardboard box","Cadeira de escritório azul, Material: Metal e Plástico, caixa de papelão",Material: Metal and Plastic,Material: Metal e plástico,cardboard box,caixa de papelão,,,,0.0,,Individual Size xxCM,Acessório para roçadeiras,Em aparelhos compatíveis,Revenda online,"160 - CHINA, REPÚBLICA POPULAR","Tianmen Fengcheng Trading Co. Ltd.
","Tianmen Fengcheng Trading Co. Ltd.
","Jingling Street, E-Commerce Industrial Park",S/N,Tianmen,Room 301,Hubei Province,Cadeira de escritório azul,"Cadeira de escritório azul, Material: Metal e Plástico, caixa de papelão",,,,,,,cadastro_fotos/484-2.png
487,,Manutenção automotiva,"Tianmen Fengcheng Trading Co. Ltd.
",,,,", ,",,,,25/03/2026 12:53,487,SKU 487,487,SKU 487,,", , ",", ,",,#VALUE!,,#VALUE!,,,,0.0,,Individual Size xxCM,Manutenção automotiva,Em veículos automotores compatíveis,Revenda online,"160 - CHINA, REPÚBLICA POPULAR","Tianmen Fengcheng Trading Co. Ltd.
","Tianmen Fengcheng Trading Co. Ltd.
","Jingling Street, E-Commerce Industrial Park",S/N,Tianmen,Room 301,Hubei Province,#VALUE!,", ,",,,,,,,cadastro_fotos/487.png
488,,Manutenção automotiva,"Tianmen Fengcheng Trading Co. Ltd.
",,,,", ,",,,,25/03/2026 12:53,488,SKU 488,488,SKU 488,,", , ",", ,",,#VALUE!,,#VALUE!,,,,0.0,,Individual Size xxCM,Manutenção automotiva,Em veículos automotores compatíveis,Revenda online,"160 - CHINA, REPÚBLICA POPULAR","Tianmen Fengcheng Trading Co. Ltd.
","Tianmen Fengcheng Trading Co. Ltd.
","Jingling Street, E-Commerce Industrial Park",S/N,Tianmen,Room 301,Hubei Province,#VALUE!,", ,",,,,,,,cadastro_fotos/488.png
489,,Manutenção automotiva,"Tianmen Fengcheng Trading Co. Ltd.
",,,,", ,",,,,25/03/2026 12:53,489,SKU 489,489,SKU 489,,", , ",", ,",,#VALUE!,,#VALUE!,,,,0.0,,Individual Size xxCM,Manutenção automotiva,Em veículos automotores compatíveis,Revenda online,"160 - CHINA, REPÚBLICA POPULAR","Tianmen Fengcheng Trading Co. Ltd.
","Tianmen Fengcheng Trading Co. Ltd.
","Jingling Street, E-Commerce Industrial Park",S/N,Tianmen,Room 301,Hubei Province,#VALUE!,", ,",,,,,,,cadastro_fotos/489.png
49,Vehicle Steering Column Repair Bushing,Manutenção automotiva,"Tianmen Fengcheng Trading Co. Ltd.
",2.31,24.0,,"Bucha de Reparo da Coluna de Direção do Veículo, Material: Plástico, Tamanho Individual 3x3x0,5CM, Caixa de Papelão",,,,25/03/2026 12:53,49,SKU 49,49,SKU 49,Vehicle Steering Column Repair Bushing,"Vehicle Steering Column Repair Bushing, Material: Plastic, Individual Size 3x3x0,5CM, cardboard box","Bucha de Reparo da Coluna de Direção do Veículo, Material: Plástico, Tamanho Individual 3x3x0,5CM, Caixa de Papelão",Material: Plastic,Material: Plástico,cardboard box,caixa de papelão,3.0,3.0,0.5,4.5e-06,,"Individual Size 3x3x0,5CM",Manutenção automotiva,Em veículos automotores compatíveis,Revenda online,"160 - CHINA, REPÚBLICA POPULAR","Tianmen Fengcheng Trading Co. Ltd.
","Tianmen Fengcheng Trading Co. Ltd.
","Jingling Street, E-Commerce Industrial Park",S/N,Tianmen,Room 301,Hubei Province,Bucha de Reparo da Coluna de Direção do Veículo,"Bucha de Reparo da Coluna de Direção do Veículo, Material: Plástico, Tamanho Individual 3x3x0,5CM, Caixa de Papelão",,,,,2.31,24.0,cadastro_fotos/49.png
490,,Manutenção automotiva,"Tianmen Fengcheng Trading Co. Ltd.
",,,,", ,",,,,25/03/2026 12:53,490,SKU 490,490,SKU 490,,", , ",", ,",,#VALUE!,,#VALUE!,,,,0.0,,Individual Size xxCM,Manutenção automotiva,Em veículos automotores compatíveis,Revenda online,"160 - CHINA, REPÚBLICA POPULAR","Tianmen Fengcheng Trading Co. Ltd.
","Tianmen Fengcheng Trading Co. Ltd.
","Jingling Street, E-Commerce Industrial Park",S/N,Tianmen,Room 301,Hubei Province,#VALUE!,", ,",,,,,,,cadastro_fotos/490.png
491,,Manutenção automotiva,"Tianmen Fengcheng Trading Co. Ltd.
",,,,", ,",,,,25/03/2026 12:53,491,SKU 491,491,SKU 491,,", , ",", ,",,#VALUE!,,#VALUE!,,,,0.0,,Individual Size xxCM,Manutenção automotiva,Em veículos automotores compatíveis,Revenda online,"160 - CHINA, REPÚBLICA POPULAR","Tianmen Fengcheng Trading Co. Ltd.
","Tianmen Fengcheng Trading Co. Ltd.
","Jingling Street, E-Commerce Industrial Park",S/N,Tianmen,Room 301,Hubei Province,#VALUE!,", ,",,,,,,,cadastro_fotos/491.png
492,,Manutenção automotiva,"Tianmen Fengcheng Trading Co. Ltd.
",,,,", ,",,,,25/03/2026 12:53,492,SKU 492,492,SKU 492,,", , ",", ,",,#VALUE!,,#VALUE!,,,,0.0,,Individual Size xxCM,Manutenção automotiva,Em veículos automotores compatíveis,Revenda online,"160 - CHINA, REPÚBLICA POPULAR","Tianmen Fengcheng Trading Co. Ltd.
","Tianmen Fengcheng Trading Co. Ltd.
","Jingling Street, E-Commerce Industrial Park",S/N,Tianmen,Room 301,Hubei Province,#VALUE!,", ,",,,,,,,cadastro_fotos/492.png
493,,Manutenção automotiva,"Tianmen Fengcheng Trading Co. Ltd.
",,,,", ,",,,,25/03/2026 12:53,493,SKU 493,493,SKU 493,,", , ",", ,",,#VALUE!,,#VALUE!,,,,0.0,,Individual Size xxCM,Manutenção automotiva,Em veículos automotores compatíveis,Revenda online,"160 - CHINA, REPÚBLICA POPULAR","Tianmen Fengcheng Trading Co. Ltd.
","Tianmen Fengcheng Trading Co. Ltd.
","Jingling Street, E-Commerce Industrial Park",S/N,Tianmen,Room 301,Hubei Province,#VALUE!,", ,",,,,,,,
495,,,,,,,,,,,25/03/2026 12:53,495,,495,,,,,,,,,,,,,,,,,,,,,,,,,,,,,,,,,,
496,,,"Tianmen Fengcheng Trading Co. Ltd.
",,,,", ,",,,,25/03/2026 12:53,496,SKU 496,496,SKU 496,,", , ",", ,",,#VALUE!,,#VALUE!,,,,0.0,,Individual Size xxCM,,#VALUE!,Revenda online,"160 - CHINA, REPÚBLICA POPULAR","Tianmen Fengcheng Trading Co. Ltd.
","Tianmen Fengcheng Trading Co. Ltd.
","Jingling Street, E-Commerce Industrial Park",S/N,Tianmen,Room 301,Hubei Province,#VALUE!,", ,",,,,,,,
498,,,"Tianmen Fengcheng Trading Co. Ltd.
",,,,", ,",,,,25/03/2026 12:53,498,SKU 498,498,SKU 498,,", , ",", ,",,#VALUE!,,#VALUE!,,,,0.0,,Individual Size xxCM,,#VALUE!,Revenda online,"160 - CHINA, REPÚBLICA POPULAR","Tianmen Fengcheng Trading Co. Ltd.
","Tianmen Fengcheng Trading Co. Ltd.
","Jingling Street, E-Commerce Industrial Park",S/N,Tianmen,Room 301,Hubei Province,#VALUE!,", ,",,,,,,,
499,,,,,,,,,,,25/03/2026 12:53,499,,499,,,,,,,,,,,,,,,,,,,,,,,,,,,,,,,,,,
005,Vehicle fuel pressure sensor,Manutenção automotiva,"Tianmen Fengcheng Trading Co. Ltd.
",54.77,24.0,,"Sensor de pressão de combustível para veículos, Material: Metal e plástico, Tamanho individual 6x3x3CM, caixa de papelão",MLB1984903133,MLB1984903133|MLB1984905629|MLB2931735593,3.0,25/03/2026 12:53,5,SKU 005,005,55pp02-03,Vehicle fuel pressure sensor,"Vehicle fuel pressure sensor, Material: Metal and plastic, Individual Size 6x3x3CM, cardboard box","Sensor de pressão de combustível para veículos, Material: Metal e plástico, Tamanho individual 6x3x3CM, caixa de papelão",Material: Metal and plastic,Material: Metal e plástico,cardboard box,caixa de papelão,6.0,3.0,3.0,5.4e-05,49,Individual Size 6x3x3CM,Manutenção automotiva,Em veículos automotores compatíveis,Revenda online,"160 - CHINA, REPÚBLICA POPULAR","Tianmen Fengcheng Trading Co. Ltd.
","Tianmen Fengcheng Trading Co. Ltd.
","Jingling Street, E-Commerce Industrial Park",S/N,Tianmen,Room 301,Hubei Province,Sensor de pressão de combustível do veículo,"Sensor de pressão de combustível para veículos, Material: Metal e plástico, Tamanho individual 6x3x3CM, caixa de papelão",Sensor Pressão Flauta Common Rail Ranger Troller 3.0 Diesel || Sensor Pressão Flauta Turbo Ford Ranger 3.0 Troller T4 || Sensor Tubo Rail Ranger Troller 3.0 5ws40039 55pp02-03,68746452|7891149107773|7895139518433,"R$ 18,45|R$ 20,95",Clássico,54.77,24.0,cadastro_fotos/005.png
500,,,"Tianmen Fengcheng Trading Co. Ltd.
",,,,", ,",,,,25/03/2026 12:53,500,SKU 500,500,SKU 500,,", , ",", ,",,#VALUE!,,#VALUE!,,,,0.0,,Individual Size xxCM,,#VALUE!,Revenda online,"160 - CHINA, REPÚBLICA POPULAR","Tianmen Fengcheng Trading Co. Ltd.
","Tianmen Fengcheng Trading Co. Ltd.
","Jingling Street, E-Commerce Industrial Park",S/N,Tianmen,Room 301,Hubei Province,#VALUE!,", ,",,,,,,,
501,,,"Tianmen Fengcheng Trading Co. Ltd.
",,,,", ,",,,,25/03/2026 12:53,501,SKU 501,501,SKU 501,,", , ",", ,",,#VALUE!,,#VALUE!,,,,0.0,,Individual Size xxCM,,#VALUE!,Revenda online,"160 - CHINA, REPÚBLICA POPULAR","Tianmen Fengcheng Trading Co. Ltd.
","Tianmen Fengcheng Trading Co. Ltd.
","Jingling Street, E-Commerce Industrial Park",S/N,Tianmen,Room 301,Hubei Province,#VALUE!,", ,",,,,,,,
502,,,,,,,,,,,25/03/2026 12:53,502,,502,,,,,,,,,,,,,,,,,,,,,,,,,,,,,,,,,,
503-1,Refrigerator motor compressor ZH25G DC 12V,Peça de substituição para manuteção de refrigeradores,"Tianmen Fengcheng Trading Co. Ltd.
",,,,Compressor de motor de refrigerador ZH25G DC 12V,,,,25/03/2026 12:53,503-1,SKU 503-1,503-1,ZH25G DC 12V,Refrigerator motor compressor ZH25G DC 12V,"Refrigerator motor compressor ZH25G DC 12V, Material: Metal, Individual Size 28x19x20CM, cardboard box",Compressor de motor de refrigerador ZH25G DC 12V,Material: Metal,Material: Metal,cardboard box,caixa de papelão,28.0,19.0,20.0,0.01064,68,Individual Size 28x19x20CM,Peça de substituição para manuteção de refrigeradores,Compressor de motor de refrigerador ZH25G DC 12V,Revenda online,"160 - CHINA, REPÚBLICA POPULAR","Tianmen Fengcheng Trading Co. Ltd.
","Tianmen Fengcheng Trading Co. Ltd.
","Jingling Street, E-Commerce Industrial Park",S/N,Tianmen,Room 301,Hubei Province,Compressor de motor de refrigerador ZH25G DC 12V,Compressor de motor de refrigerador ZH25G DC 12V,,,,,,,cadastro_fotos/503-1.png
503-2,Refrigerator motor compressor  ZH75G DC12V-24V,Peça de substituição para manuteção de refrigeradores,"Tianmen Fengcheng Trading Co. Ltd.
",,,,Compressor de motor de refrigerador ZH75G DC12V-24V,,,,25/03/2026 12:53,503-2,SKU 503-2,503-2, ZH75G DC12V-24V,Refrigerator motor compressor  ZH75G DC12V-24V,"Refrigerator motor compressor  ZH75G DC12V-24V, Material: Metal, Individual Size 25x15x15CM, cardboard box",Compressor de motor de refrigerador ZH75G DC12V-24V,Material: Metal,Material: Metal,cardboard box,caixa de papelão,25.0,15.0,15.0,0.005625,355,Individual Size 25x15x15CM,Peça de substituição para manuteção de refrigeradores,Compressor de motor de refrigerador ZH75G DC12V-24V,Revenda online,"160 - CHINA, REPÚBLICA POPULAR","Tianmen Fengcheng Trading Co. Ltd.
","Tianmen Fengcheng Trading Co. Ltd.
","Jingling Street, E-Commerce Industrial Park",S/N,Tianmen,Room 301,Hubei Province,Compressor de motor de refrigerador ZH75G DC12V-24V,Compressor de motor de refrigerador ZH75G DC12V-24V,,,,,,,cadastro_fotos/503-2.png
503-3,Refrigerator motor compressor ZH35G DC 12V-24V,Peça de substituição para manuteção de refrigeradores,"Tianmen Fengcheng Trading Co. Ltd.
",,,,Compressor de motor de refrigerador ZH35G DC 12V-24V,,,,25/03/2026 12:53,503-3,SKU 503-3,503-3,ZH35G DC 12V-24V,Refrigerator motor compressor ZH35G DC 12V-24V,"Refrigerator motor compressor ZH35G DC 12V-24V, Material: Metal, Individual Size 25x15x15CM, cardboard box",Compressor de motor de refrigerador ZH35G DC 12V-24V,Material: Metal,Material: Metal,cardboard box,caixa de papelão,25.0,15.0,15.0,0.005625,355,Individual Size 25x15x15CM,Peça de substituição para manuteção de refrigeradores,Compressor de motor de refrigerador ZH35G DC 12V-24V,Revenda online,"160 - CHINA, REPÚBLICA POPULAR","Tianmen Fengcheng Trading Co. Ltd.
","Tianmen Fengcheng Trading Co. Ltd.
","Jingling Street, E-Commerce Industrial Park",S/N,Tianmen,Room 301,Hubei Province,Compressor de motor de refrigerador ZH35G DC 12V-24V,Compressor de motor de refrigerador ZH35G DC 12V-24V,,,,,,,cadastro_fotos/503-3.png
503-4,Refrigerator motor compressor ZH45G 24V,Peça de substituição para manuteção de refrigeradores,"Tianmen Fengcheng Trading Co. Ltd.
",,,,Compressor de motor de refrigerador ZH45G 24V,,,,25/03/2026 12:53,503-4,SKU 503-4,503-4,ZH45G 24V,Refrigerator motor compressor ZH45G 24V,"Refrigerator motor compressor ZH45G 24V, Material: Metal, Individual Size 25x15x15CM, cardboard box",Compressor de motor de refrigerador ZH45G 24V,Material: Metal,Material: Metal,cardboard box,caixa de papelão,25.0,15.0,15.0,0.005625,38,Individual Size 25x15x15CM,Peça de substituição para manuteção de refrigeradores,Compressor de motor de refrigerador ZH45G 24V,Revenda online,"160 - CHINA, REPÚBLICA POPULAR","Tianmen Fengcheng Trading Co. Ltd.
","Tianmen Fengcheng Trading Co. Ltd.
","Jingling Street, E-Commerce Industrial Park",S/N,Tianmen,Room 301,Hubei Province,Compressor de motor de refrigerador ZH45G 24V,Compressor de motor de refrigerador ZH45G 24V,,,,,,,cadastro_fotos/503-4.png
504,,,,,,,,,,,25/03/2026 12:53,504,,504,,,,,,,,,,,,,,,,,,,,,,,,,,,,,,,,,,
505,,,,,,,,,,,25/03/2026 12:53,505,,505,,,,,,,,,,,,,,,,,,,,,,,,,,,,,,,,,,
506,Automatic Transmission Shift Lever for Vehicle,,"Tianmen Fengcheng Trading Co. Ltd.
",,,,Alavanca de câmbio automática para veículo,,,,25/03/2026 12:53,506,SKU 506,506,506,Automatic Transmission Shift Lever for Vehicle,"Automatic Transmission Shift Lever for Vehicle, Material: Metal and plastic, cardboard box",Alavanca de câmbio automática para veículo,Material: Metal and plastic,Material: Metal e plástico,cardboard box,caixa de papelão,,,,0.0,,Individual Size xxCM,,Alavanca de câmbio automática para veículo,Revenda online,"160 - CHINA, REPÚBLICA POPULAR","Tianmen Fengcheng Trading Co. Ltd.
","Tianmen Fengcheng Trading Co. Ltd.
","Jingling Street, E-Commerce Industrial Park",S/N,Tianmen,Room 301,Hubei Province,Alavanca de câmbio automática para veículo,Alavanca de câmbio automática para veículo,,,,,,,cadastro_fotos/506.png
507,Automatic Transmission Shift Lever for Vehicle,,"Tianmen Fengcheng Trading Co. Ltd.
",,,,Alavanca de câmbio automática para veículo,,,,25/03/2026 12:53,507,SKU 507,507,507,Automatic Transmission Shift Lever for Vehicle,"Automatic Transmission Shift Lever for Vehicle, Material: Plastic, cardboard box",Alavanca de câmbio automática para veículo,Material: Plastic,Material: Plástico,cardboard box,caixa de papelão,,,,0.0,,Individual Size xxCM,,Alavanca de câmbio automática para veículo,Revenda online,"160 - CHINA, REPÚBLICA POPULAR","Tianmen Fengcheng Trading Co. Ltd.
","Tianmen Fengcheng Trading Co. Ltd.
","Jingling Street, E-Commerce Industrial Park",S/N,Tianmen,Room 301,Hubei Province,Alavanca de câmbio automática para veículo,Alavanca de câmbio automática para veículo,,,,,,,cadastro_fotos/507.png
508,,,,,,,,,,,25/03/2026 12:53,508,,508,,,,,,,,,,,,,,,,,,,,,,,,,,,,,,,,,,
509,,,,,,,,,,,25/03/2026 12:53,509,,509,,,,,,,,,,,,,,,,,,,,,,,,,,,,,,,,,,
511,Car Front Wheel Cover,Manutenção automotiva,"Tianmen Fengcheng Trading Co. Ltd.
",,,,Capa para roda dianteira do carro,,,,25/03/2026 12:53,511,SKU 511,511,511,Car Front Wheel Cover,"Car Front Wheel Cover, Material: Plastic ABS, plastic bag",Capa para roda dianteira do carro,Material: Plastic ABS,Material: Plástico ABS,plastic bag,saco plástico,,,,0.0,,Individual Size xxCM,Manutenção automotiva,Em veículos automotores compatíveis,Revenda online,"160 - CHINA, REPÚBLICA POPULAR","Tianmen Fengcheng Trading Co. Ltd.
","Tianmen Fengcheng Trading Co. Ltd.
","Jingling Street, E-Commerce Industrial Park",S/N,Tianmen,Room 301,Hubei Province,Capa para roda dianteira do carro,Capa para roda dianteira do carro,,,,,,,cadastro_fotos/511.png
512-K,"Pair of hinges for car engine hood, 60120-TBA-A00ZZ",Manutenção automotiva,"Tianmen Fengcheng Trading Co. Ltd.
",,,,"Par de dobradiças para capô de motor de carro, 60120-TBA-A00ZZ",,,,25/03/2026 12:53,512-K,SKU 512-K,512-K,512-K,"Pair of hinges for car engine hood, 60120-TBA-A00ZZ","Pair of hinges for car engine hood, 60120-TBA-A00ZZ, Material: Metal, plastic bag","Par de dobradiças para capô de motor de carro, 60120-TBA-A00ZZ",Material: Metal,Material: Metal,plastic bag,saco plástico,,,,0.0,,Individual Size xxCM,Manutenção automotiva,Em veículos automotores compatíveis,Revenda online,"160 - CHINA, REPÚBLICA POPULAR","Tianmen Fengcheng Trading Co. Ltd.
","Tianmen Fengcheng Trading Co. Ltd.
","Jingling Street, E-Commerce Industrial Park",S/N,Tianmen,Room 301,Hubei Province,"Par de dobradiças para capô de motor de carro, 60120-TBA-A00ZZ","Par de dobradiças para capô de motor de carro, 60120-TBA-A00ZZ",,,,,,,cadastro_fotos/512-K.png
513-K,"Pair of hinges for car engine hood, 60170-T9A-T00ZZ",Manutenção automotiva,"Tianmen Fengcheng Trading Co. Ltd.
",,,,"Par de dobradiças para capô de motor de carro, 60170-T9A-T00ZZ",,,,25/03/2026 12:53,513-K,SKU 513-K,513-K,513-K,"Pair of hinges for car engine hood, 60170-T9A-T00ZZ","Pair of hinges for car engine hood, 60170-T9A-T00ZZ, Material: Metal, plastic bag","Par de dobradiças para capô de motor de carro, 60170-T9A-T00ZZ",Material: Metal,Material: Metal,plastic bag,saco plástico,,,,0.0,,Individual Size xxCM,Manutenção automotiva,Em veículos automotores compatíveis,Revenda online,"160 - CHINA, REPÚBLICA POPULAR","Tianmen Fengcheng Trading Co. Ltd.
","Tianmen Fengcheng Trading Co. Ltd.
","Jingling Street, E-Commerce Industrial Park",S/N,Tianmen,Room 301,Hubei Province,"Par de dobradiças para capô de motor de carro, 60170-T9A-T00ZZ","Par de dobradiças para capô de motor de carro, 60170-T9A-T00ZZ",,,,,,,cadastro_fotos/513-K.png
514,"Rear Tail Light, 815700K100",Manutenção automotiva,"Tianmen Fengcheng Trading Co. Ltd.
",,,,"Lanterna traseira, 815700K100",,,,25/03/2026 12:53,514,SKU 514,514,514,"Rear Tail Light, 815700K100","Rear Tail Light, 815700K100, Material: Plastic and metal, cardboard box","Lanterna traseira, 815700K100",Material: Plastic and metal,Material: Plástico e metal,cardboard box,caixa de papelão,,,,0.0,,Individual Size xxCM,Manutenção automotiva,Em veículos automotores compatíveis,Revenda online,"160 - CHINA, REPÚBLICA POPULAR","Tianmen Fengcheng Trading Co. Ltd.
","Tianmen Fengcheng Trading Co. Ltd.
","Jingling Street, E-Commerce Industrial Park",S/N,Tianmen,Room 301,Hubei Province,"Lanterna traseira, 815700K100","Lanterna traseira, 815700K100",,,,,,,cadastro_fotos/514.png
515,Front License Plate Bracket  60950907,Manutenção automotiva,"Tianmen Fengcheng Trading Co. Ltd.
",,,,Suporte da placa dianteira 60950907,,,,25/03/2026 12:53,515,SKU 515,515,515,Front License Plate Bracket  60950907,"Front License Plate Bracket  60950907, Material: High-quality plastic, Individual Size 46x17x6CM, plastic bag",Suporte da placa dianteira 60950907,Material: High-quality plastic,Material: Plástico de alta qualidade,plastic bag,saco plástico,46.0,17.0,6.0,0.004692,,Individual Size 46x17x6CM,Manutenção automotiva,Em veículos automotores compatíveis,Revenda online,"160 - CHINA, REPÚBLICA POPULAR","Tianmen Fengcheng Trading Co. Ltd.
","Tianmen Fengcheng Trading Co. Ltd.
","Jingling Street, E-Commerce Industrial Park",S/N,Tianmen,Room 301,Hubei Province,Suporte da placa dianteira 60950907,Suporte da placa dianteira 60950907,,,,,,,cadastro_fotos/515.png
516-K,"Pair of hinges for car engine hood, 60170-TR0-A00ZZ",Manutenção automotiva,"Tianmen Fengcheng Trading Co. Ltd.
",,,,"Par de dobradiças para capô de motor de carro, 60170-TR0-A00ZZ",,,,25/03/2026 12:53,516-K,SKU 516-K,516-K,516-K,"Pair of hinges for car engine hood, 60170-TR0-A00ZZ","Pair of hinges for car engine hood, 60170-TR0-A00ZZ, Material: Metal, plastic bag","Par de dobradiças para capô de motor de carro, 60170-TR0-A00ZZ",Material: Metal,Material: Metal,plastic bag,saco plástico,,,,0.0,,Individual Size xxCM,Manutenção automotiva,Em veículos automotores compatíveis,Revenda online,"160 - CHINA, REPÚBLICA POPULAR","Tianmen Fengcheng Trading Co. Ltd.
","Tianmen Fengcheng Trading Co. Ltd.
","Jingling Street, E-Commerce Industrial Park",S/N,Tianmen,Room 301,Hubei Province,"Par de dobradiças para capô de motor de carro, 60170-TR0-A00ZZ","Par de dobradiças para capô de motor de carro, 60170-TR0-A00ZZ",,,,,,,cadastro_fotos/516-K.png
517-K,"Pair of front bumper brackets, 
86514-3X000",Manutenção automotiva,"Tianmen Fengcheng Trading Co. Ltd.
",,,,"Par de suportes do para-choque dianteiro, 
86514-3X000",,,,25/03/2026 12:53,517-K,SKU 517-K,517-K,517-K,"Pair of front bumper brackets, 
86514-3X000","Pair of front bumper brackets, 
86514-3X000, Material: Plastic ABS, plastic bag","Par de suportes do para-choque dianteiro, 
86514-3X000",Material: Plastic ABS,Material: Plástico ABS,plastic bag,saco plástico,,,,0.0,,Individual Size xxCM,Manutenção automotiva,Em veículos automotores compatíveis,Revenda online,"160 - CHINA, REPÚBLICA POPULAR","Tianmen Fengcheng Trading Co. Ltd.
","Tianmen Fengcheng Trading Co. Ltd.
","Jingling Street, E-Commerce Industrial Park",S/N,Tianmen,Room 301,Hubei Province,"Par de suportes do para-choque dianteiro, 
86514-3X000","Par de suportes do para-choque dianteiro, 
86514-3X000",,,,,,,cadastro_fotos/517-K.png
518-K,"Pair of front bumper brackets, 71198-SWA-003",Manutenção automotiva,"Tianmen Fengcheng Trading Co. Ltd.
",,,,"Par de suportes do para-choque dianteiro, 71198-SWA-003",,,,25/03/2026 12:53,518-K,SKU 518-K,518-K,518-K,"Pair of front bumper brackets, 71198-SWA-003","Pair of front bumper brackets, 71198-SWA-003, Material: Plastic ABS, plastic bag","Par de suportes do para-choque dianteiro, 71198-SWA-003",Material: Plastic ABS,Material: Plástico ABS,plastic bag,saco plástico,,,,0.0,,Individual Size xxCM,Manutenção automotiva,Em veículos automotores compatíveis,Revenda online,"160 - CHINA, REPÚBLICA POPULAR","Tianmen Fengcheng Trading Co. Ltd.
","Tianmen Fengcheng Trading Co. Ltd.
","Jingling Street, E-Commerce Industrial Park",S/N,Tianmen,Room 301,Hubei Province,"Par de suportes do para-choque dianteiro, 71198-SWA-003","Par de suportes do para-choque dianteiro, 71198-SWA-003",,,,,,,cadastro_fotos/518-K.png
519,"Car Window Switch, 4602544AG",Manutenção automotiva,"Tianmen Fengcheng Trading Co. Ltd.
",,,,"Interruptor do vidro do carro, 4602544AG",,,,25/03/2026 12:53,519,SKU 519,519,519,"Car Window Switch, 4602544AG ","Car Window Switch, 4602544AG , Material: Plastic and metal, cardboard box","Interruptor do vidro do carro, 4602544AG",Material: Plastic and metal,Material: Plástico e metal,cardboard box,caixa de papelão,,,,0.0,,Individual Size xxCM,Manutenção automotiva,Em veículos automotores compatíveis,Revenda online,"160 - CHINA, REPÚBLICA POPULAR","Tianmen Fengcheng Trading Co. Ltd.
","Tianmen Fengcheng Trading Co. Ltd.
","Jingling Street, E-Commerce Industrial Park",S/N,Tianmen,Room 301,Hubei Province,"Interruptor do vidro do carro, 4602544AG","Interruptor do vidro do carro, 4602544AG",,,,,,,cadastro_fotos/519.png
52,Motorcycle starter motor,Manutenção automotiva,"Tianmen Fengcheng Trading Co. Ltd.
",166.46,24.0,,"Motor de arranque para motocicleta, Material: Metal, Tamanho individual 9x16,5x9CM, caixa de papelão",MLB1987802723,MLB1987802723|MLB1987809522|MLB4104078305|MLB4335219706,4.0,25/03/2026 12:53,52,SKU 52,52,"KT200-250-300
SKU:52",Motorcycle starter motor,"Motorcycle starter motor, Material: Metal, Individual Size 9x16,5x9CM, cardboard box","Motor de arranque para motocicleta, Material: Metal, Tamanho individual 9x16,5x9CM, caixa de papelão",Material: Metal,Material: Metal,cardboard box,caixa de papelão,9.0,16.5,9.0,0.0013365,,"Individual Size 9x16,5x9CM",Manutenção automotiva,Em veículos automotores compatíveis,Revenda online,"160 - CHINA, REPÚBLICA POPULAR","Tianmen Fengcheng Trading Co. Ltd.
","Tianmen Fengcheng Trading Co. Ltd.
","Jingling Street, E-Commerce Industrial Park",S/N,Tianmen,Room 301,Hubei Province,motor de arranque da motocicleta,"Motor de arranque para motocicleta, Material: Metal, Tamanho individual 9x16,5x9CM, caixa de papelão",Motor Arranque Partida Ktm 2t 250 300 Exc 55140001100 410w || Motor Partida Arranque Ktm 2t 250 300 Exc 55140001100 410w || Motor Partida Ktm 2t Exc 200 300 Xcw 250 300 410 Watts || Motor Partida Ktm 2t Exc 200 300 Xcw 250 300 Novo,7892793410356|7895141629233|7895141633964,"R$ 23,65",Clássico,166.46,24.0,cadastro_fotos/52.png
52-1,Motorcycle starter motor,Manutenção automotiva,"Tianmen Fengcheng Trading Co. Ltd.
",130.46,24.0,,"Motor de arranque para motocicleta, Material: Metal, Tamanho individual 9x16,5x9CM, caixa de papelão",MLB4761872520,MLB4761872520|MLB4762006540,2.0,25/03/2026 12:53,52-1,SKU 52-1,52-1,55440001000,Motorcycle starter motor,"Motorcycle starter motor, Material: Metal, Individual Size 9x16,5x9CM, cardboard box","Motor de arranque para motocicleta, Material: Metal, Tamanho individual 9x16,5x9CM, caixa de papelão",Material: Metal,Material: Metal,cardboard box,caixa de papelão,9.0,16.5,9.0,0.0013365,,"Individual Size 9x16,5x9CM",Manutenção automotiva,Em veículos automotores compatíveis,Revenda online,"160 - CHINA, REPÚBLICA POPULAR","Tianmen Fengcheng Trading Co. Ltd.
","Tianmen Fengcheng Trading Co. Ltd.
","Jingling Street, E-Commerce Industrial Park",S/N,Tianmen,Room 301,Hubei Province,motor de arranque da motocicleta,"Motor de arranque para motocicleta, Material: Metal, Tamanho individual 9x16,5x9CM, caixa de papelão",Motor Arranque Partida Ktm 2 Tempo 250 300 17-20 || Motor Arranque Partida Ktm 2 Tempo Ktm 250 Xc Ktm 300 Xc,7895141639041,"R$ 23,65",Clássico|Premium,130.46,24.0,cadastro_fotos/52-1.png
520-1,"Car Window Switch, A2229056800",Manutenção automotiva,"Tianmen Fengcheng Trading Co. Ltd.
",,,,"Interruptor do vidro do carro, A2229056800",,,,25/03/2026 12:53,520-1,SKU 520-1,520-1,520-1,"Car Window Switch, A2229056800 ","Car Window Switch, A2229056800 , Material: Plastic and metal, cardboard box","Interruptor do vidro do carro, A2229056800",Material: Plastic and metal,Material: Plástico e metal,cardboard box,caixa de papelão,,,,0.0,,Individual Size xxCM,Manutenção automotiva,Em veículos automotores compatíveis,Revenda online,"160 - CHINA, REPÚBLICA POPULAR","Tianmen Fengcheng Trading Co. Ltd.
","Tianmen Fengcheng Trading Co. Ltd.
","Jingling Street, E-Commerce Industrial Park",S/N,Tianmen,Room 301,Hubei Province,"Interruptor do vidro do carro, A2229056800","Interruptor do vidro do carro, A2229056800",,,,,,,cadastro_fotos/520-1.png
520-2,"Car Window Switch, A2059056811",Manutenção automotiva,"Tianmen Fengcheng Trading Co. Ltd.
",,,,"Interruptor do vidro do carro, A2059056811",,,,25/03/2026 12:53,520-2,SKU 520-2,520-2,520-2,"Car Window Switch, A2059056811","Car Window Switch, A2059056811, Material: Plastic and metal, cardboard box","Interruptor do vidro do carro, A2059056811",Material: Plastic and metal,Material: Plástico e metal,cardboard box,caixa de papelão,,,,0.0,,Individual Size xxCM,Manutenção automotiva,Em veículos automotores compatíveis,Revenda online,"160 - CHINA, REPÚBLICA POPULAR","Tianmen Fengcheng Trading Co. Ltd.
","Tianmen Fengcheng Trading Co. Ltd.
","Jingling Street, E-Commerce Industrial Park",S/N,Tianmen,Room 301,Hubei Province,"Interruptor do vidro do carro, A2059056811","Interruptor do vidro do carro, A2059056811",,,,,,,cadastro_fotos/520-2.png
520-3,"Car Window Switch, A2059056811",Manutenção automotiva,"Tianmen Fengcheng Trading Co. Ltd.
",,,,"Interruptor do vidro do carro, A2059056811",,,,25/03/2026 12:53,520-3,SKU 520-3,520-3,520-3,"Car Window Switch, A2059056811","Car Window Switch, A2059056811, Material: Plastic and metal, cardboard box","Interruptor do vidro do carro, A2059056811",Material: Plastic and metal,Material: Plástico e metal,cardboard box,caixa de papelão,,,,0.0,,Individual Size xxCM,Manutenção automotiva,Em veículos automotores compatíveis,Revenda online,"160 - CHINA, REPÚBLICA POPULAR","Tianmen Fengcheng Trading Co. Ltd.
","Tianmen Fengcheng Trading Co. Ltd.
","Jingling Street, E-Commerce Industrial Park",S/N,Tianmen,Room 301,Hubei Province,"Interruptor do vidro do carro, A2059056811","Interruptor do vidro do carro, A2059056811",,,,,,,cadastro_fotos/520-3.png
521,"Cooling Water Tube, 80A121081S",Manutenção automotiva,"Tianmen Fengcheng Trading Co. Ltd.
",,,,"Tubo de água de refrigeração, 80A121081S",,,,25/03/2026 12:53,521,SKU 521,521,521,"Cooling Water Tube, 80A121081S","Cooling Water Tube, 80A121081S, Material: Plastic, plastic bag","Tubo de água de refrigeração, 80A121081S",Material: Plastic,Material: Plástico,plastic bag,saco plástico,,,,0.0,,Individual Size xxCM,Manutenção automotiva,Em veículos automotores compatíveis,Revenda online,"160 - CHINA, REPÚBLICA POPULAR","Tianmen Fengcheng Trading Co. Ltd.
","Tianmen Fengcheng Trading Co. Ltd.
","Jingling Street, E-Commerce Industrial Park",S/N,Tianmen,Room 301,Hubei Province,"Tubo de água de refrigeração, 80A121081S","Tubo de água de refrigeração, 80A121081S",,,,,,,cadastro_fotos/521.png
53,Air filter duct hose,Manutenção automotiva,"Tianmen Fengcheng Trading Co. Ltd.
",28.67,24.0,,"Mangueira do duto do filtro de ar, Material: Plástico, borracha e metal, Tamanho individual 27,5x22x10CM, caixa de papelão",MLB2043212082,MLB2043212082|MLB2043231421|MLB2928702784|MLB2928792686|MLB2928799512,5.0,25/03/2026 12:53,53,SKU 53,53,"16576ET00A
SKU: 53",Air filter duct hose,"Air filter duct hose,  Material: Plastic  rubber and metal, Individual Size 27,5x22x10CM, cardboard box","Mangueira do duto do filtro de ar, Material: Plástico, borracha e metal, Tamanho individual 27,5x22x10CM, caixa de papelão", Material: Plastic  rubber and metal,"Material: Plástico, borracha e metal",cardboard box,caixa de papelão,27.5,22.0,10.0,0.00605,6,"Individual Size 27,5x22x10CM",Manutenção automotiva,Em veículos automotores compatíveis,Revenda online,"160 - CHINA, REPÚBLICA POPULAR","Tianmen Fengcheng Trading Co. Ltd.
","Tianmen Fengcheng Trading Co. Ltd.
","Jingling Street, E-Commerce Industrial Park",S/N,Tianmen,Room 301,Hubei Province,mangueira do duto do filtro de ar,"Mangueira do duto do filtro de ar, Material: Plástico, borracha e metal, Tamanho individual 27,5x22x10CM, caixa de papelão",Mangueira Filtro Ar Tbi Nissan Sentra 1.8 16v 2007 Ate 2013 || Mangueira Filtro Ar Tbi Nissan Sentra 1.8 2.0 2007-2013 || Mangueira Filtro Ar Tbi Nissan Sentra 1.8 2.0 2010 2011 2012 || Mangueira Filtro Ar Tbi Nissan Sentra 2.0 2010 2011 2012 || Mangueira Filtro De Ar Nissan Sentra 2.0 16v 08/14,789123400224|7892840812447|7895141631830,"R$ 15,75|R$ 18,35|R$ 8,15|R$ 8,55",Clássico,28.67,24.0,cadastro_fotos/53.png
55,Bearing for vehicle suspension,Manutenção automotiva,"Tianmen Fengcheng Trading Co. Ltd.
",148.85,24.0,,"Rolamento para suspensão de veículos, Material: Borracha e metal, Tamanho individual 15x15x15cm, caixa de papelão",,,,25/03/2026 12:53,55,SKU 55,55,SKU 55,Bearing for vehicle suspension,"Bearing for vehicle suspension,  Material: Rubber and metal, Individual Size 15x15x15CM, cardboard box","Rolamento para suspensão de veículos, Material: Borracha e metal, Tamanho individual 15x15x15cm, caixa de papelão", Material: Rubber and metal,Material: Borracha e metal,cardboard box,caixa de papelão,15.0,15.0,15.0,0.003375,,Individual Size 15x15x15CM,Manutenção automotiva,Em veículos automotores compatíveis,Revenda online,"160 - CHINA, REPÚBLICA POPULAR","Tianmen Fengcheng Trading Co. Ltd.
","Tianmen Fengcheng Trading Co. Ltd.
","Jingling Street, E-Commerce Industrial Park",S/N,Tianmen,Room 301,Hubei Province,Rolamento para suspensão de veículo,"Rolamento para suspensão de veículos, Material: Borracha e metal, Tamanho individual 15x15x15cm, caixa de papelão",,,,,148.85,24.0,cadastro_fotos/55.png
59,Vehicle Throttle Position Sensor,Manutenção automotiva,"Tianmen Fengcheng Trading Co. Ltd.
",21.56,24.0,,"Sensor de posição do acelerador para veículos, Material: Plástico e metal, Dimensões individuais: 8x6,5x3,5 cm, Caixa de papelão",MLB2049037465,MLB2049037465|MLB2049089564|MLB2981545786|MLB2981782049|MLB4445536326,5.0,25/03/2026 12:53,59,SKU 59,59,"THST0017
SKU:59",Vehicle Throttle Position Sensor,"Vehicle Throttle Position Sensor,  Material: Plastic and metal, Individual Size 8x6,5x3,5CM, cardboard box","Sensor de posição do acelerador para veículos, Material: Plástico e metal, Dimensões individuais: 8x6,5x3,5 cm, Caixa de papelão", Material: Plastic and metal,Material: Plástico e metal,cardboard box,caixa de papelão,8.0,6.5,3.5,0.000182,51,"Individual Size 8x6,5x3,5CM",Manutenção automotiva,Em veículos automotores compatíveis,Revenda online,"160 - CHINA, REPÚBLICA POPULAR","Tianmen Fengcheng Trading Co. Ltd.
","Tianmen Fengcheng Trading Co. Ltd.
","Jingling Street, E-Commerce Industrial Park",S/N,Tianmen,Room 301,Hubei Province,Sensor de posição do acelerador do veículo,"Sensor de posição do acelerador para veículos, Material: Plástico e metal, Dimensões individuais: 8x6,5x3,5 cm, Caixa de papelão",Sensor Posição Borboleta Tps Honda Accord Civic Cr-v Prelude || Sensor Tps Posição Borboleta Honda Civic 1992 93 94 A 2000 || Sensor Tps Posição Borboleta Honda Civic 92 93 94 95 96 4376 || Sensor Tps Posição Borboleta Honda Civic 96 97 98 99 00 || Sensor Tps Posição Borboleta Honda Civic Accord Crv Prelude,7895139519157|7895141629370,"R$ 18,45|R$ 19,85|R$ 7,75",Clássico|Premium,21.56,24.0,cadastro_fotos/59.png
60,Motorcycle side emblem,Manutenção automotiva,"Tianmen Fengcheng Trading Co. Ltd.
",9.72,24.0,,"Emblema lateral para motocicleta, Material: Plástico, caixa de papelão",,,,25/03/2026 12:53,60,SKU 60,60,SKU 60,Motorcycle side emblem,"Motorcycle side emblem,  Material: Plastic, cardboard box","Emblema lateral para motocicleta, Material: Plástico, caixa de papelão", Material: Plastic,Material: Plástico,cardboard box,caixa de papelão,,,,0.0,,Individual Size xxCM,Manutenção automotiva,Em veículos automotores compatíveis,Revenda online,"160 - CHINA, REPÚBLICA POPULAR","Tianmen Fengcheng Trading Co. Ltd.
","Tianmen Fengcheng Trading Co. Ltd.
","Jingling Street, E-Commerce Industrial Park",S/N,Tianmen,Room 301,Hubei Province,emblema lateral da motocicleta,"Emblema lateral para motocicleta, Material: Plástico, caixa de papelão",,,,,9.72,24.0,cadastro_fotos/60.png
60-K4,,,,9.72,24.0,,,,,,25/03/2026 12:53,60-K4,,,,,,,,,,,,,,,,,,,,,,,,,,,,,,,,,,9.72,24.0,
61,Vehicle fuel tank cap support,Manutenção automotiva,"Tianmen Fengcheng Trading Co. Ltd.
",22.46,24.0,,"Suporte para tampa do tanque de combustível do veículo, Material: Plástico, Tamanho individual 19x6x5CM, caixa de papelão",MLB2026743334,MLB2026743334|MLB3557236595|MLB3557326171|MLB5720915150,4.0,25/03/2026 12:53,61,SKU 61,61,SKU 61,Vehicle fuel tank cap support,"Vehicle fuel tank cap support,  Material: Plastic, Individual Size 19x6x5CM, cardboard box","Suporte para tampa do tanque de combustível do veículo, Material: Plástico, Tamanho individual 19x6x5CM, caixa de papelão", Material: Plastic,Material: Plástico,cardboard box,caixa de papelão,19.0,6.0,5.0,0.00057,65,Individual Size 19x6x5CM,Manutenção automotiva,Em veículos automotores compatíveis,Revenda online,"160 - CHINA, REPÚBLICA POPULAR","Tianmen Fengcheng Trading Co. Ltd.
","Tianmen Fengcheng Trading Co. Ltd.
","Jingling Street, E-Commerce Industrial Park",S/N,Tianmen,Room 301,Hubei Province,suporte da tampa do tanque de combustível do veículo,"Suporte para tampa do tanque de combustível do veículo, Material: Plástico, Tamanho individual 19x6x5CM, caixa de papelão",Suporte Tampa Tanque Focus 2009... 2014 2015 2016 2017 2019 Preto || Suporte Tampa Tanque Ford Focus 2009 Á 2019 || Suporte Tampa Tanque Ford Focus 2009 Á 2019 Preto || Suporte Tampa Tanque Ford Focus 2009-2019,7895139519133|7895141633995|7895141634008|7895141650213,"R$ 16,45|R$ 17,65|R$ 7,95",Clássico|Premium,22.46,24.0,cadastro_fotos/61.png
62,Automatic Transmission Shift Lever for Vehicle,Manutenção automotiva,"Tianmen Fengcheng Trading Co. Ltd.
",36.93,24.0,,"Alavanca de câmbio automática para veículo, Material: Plástico ABS, Dimensões individuais: 12,5 x 6,5 x 5,5 cm, Embalagem em caixa de papelão",MLB1987841102,MLB1987841102|MLB1987841103|MLB1987848106|MLB2982339511|MLB3381044631,5.0,25/03/2026 12:53,62,SKU 62,62,"GSK77
SKU:62",Automatic Transmission Shift Lever for Vehicle,"Automatic Transmission Shift Lever for Vehicle, Material: Plastic ABS, Individual Size 12,5x6,5x5,5CM, cardboard box","Alavanca de câmbio automática para veículo, Material: Plástico ABS, Dimensões individuais: 12,5 x 6,5 x 5,5 cm, Embalagem em caixa de papelão",Material: Plastic ABS,Material: Plástico ABS,cardboard box,caixa de papelão,12.5,6.5,5.5,0.000446875,139,"Individual Size 12,5x6,5x5,5CM",Manutenção automotiva,Em veículos automotores compatíveis,Revenda online,"160 - CHINA, REPÚBLICA POPULAR","Tianmen Fengcheng Trading Co. Ltd.
","Tianmen Fengcheng Trading Co. Ltd.
","Jingling Street, E-Commerce Industrial Park",S/N,Tianmen,Room 301,Hubei Province,Alavanca de câmbio automática para veículo,"Alavanca de câmbio automática para veículo, Material: Plástico ABS, Dimensões individuais: 12,5 x 6,5 x 5,5 cm, Embalagem em caixa de papelão",Manopla Cambio Automatico Ford Focus 09 2010 2011 2012 2013 Preto || Manopla Cambio Automatico Ford Focus 2009 A 2013 Preto || Manopla Cambio Automatico Ford Focus Fiesta 05-12 Preto || Manopla Cambio Automatico Ford Focus Fiesta 05/12 Preto || Manopla Câmbio Automático Ford Focus 2009 2010 2011 12 Capa Preto,7895139519126|7899248140073,"R$ 18,45",Clássico|Premium,36.93,24.0,cadastro_fotos/62.png
66,Fuel filter for vehicle fuel pump assembly,Manutenção automotiva,"Tianmen Fengcheng Trading Co. Ltd.
",108.04,24.0,,"Filtro de combustível para conjunto da bomba de combustível do veículo, Material: Plástico e metal, Tamanho individual 21x15x15CM, caixa de papelão",MLB1988756796,MLB1988756796|MLB2982488710,2.0,25/03/2026 12:53,66,SKU 66,66,"LR036127
SKU 66",Fuel filter for vehicle fuel pump assembly,"Fuel filter for vehicle fuel pump assembly,  Material: Plastic and metal, Individual Size 21x15x15CM, cardboard box","Filtro de combustível para conjunto da bomba de combustível do veículo, Material: Plástico e metal, Tamanho individual 21x15x15CM, caixa de papelão", Material: Plastic and metal,Material: Plástico e metal,cardboard box,caixa de papelão,21.0,15.0,15.0,0.004725,,Individual Size 21x15x15CM,Manutenção automotiva,Em veículos automotores compatíveis,Revenda online,"160 - CHINA, REPÚBLICA POPULAR","Tianmen Fengcheng Trading Co. Ltd.
","Tianmen Fengcheng Trading Co. Ltd.
","Jingling Street, E-Commerce Industrial Park",S/N,Tianmen,Room 301,Hubei Province,Filtro de combustível para conjunto da bomba de combustível do veículo,"Filtro de combustível para conjunto da bomba de combustível do veículo, Material: Plástico e metal, Tamanho individual 21x15x15CM, caixa de papelão",Flange Tampa Bomba Combustivel Evoque 2.0 Freelander 2 3.2 || Tampa Bomba Combustível Evoque 2.0 Gasolina 2012 2013 2014,789123400224|7895139519119,"R$ 24,65",Clássico,108.04,24.0,cadastro_fotos/66.png
70,Freewheel for 4x4 vehicles 40260-1s700,Manutenção automotiva,"Tianmen Fengcheng Trading Co. Ltd.
",143.68,24.0,,"Roda livre para veículos 4x4 40260-1s700
, Material: Metal, Tamanho individual 11x12x8CM, caixa de papelão",MLB1988781236,MLB1988781236|MLB2928706612|MLB2928757624|MLB2928808856|MLB2928814459,5.0,25/03/2026 12:53,70,SKU 70,70,"40260-1S700  
SKU: 70","Freewheel for 4x4 vehicles 40260-1s700
","Freewheel for 4x4 vehicles 40260-1s700
, Material: Metal, Individual Size 11x12x8CM, cardboard box","Roda livre para veículos 4x4 40260-1s700
, Material: Metal, Tamanho individual 11x12x8CM, caixa de papelão",Material: Metal,Material: Metal,cardboard box,caixa de papelão,11.0,12.0,8.0,0.001056,12,Individual Size 11x12x8CM,Manutenção automotiva,Em veículos automotores compatíveis,Revenda online,"160 - CHINA, REPÚBLICA POPULAR","Tianmen Fengcheng Trading Co. Ltd.
","Tianmen Fengcheng Trading Co. Ltd.
","Jingling Street, E-Commerce Industrial Park",S/N,Tianmen,Room 301,Hubei Province,"Roda livre para veículos 4x4 40260-1s700
","Roda livre para veículos 4x4 40260-1s700
, Material: Metal, Tamanho individual 11x12x8CM, caixa de papelão","Roda Livre Automatica Original Frontier - 2.8 Preto || Roda Livre Automática Nissan Frontier X-terra D22 Pick Up Preto || Roda Livre Automática Nissan Frontier X-terra D22 Pickup Preto || Roda Livre Automática Nissan Frontier X-terra Navara D22, Preto || Roda Livre Automática Nissan Frontier Xterra D22 Pick Up Preto",7895139519096|7895141650220,"R$ 24,65",Premium,143.68,24.0,cadastro_fotos/70.png
70-K,,,,287.36,24.0,,,MLB1988792599,MLB1988792599|MLB2928875422|MLB3551783947,3.0,25/03/2026 12:53,70-K,,,,,,,,,,,,,,,,,,,,,,,,,,,,,,Par De Roda Livre Automatica Original Frontier 402601s700 Preto || Par Roda Livre Automática Nissan Frontier X-terra Navara 2pç || Par Roda Livre Automática Nissan Frontier X-terra Pick Up Preto,7895139519102|7905009867674,"R$ 24,65|R$ 26,25",Clássico,287.36,24.0,
71,Vehicle handbrake handle,Manutenção automotiva,"Tianmen Fengcheng Trading Co. Ltd.
",17.21,24.0,,"Alavanca do freio de mão do veículo, Material: Plástico, Tamanho individual 15x7x5CM, caixa de papelão",MLB2026788344,MLB2026788344|MLB2026820566|MLB3373224124|MLB3557424429,4.0,25/03/2026 12:53,71,SKU 71,71,SKU 71,Vehicle handbrake handle,"Vehicle handbrake handle,  Material: Plastic, Individual Size 15x7x5CM, cardboard box","Alavanca do freio de mão do veículo, Material: Plástico, Tamanho individual 15x7x5CM, caixa de papelão", Material: Plastic,Material: Plástico,cardboard box,caixa de papelão,15.0,7.0,5.0,0.000525,,Individual Size 15x7x5CM,Manutenção automotiva,Em veículos automotores compatíveis,Revenda online,"160 - CHINA, REPÚBLICA POPULAR","Tianmen Fengcheng Trading Co. Ltd.
","Tianmen Fengcheng Trading Co. Ltd.
","Jingling Street, E-Commerce Industrial Park",S/N,Tianmen,Room 301,Hubei Province,alavanca do freio de mão do veículo,"Alavanca do freio de mão do veículo, Material: Plástico, Tamanho individual 15x7x5CM, caixa de papelão",Alavanca Freio De Mão Honda New Civic 2007-2011 Original || Kit Alavanca Manopla Freio De Mão Honda New Civic Si 2007-11 || Kit Capa Do Freio De Mão Honda New Civic 2006 A 2011 Full || Manopla Alavanca Manete Freio De Mao Honda New Civic,7895139519089|7895141634022,"R$ 13,25|R$ 7,75|R$ 7,85",Clássico|Premium,17.21,24.0,cadastro_fotos/71.png
78,Water pump DC 24V,Manutenção automotiva,"Tianmen Fengcheng Trading Co. Ltd.
",28.8,24.0,,"Bomba de água DC 24V, Material: Plástico e metal, Dimensões individuais: 9x7x6cm, Caixa de papelão",-,-,1.0,25/03/2026 12:53,78,SKU 78,78,"AW500S/24
SKU:78",Water pump DC 24V,"Water pump DC 24V,  Material: Plastic and metal, Individual Size 9x7x6CM, cardboard box","Bomba de água DC 24V, Material: Plástico e metal, Dimensões individuais: 9x7x6cm, Caixa de papelão", Material: Plastic and metal,Material: Plástico e metal,cardboard box,caixa de papelão,9.0,7.0,6.0,0.000378,225,Individual Size 9x7x6CM,Manutenção automotiva,Em veículos automotores compatíveis,Revenda online,"160 - CHINA, REPÚBLICA POPULAR","Tianmen Fengcheng Trading Co. Ltd.
","Tianmen Fengcheng Trading Co. Ltd.
","Jingling Street, E-Commerce Industrial Park",S/N,Tianmen,Room 301,Hubei Province,Bomba de água DC 24V,"Bomba de água DC 24V, Material: Plástico e metal, Dimensões individuais: 9x7x6cm, Caixa de papelão",-,7895141626010|7895141629059|7895141633773,-,-,28.8,24.0,cadastro_fotos/78.png
79,Water pump DC 12V,Manutenção automotiva,"Tianmen Fengcheng Trading Co. Ltd.
",28.39,24.0,,"Bomba de água DC 12V, Material: Plástico e metal, Dimensões individuais: 9x7x6cm, Caixa de papelão",-,-,1.0,25/03/2026 12:53,79,SKU 79,79," AW500S/12
SKU:79",Water pump DC 12V,"Water pump DC 12V,  Material: Plastic and metal, Individual Size 9x7x6CM, cardboard box","Bomba de água DC 12V, Material: Plástico e metal, Dimensões individuais: 9x7x6cm, Caixa de papelão", Material: Plastic and metal,Material: Plástico e metal,cardboard box,caixa de papelão,9.0,7.0,6.0,0.000378,225,Individual Size 9x7x6CM,Manutenção automotiva,Em veículos automotores compatíveis,Revenda online,"160 - CHINA, REPÚBLICA POPULAR","Tianmen Fengcheng Trading Co. Ltd.
","Tianmen Fengcheng Trading Co. Ltd.
","Jingling Street, E-Commerce Industrial Park",S/N,Tianmen,Room 301,Hubei Province,Bomba de água DC 12V,"Bomba de água DC 12V, Material: Plástico e metal, Dimensões individuais: 9x7x6cm, Caixa de papelão",-,"7891234000224,7895139518761|7895139518761|7895139519072|7895141626010|7895141629066|7895141633773",-,-,28.39,24.0,cadastro_fotos/79.png
008,Car roof antenna base,Manutenção automotiva,"Tianmen Fengcheng Trading Co. Ltd.
",12.42,24.0,,"Base para antena de teto de carro, Material: Plástico e metal, Tamanho individual 7x3,5x3,5 cm, caixa de papelão",,,,25/03/2026 12:53,8,SKU 008,008,95GP18828AF,Car roof antenna base,"Car roof antenna base,  Material: Plastic and metal , Individual Size 7x3,5x3,5CM, cardboard box","Base para antena de teto de carro, Material: Plástico e metal, Tamanho individual 7x3,5x3,5 cm, caixa de papelão", Material: Plastic and metal ,Material: Plástico e metal,cardboard box,caixa de papelão,7.0,3.5,3.5,8.575e-05,35,"Individual Size 7x3,5x3,5CM",Manutenção automotiva,Em veículos automotores compatíveis,Revenda online,"160 - CHINA, REPÚBLICA POPULAR","Tianmen Fengcheng Trading Co. Ltd.
","Tianmen Fengcheng Trading Co. Ltd.
","Jingling Street, E-Commerce Industrial Park",S/N,Tianmen,Room 301,Hubei Province,base da antena do teto do carro,"Base para antena de teto de carro, Material: Plástico e metal, Tamanho individual 7x3,5x3,5 cm, caixa de papelão",,,,,12.42,24.0,cadastro_fotos/008.png
80,Vehicle Thermostatic Valve,Manutenção automotiva,"Tianmen Fengcheng Trading Co. Ltd.
",78.35,24.0,,"Válvula termostática para veículo, Material: Plástico e metal, Dimensões individuais: 12,5 x 10,5 x 9,5 cm, Caixa de papelão",MLB1988927706,MLB1988927706,1.0,25/03/2026 12:53,80,SKU 80,80,LR006071,Vehicle Thermostatic Valve,"Vehicle Thermostatic Valve,  Material: Plastic and metal, Individual Size 12,5x10,5x9,5CM, cardboard box","Válvula termostática para veículo, Material: Plástico e metal, Dimensões individuais: 12,5 x 10,5 x 9,5 cm, Caixa de papelão", Material: Plastic and metal,Material: Plástico e metal,cardboard box,caixa de papelão,12.5,10.5,9.5,0.001246875,,"Individual Size 12,5x10,5x9,5CM",Manutenção automotiva,Em veículos automotores compatíveis,Revenda online,"160 - CHINA, REPÚBLICA POPULAR","Tianmen Fengcheng Trading Co. Ltd.
","Tianmen Fengcheng Trading Co. Ltd.
","Jingling Street, E-Commerce Industrial Park",S/N,Tianmen,Room 301,Hubei Province,Válvula termostática do veículo,"Válvula termostática para veículo, Material: Plástico e metal, Dimensões individuais: 12,5 x 10,5 x 9,5 cm, Caixa de papelão",Carcaça C/ Valvula Termostatica Volvo Xc60 V60 Freelander 2,7895139519058,"R$ 20,95",Premium,78.35,24.0,cadastro_fotos/80.png
81,Vehicle lamp D4R 6000K 35W 12V,Manutenção automotiva,"Tianmen Fengcheng Trading Co. Ltd.
",19.48,24.0,,"Lâmpada automotiva D4R 6000K 35W 12V, Material: Plástico, vidro e metal, Tamanho individual 9x4x4CM, caixa de papelão",MLB2031655802,MLB2031655802|MLB2087259778|MLB2087277360,3.0,25/03/2026 12:53,81,SKU 81,81,SKU 81,Vehicle lamp D4R 6000K 35W 12V,"Vehicle lamp D4R 6000K 35W 12V,  Material: Plastic glass and metal, Individual Size 9x4x4CM, cardboard box","Lâmpada automotiva D4R 6000K 35W 12V, Material: Plástico, vidro e metal, Tamanho individual 9x4x4CM, caixa de papelão", Material: Plastic glass and metal,"Material: Plástico, vidro e metal",cardboard box,caixa de papelão,9.0,4.0,4.0,0.000144,,Individual Size 9x4x4CM,Manutenção automotiva,Em veículos automotores compatíveis,Revenda online,"160 - CHINA, REPÚBLICA POPULAR","Tianmen Fengcheng Trading Co. Ltd.
","Tianmen Fengcheng Trading Co. Ltd.
","Jingling Street, E-Commerce Industrial Park",S/N,Tianmen,Room 301,Hubei Province,Lâmpada automotiva D4R 6000K 35W 12V,"Lâmpada automotiva D4R 6000K 35W 12V, Material: Plástico, vidro e metal, Tamanho individual 9x4x4CM, caixa de papelão",Lampada Xenon D4r 35w 6000k Corolla Camry Hilux Subar 1un || Lampada Xenon D4s Ou D4r 35w 6000k Corolla Camry Hilux Subar || Lâmpada D4r Xenon Original Toyota Corolla Seg Alti 6000k 1un,7895139519041|7897073130764,"R$ 18,45|R$ 20,95",Clássico|Premium,19.48,24.0,cadastro_fotos/81.png
81-K,Pair of D4R 6000K 35W 12V automotive bulbs,Manutenção automotiva,"Tianmen Fengcheng Trading Co. Ltd.
",38.23,24.0,,"Par de lâmpadas automotivas D4R 6000K 35W 12V, Material: Plástico, vidro e metal, Tamanho individual 9x8x4CM, caixa de papelão",MLB3124015905,MLB3124015905|MLB3124052019|MLB3680635594|MLB4481241058|MLB4481253760,5.0,25/03/2026 12:53,81-K,SKU 81-K,81-K,SKU 81,Pair of D4R 6000K 35W 12V automotive bulbs,"Pair of D4R 6000K 35W 12V automotive bulbs,  Material: Plastic glass and metal, Individual Size 9x8x4CM, cardboard box","Par de lâmpadas automotivas D4R 6000K 35W 12V, Material: Plástico, vidro e metal, Tamanho individual 9x8x4CM, caixa de papelão", Material: Plastic glass and metal,"Material: Plástico, vidro e metal",cardboard box,caixa de papelão,9.0,8.0,4.0,0.000288,,Individual Size 9x8x4CM,Manutenção automotiva,Em veículos automotores compatíveis,Revenda online,"160 - CHINA, REPÚBLICA POPULAR","Tianmen Fengcheng Trading Co. Ltd.
","Tianmen Fengcheng Trading Co. Ltd.
","Jingling Street, E-Commerce Industrial Park",S/N,Tianmen,Room 301,Hubei Province,Par de lâmpadas automotivas D4R 6000K 35W 12V,"Par de lâmpadas automotivas D4R 6000K 35W 12V, Material: Plástico, vidro e metal, Tamanho individual 9x8x4CM, caixa de papelão",Jogo 2 Lâmpada Xenon Farol Corolla Seg Altis D4r 6000k Toyot || Lampada D4r Xenon Original Toyota Corola Altis 6000k 2un || Original Lampada Xenon D4r Toyota Corolla Altis 2011 2012 13 || Par Lampada Xenon Corolla D4r 35w Altis Seg Original 6000k || Par Lâmpada D4r Xenon 12v 35w Toyota Corolla Altis 6000k,7895141622852|7895841081157|7898479160188,"R$ 18,45|R$ 20,95|R$ 23,65",Clássico|Premium,38.23,24.0,cadastro_fotos/81-K.jpg
82,Vehicle lamp D4R 4300K 35W 12V,Manutenção automotiva,"Tianmen Fengcheng Trading Co. Ltd.
",18.97,24.0,,"Lâmpada automotiva D4R 4300K ​​35W 12V, Material: Plástico, vidro e metal, Tamanho individual 9x4x4CM, caixa de papelão",MLB2068147397,MLB2068147397|MLB4586328416|MLB5415931218|MLB5416026190|MLB5416036662,5.0,25/03/2026 12:53,82,SKU 82,82,SKU 82,Vehicle lamp D4R 4300K 35W 12V,"Vehicle lamp D4R 4300K 35W 12V,  Material: Plastic glass and metal, Individual Size 9x4x4CM, cardboard box","Lâmpada automotiva D4R 4300K ​​35W 12V, Material: Plástico, vidro e metal, Tamanho individual 9x4x4CM, caixa de papelão", Material: Plastic glass and metal,"Material: Plástico, vidro e metal",cardboard box,caixa de papelão,9.0,4.0,4.0,0.000144,,Individual Size 9x4x4CM,Manutenção automotiva,Em veículos automotores compatíveis,Revenda online,"160 - CHINA, REPÚBLICA POPULAR","Tianmen Fengcheng Trading Co. Ltd.
","Tianmen Fengcheng Trading Co. Ltd.
","Jingling Street, E-Commerce Industrial Park",S/N,Tianmen,Room 301,Hubei Province,Lâmpada automotiva D4R 4300K ​​35W 12V,"Lâmpada automotiva D4R 4300K ​​35W 12V, Material: Plástico, vidro e metal, Tamanho individual 9x4x4CM, caixa de papelão",Lampada Xenon D4r Reposição 35w 4300k  Corolla Hilux || Lampada Xenon Original Toyota D4r Corolla 35w 12v 4300k 1un || Lâmpada D4r Xenon 12v 35w Toyota Corolla Altis 4300k,7895141637719|7897073130764,"R$ 12,35|R$ 18,45|R$ 20,95|R$ 7,75",Clássico|Premium,18.97,24.0,cadastro_fotos/82.png
82-K,Pair of Vehicle lamp D4R 4300K 35W 12V,Manutenção automotiva,"Tianmen Fengcheng Trading Co. Ltd.
",38.23,24.0,,"Par de lâmpadas automotivas D4R 4300K ​​35W 12V, Material: Plástico, vidro e metal, Tamanho individual 9x8x4CM, caixa de papelão",MLB2068200150,MLB2068200150|MLB2985989720|MLB2986034942,3.0,25/03/2026 12:53,82-K,SKU 82-K,82-K,SKU 82-K,Pair of Vehicle lamp D4R 4300K 35W 12V,"Pair of Vehicle lamp D4R 4300K 35W 12V,  Material: Plastic glass and metal, Individual Size 9x8x4CM, cardboard box","Par de lâmpadas automotivas D4R 4300K ​​35W 12V, Material: Plástico, vidro e metal, Tamanho individual 9x8x4CM, caixa de papelão", Material: Plastic glass and metal,"Material: Plástico, vidro e metal",cardboard box,caixa de papelão,9.0,8.0,4.0,0.000288,,Individual Size 9x8x4CM,Manutenção automotiva,Em veículos automotores compatíveis,Revenda online,"160 - CHINA, REPÚBLICA POPULAR","Tianmen Fengcheng Trading Co. Ltd.
","Tianmen Fengcheng Trading Co. Ltd.
","Jingling Street, E-Commerce Industrial Park",S/N,Tianmen,Room 301,Hubei Province,Par de lâmpadas automotivas D4R 4300K ​​35W 12V,"Par de lâmpadas automotivas D4R 4300K ​​35W 12V, Material: Plástico, vidro e metal, Tamanho individual 9x8x4CM, caixa de papelão",Lampada Xenon D4r 35w 4300k Corolla Camry Hilux Subaro 2un || Par Lampada Xenon Corolla D4r 35w 4300k Altis Seg Original || Par Lampada Xenon Corolla D4r 35w Altis Seg Original Toyota,7891234000224|7891991014779,"R$ 20,95|R$ 22,55",Premium,38.23,24.0,cadastro_fotos/82-K.jpg
94-1,Vehicle side sticker,Manutenção automotiva,"Tianmen Fengcheng Trading Co. Ltd.
",92.45,24.0,,"Adesivo lateral para veículo, Material: Plástico, Tamanho individual 18x5x4CM, caixa de papelão",,,,25/03/2026 12:53,94-1,SKU 94-1,94-1,SKU 94-1,Vehicle side sticker,"Vehicle side sticker, Material: Plastic, Individual Size 18x5x4CM, cardboard box","Adesivo lateral para veículo, Material: Plástico, Tamanho individual 18x5x4CM, caixa de papelão",Material: Plastic,Material: Plástico,cardboard box,caixa de papelão,18.0,5.0,4.0,0.00036,,Individual Size 18x5x4CM,Manutenção automotiva,Em veículos automotores compatíveis,Revenda online,"160 - CHINA, REPÚBLICA POPULAR","Tianmen Fengcheng Trading Co. Ltd.
","Tianmen Fengcheng Trading Co. Ltd.
","Jingling Street, E-Commerce Industrial Park",S/N,Tianmen,Room 301,Hubei Province,adesivo lateral do veículo,"Adesivo lateral para veículo, Material: Plástico, Tamanho individual 18x5x4CM, caixa de papelão",,,,,92.45,24.0,cadastro_fotos/94-1.png
94-2,,,,92.45,24.0,,,,,,25/03/2026 12:53,94-2,,,,,,,,,,,,,,,,,,,,,,,,,,,,,,,,,,92.45,24.0,
99,Tire Pressure Monitor Sensor TPMS Activation Tool,Manutenção automotiva,"Tianmen Fengcheng Trading Co. Ltd.
",18.16,24.0,,"Ferramenta de ativação do sensor TPMS (Monitor de Pressão dos Pneus), Material: Plástico e metal, Tamanho individual: 16x6x3cm, caixa de papelão",MLB2041012158,MLB2041012158|MLB2068217472|MLB2068228159|MLB2986429903|MLB3557539233,5.0,25/03/2026 12:53,99,SKU 99,99,"EL-50449
SKU:99",Tire Pressure Monitor Sensor TPMS Activation Tool,"Tire Pressure Monitor Sensor TPMS Activation Tool,  Material: Plastic and metal, Individual Size 16x6x3CM, cardboard box","Ferramenta de ativação do sensor TPMS (Monitor de Pressão dos Pneus), Material: Plástico e metal, Tamanho individual: 16x6x3cm, caixa de papelão", Material: Plastic and metal,Material: Plástico e metal,cardboard box,caixa de papelão,16.0,6.0,3.0,0.000288,12,Individual Size 16x6x3CM,Manutenção automotiva,Em veículos automotores compatíveis,Revenda online,"160 - CHINA, REPÚBLICA POPULAR","Tianmen Fengcheng Trading Co. Ltd.
","Tianmen Fengcheng Trading Co. Ltd.
","Jingling Street, E-Commerce Industrial Park",S/N,Tianmen,Room 301,Hubei Province,Ferramenta de ativação do sensor TPMS (Monitoramento da Pressão dos Pneus),"Ferramenta de ativação do sensor TPMS (Monitor de Pressão dos Pneus), Material: Plástico e metal, Tamanho individual: 16x6x3cm, caixa de papelão",Calibrador Sincronizador Fusion Fiesta Tpms Sensor Pneu Ford || Calibrador Sincronizador Tpms Sensor Pneu Ford Fusion - Edge || Calibrador Sincronizador Tpms Sensor Pneu Ford Fusion Edge || Ferramenta De Ativação Sensor Pressão Pneu Tpms Ford El50449 || Sincronizador Calibrador Tpms Sensor Pneu Ford Fusion Edge,7895139519010|7895141624511|7895141632035,"R$ 14,35|R$ 7,75|R$ 7,85",Clássico|Premium,18.16,24.0,cadastro_fotos/99.png
99-1,Tire Pressure Monitor Sensor TPMS Activation Tool,Manutenção automotiva,"Tianmen Fengcheng Trading Co. Ltd.
",17.99,24.0,,"Ferramenta de ativação do sensor TPMS (Monitor de Pressão dos Pneus), Material: Plástico e metal, Tamanho individual: 16x6x3cm, caixa de papelão",MLB3137138717,MLB3137138717|MLB3137145071|MLB3137151472|MLB3137151482|MLB3852698189|MLB4337875236,6.0,25/03/2026 12:53,99-1,SKU 99-1,99-1,"EL-50448
SKU:99-1",Tire Pressure Monitor Sensor TPMS Activation Tool,"Tire Pressure Monitor Sensor TPMS Activation Tool,  Material: Plastic and metal, Individual Size 16x6x3CM, cardboard box","Ferramenta de ativação do sensor TPMS (Monitor de Pressão dos Pneus), Material: Plástico e metal, Tamanho individual: 16x6x3cm, caixa de papelão", Material: Plastic and metal,Material: Plástico e metal,cardboard box,caixa de papelão,16.0,6.0,3.0,0.000288,12,Individual Size 16x6x3CM,Manutenção automotiva,Em veículos automotores compatíveis,Revenda online,"160 - CHINA, REPÚBLICA POPULAR","Tianmen Fengcheng Trading Co. Ltd.
","Tianmen Fengcheng Trading Co. Ltd.
","Jingling Street, E-Commerce Industrial Park",S/N,Tianmen,Room 301,Hubei Province,Ferramenta de ativação do sensor TPMS (Monitoramento da Pressão dos Pneus),"Ferramenta de ativação do sensor TPMS (Monitor de Pressão dos Pneus), Material: Plástico e metal, Tamanho individual: 16x6x3cm, caixa de papelão",Ativador Sensor Tpms Gm Chevrolet El-50448 S10 Cruze Onix || Calibrador Linha Gm Ativação Sensor Pneu Tpms El 50448 || Ferramenta Ativação Sensor Pressão Pneu Tpms Sincronizador || Ferramenta De Ativação Sensor Pressão Pneu Tpms Gm El 50448 || Sincronizador Calibrador Tpms Sensor Pneu Gm S10 Agile Onix || Sincronizador Calibrador Tpms Sensor Pneu Gm S10 Onix Agile,789123400224|7895141627789|7895141634053,"R$ 14,35|R$ 7,75|R$ 7,85",Clássico|Premium,17.99,24.0,cadastro_fotos/99-1.png
T417,,,,4.03,24.0,,,,,,25/03/2026 12:53,T417,,,,,,,,,,,,,,,,,,,,,,,,,,,,,,,,,,4.03,24.0,
TIK06,,,,,,,,MLB6000643338,MLB6000643338,1.0,25/03/2026 12:53,TIK06,,,,,,,,,,,,,,,,,,,,,,,,,,,,,,Talha Manual - 1 Tonelada - 10 Metros - Jst,7895141644229,"R$ 91,15",Premium,,,
